[26-Apr-2026 16:20:24 America/Sao_Paulo] PHP Warning:  Undefined array key "senha" in C:\xampp\htdocs\marcial_1_0\classes\functions.php on line 62
[26-Apr-2026 16:42:27 America/Sao_Paulo] PHP Warning:  Undefined array key "pnome_pessoa" in C:\xampp\htdocs\marcial_1_0\partials\_sidebar.php on line 27
[26-Apr-2026 16:42:27 America/Sao_Paulo] PHP Warning:  Undefined array key "snome_pessoa" in C:\xampp\htdocs\marcial_1_0\partials\_sidebar.php on line 27
[26-Apr-2026 16:42:27 America/Sao_Paulo] PHP Warning:  Undefined array key "c_sidebar" in C:\xampp\htdocs\marcial_1_0\partials\_sidebar.php on line 135
[26-Apr-2026 16:42:27 America/Sao_Paulo] PHP Warning:  Undefined array key "c_sidebar" in C:\xampp\htdocs\marcial_1_0\partials\_sidebar.php on line 206
[26-Apr-2026 16:42:27 America/Sao_Paulo] PHP Warning:  Undefined array key "c_sidebar" in C:\xampp\htdocs\marcial_1_0\partials\_sidebar.php on line 207
[26-Apr-2026 16:42:27 America/Sao_Paulo] PHP Warning:  Undefined array key "c_sidebar" in C:\xampp\htdocs\marcial_1_0\partials\_sidebar.php on line 208
[26-Apr-2026 16:42:27 America/Sao_Paulo] PHP Warning:  Undefined array key "c_sidebar" in C:\xampp\htdocs\marcial_1_0\partials\_sidebar.php on line 214
[26-Apr-2026 16:42:27 America/Sao_Paulo] PHP Warning:  Undefined array key "c_sidebar" in C:\xampp\htdocs\marcial_1_0\partials\_sidebar.php on line 215
[26-Apr-2026 16:42:27 America/Sao_Paulo] PHP Warning:  Undefined array key "c_sidebar" in C:\xampp\htdocs\marcial_1_0\partials\_sidebar.php on line 216
[26-Apr-2026 16:42:27 America/Sao_Paulo] PHP Warning:  Undefined array key "c_sidebar" in C:\xampp\htdocs\marcial_1_0\partials\_sidebar.php on line 219
[26-Apr-2026 16:42:27 America/Sao_Paulo] PHP Warning:  Undefined array key "c_sidebar" in C:\xampp\htdocs\marcial_1_0\partials\_sidebar.php on line 220
[26-Apr-2026 16:42:27 America/Sao_Paulo] PHP Warning:  Undefined array key "c_sidebar" in C:\xampp\htdocs\marcial_1_0\partials\_sidebar.php on line 221
[26-Apr-2026 16:42:27 America/Sao_Paulo] PHP Warning:  Undefined array key "c_sidebar" in C:\xampp\htdocs\marcial_1_0\partials\_sidebar.php on line 234
[26-Apr-2026 16:42:27 America/Sao_Paulo] PHP Warning:  Undefined array key "c_sidebar" in C:\xampp\htdocs\marcial_1_0\partials\_sidebar.php on line 235
[26-Apr-2026 16:42:27 America/Sao_Paulo] PHP Warning:  Undefined array key "c_sidebar" in C:\xampp\htdocs\marcial_1_0\partials\_sidebar.php on line 236
[26-Apr-2026 16:42:27 America/Sao_Paulo] PHP Warning:  Undefined array key "c_sidebar" in C:\xampp\htdocs\marcial_1_0\partials\_sidebar.php on line 245
[26-Apr-2026 16:42:27 America/Sao_Paulo] PHP Warning:  Undefined array key "c_sidebar" in C:\xampp\htdocs\marcial_1_0\partials\_sidebar.php on line 259
[26-Apr-2026 16:42:27 America/Sao_Paulo] PHP Warning:  Undefined array key "c_sidebar" in C:\xampp\htdocs\marcial_1_0\partials\_sidebar.php on line 260
[26-Apr-2026 16:42:27 America/Sao_Paulo] PHP Warning:  Undefined array key "c_sidebar" in C:\xampp\htdocs\marcial_1_0\partials\_sidebar.php on line 261
[26-Apr-2026 16:42:27 America/Sao_Paulo] PHP Warning:  Undefined array key "c_sidebar" in C:\xampp\htdocs\marcial_1_0\partials\_sidebar.php on line 266
[26-Apr-2026 16:42:27 America/Sao_Paulo] PHP Warning:  Undefined array key "c_sidebar" in C:\xampp\htdocs\marcial_1_0\partials\_sidebar.php on line 271
[26-Apr-2026 16:42:27 America/Sao_Paulo] PHP Warning:  Undefined array key "c_sidebar" in C:\xampp\htdocs\marcial_1_0\partials\_sidebar.php on line 272
[26-Apr-2026 16:42:27 America/Sao_Paulo] PHP Warning:  Undefined array key "c_sidebar" in C:\xampp\htdocs\marcial_1_0\partials\_sidebar.php on line 273
[26-Apr-2026 16:42:27 America/Sao_Paulo] PHP Warning:  Undefined array key "c_sidebar" in C:\xampp\htdocs\marcial_1_0\partials\_sidebar.php on line 285
[26-Apr-2026 16:42:27 America/Sao_Paulo] PHP Warning:  Undefined array key "c_sidebar" in C:\xampp\htdocs\marcial_1_0\partials\_sidebar.php on line 285
[26-Apr-2026 16:42:27 America/Sao_Paulo] PHP Warning:  Undefined array key "c_sidebar" in C:\xampp\htdocs\marcial_1_0\partials\_sidebar.php on line 286
[26-Apr-2026 16:44:48 America/Sao_Paulo] PHP Warning:  Undefined array key "pnome_pessoa" in C:\xampp\htdocs\marcial_1_0\partials\_sidebar.php on line 27
[26-Apr-2026 16:44:48 America/Sao_Paulo] PHP Warning:  Undefined array key "snome_pessoa" in C:\xampp\htdocs\marcial_1_0\partials\_sidebar.php on line 27
[26-Apr-2026 16:44:48 America/Sao_Paulo] PHP Warning:  Undefined array key "c_sidebar" in C:\xampp\htdocs\marcial_1_0\partials\_sidebar.php on line 135
[26-Apr-2026 16:44:48 America/Sao_Paulo] PHP Warning:  Undefined array key "c_sidebar" in C:\xampp\htdocs\marcial_1_0\partials\_sidebar.php on line 206
[26-Apr-2026 16:44:48 America/Sao_Paulo] PHP Warning:  Undefined array key "c_sidebar" in C:\xampp\htdocs\marcial_1_0\partials\_sidebar.php on line 207
[26-Apr-2026 16:44:48 America/Sao_Paulo] PHP Warning:  Undefined array key "c_sidebar" in C:\xampp\htdocs\marcial_1_0\partials\_sidebar.php on line 208
[26-Apr-2026 16:44:48 America/Sao_Paulo] PHP Warning:  Undefined array key "c_sidebar" in C:\xampp\htdocs\marcial_1_0\partials\_sidebar.php on line 214
[26-Apr-2026 16:44:48 America/Sao_Paulo] PHP Warning:  Undefined array key "c_sidebar" in C:\xampp\htdocs\marcial_1_0\partials\_sidebar.php on line 215
[26-Apr-2026 16:44:48 America/Sao_Paulo] PHP Warning:  Undefined array key "c_sidebar" in C:\xampp\htdocs\marcial_1_0\partials\_sidebar.php on line 216
[26-Apr-2026 16:44:48 America/Sao_Paulo] PHP Warning:  Undefined array key "c_sidebar" in C:\xampp\htdocs\marcial_1_0\partials\_sidebar.php on line 219
[26-Apr-2026 16:44:48 America/Sao_Paulo] PHP Warning:  Undefined array key "c_sidebar" in C:\xampp\htdocs\marcial_1_0\partials\_sidebar.php on line 220
[26-Apr-2026 16:44:48 America/Sao_Paulo] PHP Warning:  Undefined array key "c_sidebar" in C:\xampp\htdocs\marcial_1_0\partials\_sidebar.php on line 221
[26-Apr-2026 16:44:48 America/Sao_Paulo] PHP Warning:  Undefined array key "c_sidebar" in C:\xampp\htdocs\marcial_1_0\partials\_sidebar.php on line 234
[26-Apr-2026 16:44:48 America/Sao_Paulo] PHP Warning:  Undefined array key "c_sidebar" in C:\xampp\htdocs\marcial_1_0\partials\_sidebar.php on line 235
[26-Apr-2026 16:44:48 America/Sao_Paulo] PHP Warning:  Undefined array key "c_sidebar" in C:\xampp\htdocs\marcial_1_0\partials\_sidebar.php on line 236
[26-Apr-2026 16:44:48 America/Sao_Paulo] PHP Warning:  Undefined array key "c_sidebar" in C:\xampp\htdocs\marcial_1_0\partials\_sidebar.php on line 245
[26-Apr-2026 16:44:48 America/Sao_Paulo] PHP Warning:  Undefined array key "c_sidebar" in C:\xampp\htdocs\marcial_1_0\partials\_sidebar.php on line 259
[26-Apr-2026 16:44:48 America/Sao_Paulo] PHP Warning:  Undefined array key "c_sidebar" in C:\xampp\htdocs\marcial_1_0\partials\_sidebar.php on line 260
[26-Apr-2026 16:44:48 America/Sao_Paulo] PHP Warning:  Undefined array key "c_sidebar" in C:\xampp\htdocs\marcial_1_0\partials\_sidebar.php on line 261
[26-Apr-2026 16:44:48 America/Sao_Paulo] PHP Warning:  Undefined array key "c_sidebar" in C:\xampp\htdocs\marcial_1_0\partials\_sidebar.php on line 266
[26-Apr-2026 16:44:48 America/Sao_Paulo] PHP Warning:  Undefined array key "c_sidebar" in C:\xampp\htdocs\marcial_1_0\partials\_sidebar.php on line 271
[26-Apr-2026 16:44:48 America/Sao_Paulo] PHP Warning:  Undefined array key "c_sidebar" in C:\xampp\htdocs\marcial_1_0\partials\_sidebar.php on line 272
[26-Apr-2026 16:44:48 America/Sao_Paulo] PHP Warning:  Undefined array key "c_sidebar" in C:\xampp\htdocs\marcial_1_0\partials\_sidebar.php on line 273
[26-Apr-2026 16:44:48 America/Sao_Paulo] PHP Warning:  Undefined array key "c_sidebar" in C:\xampp\htdocs\marcial_1_0\partials\_sidebar.php on line 285
[26-Apr-2026 16:44:48 America/Sao_Paulo] PHP Warning:  Undefined array key "c_sidebar" in C:\xampp\htdocs\marcial_1_0\partials\_sidebar.php on line 285
[26-Apr-2026 16:44:48 America/Sao_Paulo] PHP Warning:  Undefined array key "c_sidebar" in C:\xampp\htdocs\marcial_1_0\partials\_sidebar.php on line 286
[26-Apr-2026 16:44:51 America/Sao_Paulo] PHP Warning:  Undefined array key "pnome_pessoa" in C:\xampp\htdocs\marcial_1_0\partials\_sidebar.php on line 27
[26-Apr-2026 16:44:51 America/Sao_Paulo] PHP Warning:  Undefined array key "snome_pessoa" in C:\xampp\htdocs\marcial_1_0\partials\_sidebar.php on line 27
[26-Apr-2026 16:44:51 America/Sao_Paulo] PHP Warning:  Undefined array key "c_sidebar" in C:\xampp\htdocs\marcial_1_0\partials\_sidebar.php on line 135
[26-Apr-2026 16:44:51 America/Sao_Paulo] PHP Warning:  Undefined array key "c_sidebar" in C:\xampp\htdocs\marcial_1_0\partials\_sidebar.php on line 206
[26-Apr-2026 16:44:51 America/Sao_Paulo] PHP Warning:  Undefined array key "c_sidebar" in C:\xampp\htdocs\marcial_1_0\partials\_sidebar.php on line 207
[26-Apr-2026 16:44:51 America/Sao_Paulo] PHP Warning:  Undefined array key "c_sidebar" in C:\xampp\htdocs\marcial_1_0\partials\_sidebar.php on line 208
[26-Apr-2026 16:44:51 America/Sao_Paulo] PHP Warning:  Undefined array key "c_sidebar" in C:\xampp\htdocs\marcial_1_0\partials\_sidebar.php on line 214
[26-Apr-2026 16:44:51 America/Sao_Paulo] PHP Warning:  Undefined array key "c_sidebar" in C:\xampp\htdocs\marcial_1_0\partials\_sidebar.php on line 215
[26-Apr-2026 16:44:51 America/Sao_Paulo] PHP Warning:  Undefined array key "c_sidebar" in C:\xampp\htdocs\marcial_1_0\partials\_sidebar.php on line 216
[26-Apr-2026 16:44:51 America/Sao_Paulo] PHP Warning:  Undefined array key "c_sidebar" in C:\xampp\htdocs\marcial_1_0\partials\_sidebar.php on line 219
[26-Apr-2026 16:44:51 America/Sao_Paulo] PHP Warning:  Undefined array key "c_sidebar" in C:\xampp\htdocs\marcial_1_0\partials\_sidebar.php on line 220
[26-Apr-2026 16:44:51 America/Sao_Paulo] PHP Warning:  Undefined array key "c_sidebar" in C:\xampp\htdocs\marcial_1_0\partials\_sidebar.php on line 221
[26-Apr-2026 16:44:51 America/Sao_Paulo] PHP Warning:  Undefined array key "c_sidebar" in C:\xampp\htdocs\marcial_1_0\partials\_sidebar.php on line 234
[26-Apr-2026 16:44:51 America/Sao_Paulo] PHP Warning:  Undefined array key "c_sidebar" in C:\xampp\htdocs\marcial_1_0\partials\_sidebar.php on line 235
[26-Apr-2026 16:44:51 America/Sao_Paulo] PHP Warning:  Undefined array key "c_sidebar" in C:\xampp\htdocs\marcial_1_0\partials\_sidebar.php on line 236
[26-Apr-2026 16:44:51 America/Sao_Paulo] PHP Warning:  Undefined array key "c_sidebar" in C:\xampp\htdocs\marcial_1_0\partials\_sidebar.php on line 245
[26-Apr-2026 16:44:51 America/Sao_Paulo] PHP Warning:  Undefined array key "c_sidebar" in C:\xampp\htdocs\marcial_1_0\partials\_sidebar.php on line 259
[26-Apr-2026 16:44:51 America/Sao_Paulo] PHP Warning:  Undefined array key "c_sidebar" in C:\xampp\htdocs\marcial_1_0\partials\_sidebar.php on line 260
[26-Apr-2026 16:44:51 America/Sao_Paulo] PHP Warning:  Undefined array key "c_sidebar" in C:\xampp\htdocs\marcial_1_0\partials\_sidebar.php on line 261
[26-Apr-2026 16:44:51 America/Sao_Paulo] PHP Warning:  Undefined array key "c_sidebar" in C:\xampp\htdocs\marcial_1_0\partials\_sidebar.php on line 266
[26-Apr-2026 16:44:51 America/Sao_Paulo] PHP Warning:  Undefined array key "c_sidebar" in C:\xampp\htdocs\marcial_1_0\partials\_sidebar.php on line 271
[26-Apr-2026 16:44:51 America/Sao_Paulo] PHP Warning:  Undefined array key "c_sidebar" in C:\xampp\htdocs\marcial_1_0\partials\_sidebar.php on line 272
[26-Apr-2026 16:44:51 America/Sao_Paulo] PHP Warning:  Undefined array key "c_sidebar" in C:\xampp\htdocs\marcial_1_0\partials\_sidebar.php on line 273
[26-Apr-2026 16:44:51 America/Sao_Paulo] PHP Warning:  Undefined array key "c_sidebar" in C:\xampp\htdocs\marcial_1_0\partials\_sidebar.php on line 285
[26-Apr-2026 16:44:51 America/Sao_Paulo] PHP Warning:  Undefined array key "c_sidebar" in C:\xampp\htdocs\marcial_1_0\partials\_sidebar.php on line 285
[26-Apr-2026 16:44:51 America/Sao_Paulo] PHP Warning:  Undefined array key "c_sidebar" in C:\xampp\htdocs\marcial_1_0\partials\_sidebar.php on line 286
[26-Apr-2026 16:45:08 America/Sao_Paulo] PHP Warning:  Undefined array key "c_sidebar" in C:\xampp\htdocs\marcial_1_0\partials\_sidebar.php on line 135
[26-Apr-2026 16:45:08 America/Sao_Paulo] PHP Warning:  Undefined array key "c_sidebar" in C:\xampp\htdocs\marcial_1_0\partials\_sidebar.php on line 206
[26-Apr-2026 16:45:08 America/Sao_Paulo] PHP Warning:  Undefined array key "c_sidebar" in C:\xampp\htdocs\marcial_1_0\partials\_sidebar.php on line 207
[26-Apr-2026 16:45:08 America/Sao_Paulo] PHP Warning:  Undefined array key "c_sidebar" in C:\xampp\htdocs\marcial_1_0\partials\_sidebar.php on line 208
[26-Apr-2026 16:45:08 America/Sao_Paulo] PHP Warning:  Undefined array key "c_sidebar" in C:\xampp\htdocs\marcial_1_0\partials\_sidebar.php on line 214
[26-Apr-2026 16:45:08 America/Sao_Paulo] PHP Warning:  Undefined array key "c_sidebar" in C:\xampp\htdocs\marcial_1_0\partials\_sidebar.php on line 215
[26-Apr-2026 16:45:08 America/Sao_Paulo] PHP Warning:  Undefined array key "c_sidebar" in C:\xampp\htdocs\marcial_1_0\partials\_sidebar.php on line 216
[26-Apr-2026 16:45:08 America/Sao_Paulo] PHP Warning:  Undefined array key "c_sidebar" in C:\xampp\htdocs\marcial_1_0\partials\_sidebar.php on line 219
[26-Apr-2026 16:45:08 America/Sao_Paulo] PHP Warning:  Undefined array key "c_sidebar" in C:\xampp\htdocs\marcial_1_0\partials\_sidebar.php on line 220
[26-Apr-2026 16:45:08 America/Sao_Paulo] PHP Warning:  Undefined array key "c_sidebar" in C:\xampp\htdocs\marcial_1_0\partials\_sidebar.php on line 221
[26-Apr-2026 16:45:08 America/Sao_Paulo] PHP Warning:  Undefined array key "c_sidebar" in C:\xampp\htdocs\marcial_1_0\partials\_sidebar.php on line 234
[26-Apr-2026 16:45:08 America/Sao_Paulo] PHP Warning:  Undefined array key "c_sidebar" in C:\xampp\htdocs\marcial_1_0\partials\_sidebar.php on line 235
[26-Apr-2026 16:45:08 America/Sao_Paulo] PHP Warning:  Undefined array key "c_sidebar" in C:\xampp\htdocs\marcial_1_0\partials\_sidebar.php on line 236
[26-Apr-2026 16:45:08 America/Sao_Paulo] PHP Warning:  Undefined array key "c_sidebar" in C:\xampp\htdocs\marcial_1_0\partials\_sidebar.php on line 245
[26-Apr-2026 16:45:08 America/Sao_Paulo] PHP Warning:  Undefined array key "c_sidebar" in C:\xampp\htdocs\marcial_1_0\partials\_sidebar.php on line 259
[26-Apr-2026 16:45:08 America/Sao_Paulo] PHP Warning:  Undefined array key "c_sidebar" in C:\xampp\htdocs\marcial_1_0\partials\_sidebar.php on line 260
[26-Apr-2026 16:45:08 America/Sao_Paulo] PHP Warning:  Undefined array key "c_sidebar" in C:\xampp\htdocs\marcial_1_0\partials\_sidebar.php on line 261
[26-Apr-2026 16:45:08 America/Sao_Paulo] PHP Warning:  Undefined array key "c_sidebar" in C:\xampp\htdocs\marcial_1_0\partials\_sidebar.php on line 266
[26-Apr-2026 16:45:08 America/Sao_Paulo] PHP Warning:  Undefined array key "c_sidebar" in C:\xampp\htdocs\marcial_1_0\partials\_sidebar.php on line 271
[26-Apr-2026 16:45:08 America/Sao_Paulo] PHP Warning:  Undefined array key "c_sidebar" in C:\xampp\htdocs\marcial_1_0\partials\_sidebar.php on line 272
[26-Apr-2026 16:45:08 America/Sao_Paulo] PHP Warning:  Undefined array key "c_sidebar" in C:\xampp\htdocs\marcial_1_0\partials\_sidebar.php on line 273
[26-Apr-2026 16:45:08 America/Sao_Paulo] PHP Warning:  Undefined array key "c_sidebar" in C:\xampp\htdocs\marcial_1_0\partials\_sidebar.php on line 285
[26-Apr-2026 16:45:08 America/Sao_Paulo] PHP Warning:  Undefined array key "c_sidebar" in C:\xampp\htdocs\marcial_1_0\partials\_sidebar.php on line 285
[26-Apr-2026 16:45:08 America/Sao_Paulo] PHP Warning:  Undefined array key "c_sidebar" in C:\xampp\htdocs\marcial_1_0\partials\_sidebar.php on line 286
[26-Apr-2026 16:45:08 America/Sao_Paulo] PHP Warning:  Undefined array key "pnome" in C:\xampp\htdocs\marcial_1_0\pages\dashboard\index.php on line 55
[26-Apr-2026 16:45:36 America/Sao_Paulo] PHP Warning:  Undefined array key "c_sidebar" in C:\xampp\htdocs\marcial_1_0\partials\_sidebar.php on line 135
[26-Apr-2026 16:45:36 America/Sao_Paulo] PHP Warning:  Undefined array key "c_sidebar" in C:\xampp\htdocs\marcial_1_0\partials\_sidebar.php on line 206
[26-Apr-2026 16:45:36 America/Sao_Paulo] PHP Warning:  Undefined array key "c_sidebar" in C:\xampp\htdocs\marcial_1_0\partials\_sidebar.php on line 207
[26-Apr-2026 16:45:36 America/Sao_Paulo] PHP Warning:  Undefined array key "c_sidebar" in C:\xampp\htdocs\marcial_1_0\partials\_sidebar.php on line 208
[26-Apr-2026 16:45:36 America/Sao_Paulo] PHP Warning:  Undefined array key "c_sidebar" in C:\xampp\htdocs\marcial_1_0\partials\_sidebar.php on line 214
[26-Apr-2026 16:45:36 America/Sao_Paulo] PHP Warning:  Undefined array key "c_sidebar" in C:\xampp\htdocs\marcial_1_0\partials\_sidebar.php on line 215
[26-Apr-2026 16:45:36 America/Sao_Paulo] PHP Warning:  Undefined array key "c_sidebar" in C:\xampp\htdocs\marcial_1_0\partials\_sidebar.php on line 216
[26-Apr-2026 16:45:36 America/Sao_Paulo] PHP Warning:  Undefined array key "c_sidebar" in C:\xampp\htdocs\marcial_1_0\partials\_sidebar.php on line 219
[26-Apr-2026 16:45:36 America/Sao_Paulo] PHP Warning:  Undefined array key "c_sidebar" in C:\xampp\htdocs\marcial_1_0\partials\_sidebar.php on line 220
[26-Apr-2026 16:45:36 America/Sao_Paulo] PHP Warning:  Undefined array key "c_sidebar" in C:\xampp\htdocs\marcial_1_0\partials\_sidebar.php on line 221
[26-Apr-2026 16:45:36 America/Sao_Paulo] PHP Warning:  Undefined array key "c_sidebar" in C:\xampp\htdocs\marcial_1_0\partials\_sidebar.php on line 234
[26-Apr-2026 16:45:36 America/Sao_Paulo] PHP Warning:  Undefined array key "c_sidebar" in C:\xampp\htdocs\marcial_1_0\partials\_sidebar.php on line 235
[26-Apr-2026 16:45:36 America/Sao_Paulo] PHP Warning:  Undefined array key "c_sidebar" in C:\xampp\htdocs\marcial_1_0\partials\_sidebar.php on line 236
[26-Apr-2026 16:45:36 America/Sao_Paulo] PHP Warning:  Undefined array key "c_sidebar" in C:\xampp\htdocs\marcial_1_0\partials\_sidebar.php on line 245
[26-Apr-2026 16:45:36 America/Sao_Paulo] PHP Warning:  Undefined array key "c_sidebar" in C:\xampp\htdocs\marcial_1_0\partials\_sidebar.php on line 259
[26-Apr-2026 16:45:36 America/Sao_Paulo] PHP Warning:  Undefined array key "c_sidebar" in C:\xampp\htdocs\marcial_1_0\partials\_sidebar.php on line 260
[26-Apr-2026 16:45:36 America/Sao_Paulo] PHP Warning:  Undefined array key "c_sidebar" in C:\xampp\htdocs\marcial_1_0\partials\_sidebar.php on line 261
[26-Apr-2026 16:45:36 America/Sao_Paulo] PHP Warning:  Undefined array key "c_sidebar" in C:\xampp\htdocs\marcial_1_0\partials\_sidebar.php on line 266
[26-Apr-2026 16:45:36 America/Sao_Paulo] PHP Warning:  Undefined array key "c_sidebar" in C:\xampp\htdocs\marcial_1_0\partials\_sidebar.php on line 271
[26-Apr-2026 16:45:36 America/Sao_Paulo] PHP Warning:  Undefined array key "c_sidebar" in C:\xampp\htdocs\marcial_1_0\partials\_sidebar.php on line 272
[26-Apr-2026 16:45:36 America/Sao_Paulo] PHP Warning:  Undefined array key "c_sidebar" in C:\xampp\htdocs\marcial_1_0\partials\_sidebar.php on line 273
[26-Apr-2026 16:45:36 America/Sao_Paulo] PHP Warning:  Undefined array key "c_sidebar" in C:\xampp\htdocs\marcial_1_0\partials\_sidebar.php on line 285
[26-Apr-2026 16:45:36 America/Sao_Paulo] PHP Warning:  Undefined array key "c_sidebar" in C:\xampp\htdocs\marcial_1_0\partials\_sidebar.php on line 285
[26-Apr-2026 16:45:36 America/Sao_Paulo] PHP Warning:  Undefined array key "c_sidebar" in C:\xampp\htdocs\marcial_1_0\partials\_sidebar.php on line 286
[26-Apr-2026 16:49:27 America/Sao_Paulo] PHP Warning:  Undefined array key "c_sidebar" in C:\xampp\htdocs\marcial_1_0\partials\_sidebar.php on line 135
[26-Apr-2026 16:49:27 America/Sao_Paulo] PHP Warning:  Undefined array key "c_sidebar" in C:\xampp\htdocs\marcial_1_0\partials\_sidebar.php on line 206
[26-Apr-2026 16:49:27 America/Sao_Paulo] PHP Warning:  Undefined array key "c_sidebar" in C:\xampp\htdocs\marcial_1_0\partials\_sidebar.php on line 207
[26-Apr-2026 16:49:27 America/Sao_Paulo] PHP Warning:  Undefined array key "c_sidebar" in C:\xampp\htdocs\marcial_1_0\partials\_sidebar.php on line 208
[26-Apr-2026 16:49:27 America/Sao_Paulo] PHP Warning:  Undefined array key "c_sidebar" in C:\xampp\htdocs\marcial_1_0\partials\_sidebar.php on line 214
[26-Apr-2026 16:49:27 America/Sao_Paulo] PHP Warning:  Undefined array key "c_sidebar" in C:\xampp\htdocs\marcial_1_0\partials\_sidebar.php on line 215
[26-Apr-2026 16:49:27 America/Sao_Paulo] PHP Warning:  Undefined array key "c_sidebar" in C:\xampp\htdocs\marcial_1_0\partials\_sidebar.php on line 216
[26-Apr-2026 16:49:27 America/Sao_Paulo] PHP Warning:  Undefined array key "c_sidebar" in C:\xampp\htdocs\marcial_1_0\partials\_sidebar.php on line 219
[26-Apr-2026 16:49:27 America/Sao_Paulo] PHP Warning:  Undefined array key "c_sidebar" in C:\xampp\htdocs\marcial_1_0\partials\_sidebar.php on line 220
[26-Apr-2026 16:49:27 America/Sao_Paulo] PHP Warning:  Undefined array key "c_sidebar" in C:\xampp\htdocs\marcial_1_0\partials\_sidebar.php on line 221
[26-Apr-2026 16:49:27 America/Sao_Paulo] PHP Warning:  Undefined array key "c_sidebar" in C:\xampp\htdocs\marcial_1_0\partials\_sidebar.php on line 234
[26-Apr-2026 16:49:27 America/Sao_Paulo] PHP Warning:  Undefined array key "c_sidebar" in C:\xampp\htdocs\marcial_1_0\partials\_sidebar.php on line 235
[26-Apr-2026 16:49:27 America/Sao_Paulo] PHP Warning:  Undefined array key "c_sidebar" in C:\xampp\htdocs\marcial_1_0\partials\_sidebar.php on line 236
[26-Apr-2026 16:49:27 America/Sao_Paulo] PHP Warning:  Undefined array key "c_sidebar" in C:\xampp\htdocs\marcial_1_0\partials\_sidebar.php on line 245
[26-Apr-2026 16:49:27 America/Sao_Paulo] PHP Warning:  Undefined array key "c_sidebar" in C:\xampp\htdocs\marcial_1_0\partials\_sidebar.php on line 259
[26-Apr-2026 16:49:27 America/Sao_Paulo] PHP Warning:  Undefined array key "c_sidebar" in C:\xampp\htdocs\marcial_1_0\partials\_sidebar.php on line 260
[26-Apr-2026 16:49:27 America/Sao_Paulo] PHP Warning:  Undefined array key "c_sidebar" in C:\xampp\htdocs\marcial_1_0\partials\_sidebar.php on line 261
[26-Apr-2026 16:49:27 America/Sao_Paulo] PHP Warning:  Undefined array key "c_sidebar" in C:\xampp\htdocs\marcial_1_0\partials\_sidebar.php on line 266
[26-Apr-2026 16:49:27 America/Sao_Paulo] PHP Warning:  Undefined array key "c_sidebar" in C:\xampp\htdocs\marcial_1_0\partials\_sidebar.php on line 271
[26-Apr-2026 16:49:27 America/Sao_Paulo] PHP Warning:  Undefined array key "c_sidebar" in C:\xampp\htdocs\marcial_1_0\partials\_sidebar.php on line 272
[26-Apr-2026 16:49:27 America/Sao_Paulo] PHP Warning:  Undefined array key "c_sidebar" in C:\xampp\htdocs\marcial_1_0\partials\_sidebar.php on line 273
[26-Apr-2026 16:49:27 America/Sao_Paulo] PHP Warning:  Undefined array key "c_sidebar" in C:\xampp\htdocs\marcial_1_0\partials\_sidebar.php on line 285
[26-Apr-2026 16:49:27 America/Sao_Paulo] PHP Warning:  Undefined array key "c_sidebar" in C:\xampp\htdocs\marcial_1_0\partials\_sidebar.php on line 285
[26-Apr-2026 16:49:27 America/Sao_Paulo] PHP Warning:  Undefined array key "c_sidebar" in C:\xampp\htdocs\marcial_1_0\partials\_sidebar.php on line 286
[26-Apr-2026 16:49:28 America/Sao_Paulo] PHP Warning:  Undefined array key "c_sidebar" in C:\xampp\htdocs\marcial_1_0\partials\_sidebar.php on line 135
[26-Apr-2026 16:49:28 America/Sao_Paulo] PHP Warning:  Undefined array key "c_sidebar" in C:\xampp\htdocs\marcial_1_0\partials\_sidebar.php on line 206
[26-Apr-2026 16:49:28 America/Sao_Paulo] PHP Warning:  Undefined array key "c_sidebar" in C:\xampp\htdocs\marcial_1_0\partials\_sidebar.php on line 207
[26-Apr-2026 16:49:28 America/Sao_Paulo] PHP Warning:  Undefined array key "c_sidebar" in C:\xampp\htdocs\marcial_1_0\partials\_sidebar.php on line 208
[26-Apr-2026 16:49:28 America/Sao_Paulo] PHP Warning:  Undefined array key "c_sidebar" in C:\xampp\htdocs\marcial_1_0\partials\_sidebar.php on line 214
[26-Apr-2026 16:49:28 America/Sao_Paulo] PHP Warning:  Undefined array key "c_sidebar" in C:\xampp\htdocs\marcial_1_0\partials\_sidebar.php on line 215
[26-Apr-2026 16:49:28 America/Sao_Paulo] PHP Warning:  Undefined array key "c_sidebar" in C:\xampp\htdocs\marcial_1_0\partials\_sidebar.php on line 216
[26-Apr-2026 16:49:28 America/Sao_Paulo] PHP Warning:  Undefined array key "c_sidebar" in C:\xampp\htdocs\marcial_1_0\partials\_sidebar.php on line 219
[26-Apr-2026 16:49:28 America/Sao_Paulo] PHP Warning:  Undefined array key "c_sidebar" in C:\xampp\htdocs\marcial_1_0\partials\_sidebar.php on line 220
[26-Apr-2026 16:49:28 America/Sao_Paulo] PHP Warning:  Undefined array key "c_sidebar" in C:\xampp\htdocs\marcial_1_0\partials\_sidebar.php on line 221
[26-Apr-2026 16:49:28 America/Sao_Paulo] PHP Warning:  Undefined array key "c_sidebar" in C:\xampp\htdocs\marcial_1_0\partials\_sidebar.php on line 234
[26-Apr-2026 16:49:28 America/Sao_Paulo] PHP Warning:  Undefined array key "c_sidebar" in C:\xampp\htdocs\marcial_1_0\partials\_sidebar.php on line 235
[26-Apr-2026 16:49:28 America/Sao_Paulo] PHP Warning:  Undefined array key "c_sidebar" in C:\xampp\htdocs\marcial_1_0\partials\_sidebar.php on line 236
[26-Apr-2026 16:49:28 America/Sao_Paulo] PHP Warning:  Undefined array key "c_sidebar" in C:\xampp\htdocs\marcial_1_0\partials\_sidebar.php on line 245
[26-Apr-2026 16:49:28 America/Sao_Paulo] PHP Warning:  Undefined array key "c_sidebar" in C:\xampp\htdocs\marcial_1_0\partials\_sidebar.php on line 259
[26-Apr-2026 16:49:28 America/Sao_Paulo] PHP Warning:  Undefined array key "c_sidebar" in C:\xampp\htdocs\marcial_1_0\partials\_sidebar.php on line 260
[26-Apr-2026 16:49:28 America/Sao_Paulo] PHP Warning:  Undefined array key "c_sidebar" in C:\xampp\htdocs\marcial_1_0\partials\_sidebar.php on line 261
[26-Apr-2026 16:49:28 America/Sao_Paulo] PHP Warning:  Undefined array key "c_sidebar" in C:\xampp\htdocs\marcial_1_0\partials\_sidebar.php on line 266
[26-Apr-2026 16:49:28 America/Sao_Paulo] PHP Warning:  Undefined array key "c_sidebar" in C:\xampp\htdocs\marcial_1_0\partials\_sidebar.php on line 271
[26-Apr-2026 16:49:28 America/Sao_Paulo] PHP Warning:  Undefined array key "c_sidebar" in C:\xampp\htdocs\marcial_1_0\partials\_sidebar.php on line 272
[26-Apr-2026 16:49:28 America/Sao_Paulo] PHP Warning:  Undefined array key "c_sidebar" in C:\xampp\htdocs\marcial_1_0\partials\_sidebar.php on line 273
[26-Apr-2026 16:49:28 America/Sao_Paulo] PHP Warning:  Undefined array key "c_sidebar" in C:\xampp\htdocs\marcial_1_0\partials\_sidebar.php on line 285
[26-Apr-2026 16:49:28 America/Sao_Paulo] PHP Warning:  Undefined array key "c_sidebar" in C:\xampp\htdocs\marcial_1_0\partials\_sidebar.php on line 285
[26-Apr-2026 16:49:28 America/Sao_Paulo] PHP Warning:  Undefined array key "c_sidebar" in C:\xampp\htdocs\marcial_1_0\partials\_sidebar.php on line 286
[26-Apr-2026 16:49:29 America/Sao_Paulo] PHP Warning:  Undefined array key "c_sidebar" in C:\xampp\htdocs\marcial_1_0\partials\_sidebar.php on line 135
[26-Apr-2026 16:49:29 America/Sao_Paulo] PHP Warning:  Undefined array key "c_sidebar" in C:\xampp\htdocs\marcial_1_0\partials\_sidebar.php on line 206
[26-Apr-2026 16:49:29 America/Sao_Paulo] PHP Warning:  Undefined array key "c_sidebar" in C:\xampp\htdocs\marcial_1_0\partials\_sidebar.php on line 207
[26-Apr-2026 16:49:29 America/Sao_Paulo] PHP Warning:  Undefined array key "c_sidebar" in C:\xampp\htdocs\marcial_1_0\partials\_sidebar.php on line 208
[26-Apr-2026 16:49:29 America/Sao_Paulo] PHP Warning:  Undefined array key "c_sidebar" in C:\xampp\htdocs\marcial_1_0\partials\_sidebar.php on line 214
[26-Apr-2026 16:49:29 America/Sao_Paulo] PHP Warning:  Undefined array key "c_sidebar" in C:\xampp\htdocs\marcial_1_0\partials\_sidebar.php on line 215
[26-Apr-2026 16:49:29 America/Sao_Paulo] PHP Warning:  Undefined array key "c_sidebar" in C:\xampp\htdocs\marcial_1_0\partials\_sidebar.php on line 216
[26-Apr-2026 16:49:29 America/Sao_Paulo] PHP Warning:  Undefined array key "c_sidebar" in C:\xampp\htdocs\marcial_1_0\partials\_sidebar.php on line 219
[26-Apr-2026 16:49:29 America/Sao_Paulo] PHP Warning:  Undefined array key "c_sidebar" in C:\xampp\htdocs\marcial_1_0\partials\_sidebar.php on line 220
[26-Apr-2026 16:49:29 America/Sao_Paulo] PHP Warning:  Undefined array key "c_sidebar" in C:\xampp\htdocs\marcial_1_0\partials\_sidebar.php on line 221
[26-Apr-2026 16:49:29 America/Sao_Paulo] PHP Warning:  Undefined array key "c_sidebar" in C:\xampp\htdocs\marcial_1_0\partials\_sidebar.php on line 234
[26-Apr-2026 16:49:29 America/Sao_Paulo] PHP Warning:  Undefined array key "c_sidebar" in C:\xampp\htdocs\marcial_1_0\partials\_sidebar.php on line 235
[26-Apr-2026 16:49:29 America/Sao_Paulo] PHP Warning:  Undefined array key "c_sidebar" in C:\xampp\htdocs\marcial_1_0\partials\_sidebar.php on line 236
[26-Apr-2026 16:49:29 America/Sao_Paulo] PHP Warning:  Undefined array key "c_sidebar" in C:\xampp\htdocs\marcial_1_0\partials\_sidebar.php on line 245
[26-Apr-2026 16:49:29 America/Sao_Paulo] PHP Warning:  Undefined array key "c_sidebar" in C:\xampp\htdocs\marcial_1_0\partials\_sidebar.php on line 259
[26-Apr-2026 16:49:29 America/Sao_Paulo] PHP Warning:  Undefined array key "c_sidebar" in C:\xampp\htdocs\marcial_1_0\partials\_sidebar.php on line 260
[26-Apr-2026 16:49:29 America/Sao_Paulo] PHP Warning:  Undefined array key "c_sidebar" in C:\xampp\htdocs\marcial_1_0\partials\_sidebar.php on line 261
[26-Apr-2026 16:49:29 America/Sao_Paulo] PHP Warning:  Undefined array key "c_sidebar" in C:\xampp\htdocs\marcial_1_0\partials\_sidebar.php on line 266
[26-Apr-2026 16:49:29 America/Sao_Paulo] PHP Warning:  Undefined array key "c_sidebar" in C:\xampp\htdocs\marcial_1_0\partials\_sidebar.php on line 271
[26-Apr-2026 16:49:29 America/Sao_Paulo] PHP Warning:  Undefined array key "c_sidebar" in C:\xampp\htdocs\marcial_1_0\partials\_sidebar.php on line 272
[26-Apr-2026 16:49:29 America/Sao_Paulo] PHP Warning:  Undefined array key "c_sidebar" in C:\xampp\htdocs\marcial_1_0\partials\_sidebar.php on line 273
[26-Apr-2026 16:49:29 America/Sao_Paulo] PHP Warning:  Undefined array key "c_sidebar" in C:\xampp\htdocs\marcial_1_0\partials\_sidebar.php on line 285
[26-Apr-2026 16:49:29 America/Sao_Paulo] PHP Warning:  Undefined array key "c_sidebar" in C:\xampp\htdocs\marcial_1_0\partials\_sidebar.php on line 285
[26-Apr-2026 16:49:29 America/Sao_Paulo] PHP Warning:  Undefined array key "c_sidebar" in C:\xampp\htdocs\marcial_1_0\partials\_sidebar.php on line 286
[26-Apr-2026 16:52:01 America/Sao_Paulo] PHP Fatal error:  Uncaught PDOException: SQLSTATE[42S22]: Column not found: 1054 Unknown column 'dt_treino' in 'where clause' in C:\xampp\htdocs\marcial_1_0\pages\md_treinos\index.php:33
Stack trace:
#0 C:\xampp\htdocs\marcial_1_0\pages\md_treinos\index.php(33): PDOStatement->execute(Array)
#1 {main}
  thrown in C:\xampp\htdocs\marcial_1_0\pages\md_treinos\index.php on line 33
[26-Apr-2026 16:52:56 America/Sao_Paulo] PHP Warning:  Undefined array key "c_sidebar" in C:\xampp\htdocs\marcial_1_0\partials\_sidebar.php on line 135
[26-Apr-2026 16:52:56 America/Sao_Paulo] PHP Warning:  Undefined array key "c_sidebar" in C:\xampp\htdocs\marcial_1_0\partials\_sidebar.php on line 206
[26-Apr-2026 16:52:56 America/Sao_Paulo] PHP Warning:  Undefined array key "c_sidebar" in C:\xampp\htdocs\marcial_1_0\partials\_sidebar.php on line 207
[26-Apr-2026 16:52:56 America/Sao_Paulo] PHP Warning:  Undefined array key "c_sidebar" in C:\xampp\htdocs\marcial_1_0\partials\_sidebar.php on line 208
[26-Apr-2026 16:52:56 America/Sao_Paulo] PHP Warning:  Undefined array key "c_sidebar" in C:\xampp\htdocs\marcial_1_0\partials\_sidebar.php on line 214
[26-Apr-2026 16:52:56 America/Sao_Paulo] PHP Warning:  Undefined array key "c_sidebar" in C:\xampp\htdocs\marcial_1_0\partials\_sidebar.php on line 215
[26-Apr-2026 16:52:56 America/Sao_Paulo] PHP Warning:  Undefined array key "c_sidebar" in C:\xampp\htdocs\marcial_1_0\partials\_sidebar.php on line 216
[26-Apr-2026 16:52:56 America/Sao_Paulo] PHP Warning:  Undefined array key "c_sidebar" in C:\xampp\htdocs\marcial_1_0\partials\_sidebar.php on line 219
[26-Apr-2026 16:52:56 America/Sao_Paulo] PHP Warning:  Undefined array key "c_sidebar" in C:\xampp\htdocs\marcial_1_0\partials\_sidebar.php on line 220
[26-Apr-2026 16:52:56 America/Sao_Paulo] PHP Warning:  Undefined array key "c_sidebar" in C:\xampp\htdocs\marcial_1_0\partials\_sidebar.php on line 221
[26-Apr-2026 16:52:56 America/Sao_Paulo] PHP Warning:  Undefined array key "c_sidebar" in C:\xampp\htdocs\marcial_1_0\partials\_sidebar.php on line 234
[26-Apr-2026 16:52:56 America/Sao_Paulo] PHP Warning:  Undefined array key "c_sidebar" in C:\xampp\htdocs\marcial_1_0\partials\_sidebar.php on line 235
[26-Apr-2026 16:52:56 America/Sao_Paulo] PHP Warning:  Undefined array key "c_sidebar" in C:\xampp\htdocs\marcial_1_0\partials\_sidebar.php on line 236
[26-Apr-2026 16:52:56 America/Sao_Paulo] PHP Warning:  Undefined array key "c_sidebar" in C:\xampp\htdocs\marcial_1_0\partials\_sidebar.php on line 245
[26-Apr-2026 16:52:56 America/Sao_Paulo] PHP Warning:  Undefined array key "c_sidebar" in C:\xampp\htdocs\marcial_1_0\partials\_sidebar.php on line 259
[26-Apr-2026 16:52:56 America/Sao_Paulo] PHP Warning:  Undefined array key "c_sidebar" in C:\xampp\htdocs\marcial_1_0\partials\_sidebar.php on line 260
[26-Apr-2026 16:52:56 America/Sao_Paulo] PHP Warning:  Undefined array key "c_sidebar" in C:\xampp\htdocs\marcial_1_0\partials\_sidebar.php on line 261
[26-Apr-2026 16:52:56 America/Sao_Paulo] PHP Warning:  Undefined array key "c_sidebar" in C:\xampp\htdocs\marcial_1_0\partials\_sidebar.php on line 266
[26-Apr-2026 16:52:56 America/Sao_Paulo] PHP Warning:  Undefined array key "c_sidebar" in C:\xampp\htdocs\marcial_1_0\partials\_sidebar.php on line 271
[26-Apr-2026 16:52:56 America/Sao_Paulo] PHP Warning:  Undefined array key "c_sidebar" in C:\xampp\htdocs\marcial_1_0\partials\_sidebar.php on line 272
[26-Apr-2026 16:52:56 America/Sao_Paulo] PHP Warning:  Undefined array key "c_sidebar" in C:\xampp\htdocs\marcial_1_0\partials\_sidebar.php on line 273
[26-Apr-2026 16:52:56 America/Sao_Paulo] PHP Warning:  Undefined array key "c_sidebar" in C:\xampp\htdocs\marcial_1_0\partials\_sidebar.php on line 285
[26-Apr-2026 16:52:56 America/Sao_Paulo] PHP Warning:  Undefined array key "c_sidebar" in C:\xampp\htdocs\marcial_1_0\partials\_sidebar.php on line 285
[26-Apr-2026 16:52:56 America/Sao_Paulo] PHP Warning:  Undefined array key "c_sidebar" in C:\xampp\htdocs\marcial_1_0\partials\_sidebar.php on line 286
[26-Apr-2026 16:53:34 America/Sao_Paulo] PHP Warning:  Undefined array key "c_sidebar" in C:\xampp\htdocs\marcial_1_0\partials\_sidebar.php on line 135
[26-Apr-2026 16:53:34 America/Sao_Paulo] PHP Warning:  Undefined array key "c_sidebar" in C:\xampp\htdocs\marcial_1_0\partials\_sidebar.php on line 206
[26-Apr-2026 16:53:34 America/Sao_Paulo] PHP Warning:  Undefined array key "c_sidebar" in C:\xampp\htdocs\marcial_1_0\partials\_sidebar.php on line 207
[26-Apr-2026 16:53:34 America/Sao_Paulo] PHP Warning:  Undefined array key "c_sidebar" in C:\xampp\htdocs\marcial_1_0\partials\_sidebar.php on line 208
[26-Apr-2026 16:53:34 America/Sao_Paulo] PHP Warning:  Undefined array key "c_sidebar" in C:\xampp\htdocs\marcial_1_0\partials\_sidebar.php on line 214
[26-Apr-2026 16:53:34 America/Sao_Paulo] PHP Warning:  Undefined array key "c_sidebar" in C:\xampp\htdocs\marcial_1_0\partials\_sidebar.php on line 215
[26-Apr-2026 16:53:34 America/Sao_Paulo] PHP Warning:  Undefined array key "c_sidebar" in C:\xampp\htdocs\marcial_1_0\partials\_sidebar.php on line 216
[26-Apr-2026 16:53:34 America/Sao_Paulo] PHP Warning:  Undefined array key "c_sidebar" in C:\xampp\htdocs\marcial_1_0\partials\_sidebar.php on line 219
[26-Apr-2026 16:53:34 America/Sao_Paulo] PHP Warning:  Undefined array key "c_sidebar" in C:\xampp\htdocs\marcial_1_0\partials\_sidebar.php on line 220
[26-Apr-2026 16:53:34 America/Sao_Paulo] PHP Warning:  Undefined array key "c_sidebar" in C:\xampp\htdocs\marcial_1_0\partials\_sidebar.php on line 221
[26-Apr-2026 16:53:34 America/Sao_Paulo] PHP Warning:  Undefined array key "c_sidebar" in C:\xampp\htdocs\marcial_1_0\partials\_sidebar.php on line 234
[26-Apr-2026 16:53:34 America/Sao_Paulo] PHP Warning:  Undefined array key "c_sidebar" in C:\xampp\htdocs\marcial_1_0\partials\_sidebar.php on line 235
[26-Apr-2026 16:53:34 America/Sao_Paulo] PHP Warning:  Undefined array key "c_sidebar" in C:\xampp\htdocs\marcial_1_0\partials\_sidebar.php on line 236
[26-Apr-2026 16:53:34 America/Sao_Paulo] PHP Warning:  Undefined array key "c_sidebar" in C:\xampp\htdocs\marcial_1_0\partials\_sidebar.php on line 245
[26-Apr-2026 16:53:34 America/Sao_Paulo] PHP Warning:  Undefined array key "c_sidebar" in C:\xampp\htdocs\marcial_1_0\partials\_sidebar.php on line 259
[26-Apr-2026 16:53:34 America/Sao_Paulo] PHP Warning:  Undefined array key "c_sidebar" in C:\xampp\htdocs\marcial_1_0\partials\_sidebar.php on line 260
[26-Apr-2026 16:53:34 America/Sao_Paulo] PHP Warning:  Undefined array key "c_sidebar" in C:\xampp\htdocs\marcial_1_0\partials\_sidebar.php on line 261
[26-Apr-2026 16:53:34 America/Sao_Paulo] PHP Warning:  Undefined array key "c_sidebar" in C:\xampp\htdocs\marcial_1_0\partials\_sidebar.php on line 266
[26-Apr-2026 16:53:34 America/Sao_Paulo] PHP Warning:  Undefined array key "c_sidebar" in C:\xampp\htdocs\marcial_1_0\partials\_sidebar.php on line 271
[26-Apr-2026 16:53:34 America/Sao_Paulo] PHP Warning:  Undefined array key "c_sidebar" in C:\xampp\htdocs\marcial_1_0\partials\_sidebar.php on line 272
[26-Apr-2026 16:53:34 America/Sao_Paulo] PHP Warning:  Undefined array key "c_sidebar" in C:\xampp\htdocs\marcial_1_0\partials\_sidebar.php on line 273
[26-Apr-2026 16:53:34 America/Sao_Paulo] PHP Warning:  Undefined array key "c_sidebar" in C:\xampp\htdocs\marcial_1_0\partials\_sidebar.php on line 285
[26-Apr-2026 16:53:34 America/Sao_Paulo] PHP Warning:  Undefined array key "c_sidebar" in C:\xampp\htdocs\marcial_1_0\partials\_sidebar.php on line 285
[26-Apr-2026 16:53:34 America/Sao_Paulo] PHP Warning:  Undefined array key "c_sidebar" in C:\xampp\htdocs\marcial_1_0\partials\_sidebar.php on line 286
[26-Apr-2026 16:53:50 America/Sao_Paulo] PHP Warning:  Undefined array key "c_sidebar" in C:\xampp\htdocs\marcial_1_0\partials\_sidebar.php on line 135
[26-Apr-2026 16:53:50 America/Sao_Paulo] PHP Warning:  Undefined array key "c_sidebar" in C:\xampp\htdocs\marcial_1_0\partials\_sidebar.php on line 206
[26-Apr-2026 16:53:50 America/Sao_Paulo] PHP Warning:  Undefined array key "c_sidebar" in C:\xampp\htdocs\marcial_1_0\partials\_sidebar.php on line 207
[26-Apr-2026 16:53:50 America/Sao_Paulo] PHP Warning:  Undefined array key "c_sidebar" in C:\xampp\htdocs\marcial_1_0\partials\_sidebar.php on line 208
[26-Apr-2026 16:53:50 America/Sao_Paulo] PHP Warning:  Undefined array key "c_sidebar" in C:\xampp\htdocs\marcial_1_0\partials\_sidebar.php on line 214
[26-Apr-2026 16:53:50 America/Sao_Paulo] PHP Warning:  Undefined array key "c_sidebar" in C:\xampp\htdocs\marcial_1_0\partials\_sidebar.php on line 215
[26-Apr-2026 16:53:50 America/Sao_Paulo] PHP Warning:  Undefined array key "c_sidebar" in C:\xampp\htdocs\marcial_1_0\partials\_sidebar.php on line 216
[26-Apr-2026 16:53:50 America/Sao_Paulo] PHP Warning:  Undefined array key "c_sidebar" in C:\xampp\htdocs\marcial_1_0\partials\_sidebar.php on line 219
[26-Apr-2026 16:53:50 America/Sao_Paulo] PHP Warning:  Undefined array key "c_sidebar" in C:\xampp\htdocs\marcial_1_0\partials\_sidebar.php on line 220
[26-Apr-2026 16:53:50 America/Sao_Paulo] PHP Warning:  Undefined array key "c_sidebar" in C:\xampp\htdocs\marcial_1_0\partials\_sidebar.php on line 221
[26-Apr-2026 16:53:50 America/Sao_Paulo] PHP Warning:  Undefined array key "c_sidebar" in C:\xampp\htdocs\marcial_1_0\partials\_sidebar.php on line 234
[26-Apr-2026 16:53:50 America/Sao_Paulo] PHP Warning:  Undefined array key "c_sidebar" in C:\xampp\htdocs\marcial_1_0\partials\_sidebar.php on line 235
[26-Apr-2026 16:53:50 America/Sao_Paulo] PHP Warning:  Undefined array key "c_sidebar" in C:\xampp\htdocs\marcial_1_0\partials\_sidebar.php on line 236
[26-Apr-2026 16:53:50 America/Sao_Paulo] PHP Warning:  Undefined array key "c_sidebar" in C:\xampp\htdocs\marcial_1_0\partials\_sidebar.php on line 245
[26-Apr-2026 16:53:50 America/Sao_Paulo] PHP Warning:  Undefined array key "c_sidebar" in C:\xampp\htdocs\marcial_1_0\partials\_sidebar.php on line 259
[26-Apr-2026 16:53:50 America/Sao_Paulo] PHP Warning:  Undefined array key "c_sidebar" in C:\xampp\htdocs\marcial_1_0\partials\_sidebar.php on line 260
[26-Apr-2026 16:53:50 America/Sao_Paulo] PHP Warning:  Undefined array key "c_sidebar" in C:\xampp\htdocs\marcial_1_0\partials\_sidebar.php on line 261
[26-Apr-2026 16:53:50 America/Sao_Paulo] PHP Warning:  Undefined array key "c_sidebar" in C:\xampp\htdocs\marcial_1_0\partials\_sidebar.php on line 266
[26-Apr-2026 16:53:50 America/Sao_Paulo] PHP Warning:  Undefined array key "c_sidebar" in C:\xampp\htdocs\marcial_1_0\partials\_sidebar.php on line 271
[26-Apr-2026 16:53:50 America/Sao_Paulo] PHP Warning:  Undefined array key "c_sidebar" in C:\xampp\htdocs\marcial_1_0\partials\_sidebar.php on line 272
[26-Apr-2026 16:53:50 America/Sao_Paulo] PHP Warning:  Undefined array key "c_sidebar" in C:\xampp\htdocs\marcial_1_0\partials\_sidebar.php on line 273
[26-Apr-2026 16:53:50 America/Sao_Paulo] PHP Warning:  Undefined array key "c_sidebar" in C:\xampp\htdocs\marcial_1_0\partials\_sidebar.php on line 285
[26-Apr-2026 16:53:50 America/Sao_Paulo] PHP Warning:  Undefined array key "c_sidebar" in C:\xampp\htdocs\marcial_1_0\partials\_sidebar.php on line 285
[26-Apr-2026 16:53:50 America/Sao_Paulo] PHP Warning:  Undefined array key "c_sidebar" in C:\xampp\htdocs\marcial_1_0\partials\_sidebar.php on line 286
[26-Apr-2026 16:57:08 America/Sao_Paulo] PHP Warning:  Undefined array key "c_sidebar" in C:\xampp\htdocs\marcial_1_0\partials\_sidebar.php on line 135
[26-Apr-2026 16:57:08 America/Sao_Paulo] PHP Warning:  Undefined array key "c_sidebar" in C:\xampp\htdocs\marcial_1_0\partials\_sidebar.php on line 206
[26-Apr-2026 16:57:08 America/Sao_Paulo] PHP Warning:  Undefined array key "c_sidebar" in C:\xampp\htdocs\marcial_1_0\partials\_sidebar.php on line 207
[26-Apr-2026 16:57:08 America/Sao_Paulo] PHP Warning:  Undefined array key "c_sidebar" in C:\xampp\htdocs\marcial_1_0\partials\_sidebar.php on line 208
[26-Apr-2026 16:57:08 America/Sao_Paulo] PHP Warning:  Undefined array key "c_sidebar" in C:\xampp\htdocs\marcial_1_0\partials\_sidebar.php on line 214
[26-Apr-2026 16:57:08 America/Sao_Paulo] PHP Warning:  Undefined array key "c_sidebar" in C:\xampp\htdocs\marcial_1_0\partials\_sidebar.php on line 215
[26-Apr-2026 16:57:08 America/Sao_Paulo] PHP Warning:  Undefined array key "c_sidebar" in C:\xampp\htdocs\marcial_1_0\partials\_sidebar.php on line 216
[26-Apr-2026 16:57:08 America/Sao_Paulo] PHP Warning:  Undefined array key "c_sidebar" in C:\xampp\htdocs\marcial_1_0\partials\_sidebar.php on line 219
[26-Apr-2026 16:57:08 America/Sao_Paulo] PHP Warning:  Undefined array key "c_sidebar" in C:\xampp\htdocs\marcial_1_0\partials\_sidebar.php on line 220
[26-Apr-2026 16:57:08 America/Sao_Paulo] PHP Warning:  Undefined array key "c_sidebar" in C:\xampp\htdocs\marcial_1_0\partials\_sidebar.php on line 221
[26-Apr-2026 16:57:08 America/Sao_Paulo] PHP Warning:  Undefined array key "c_sidebar" in C:\xampp\htdocs\marcial_1_0\partials\_sidebar.php on line 234
[26-Apr-2026 16:57:08 America/Sao_Paulo] PHP Warning:  Undefined array key "c_sidebar" in C:\xampp\htdocs\marcial_1_0\partials\_sidebar.php on line 235
[26-Apr-2026 16:57:08 America/Sao_Paulo] PHP Warning:  Undefined array key "c_sidebar" in C:\xampp\htdocs\marcial_1_0\partials\_sidebar.php on line 236
[26-Apr-2026 16:57:08 America/Sao_Paulo] PHP Warning:  Undefined array key "c_sidebar" in C:\xampp\htdocs\marcial_1_0\partials\_sidebar.php on line 245
[26-Apr-2026 16:57:08 America/Sao_Paulo] PHP Warning:  Undefined array key "c_sidebar" in C:\xampp\htdocs\marcial_1_0\partials\_sidebar.php on line 259
[26-Apr-2026 16:57:08 America/Sao_Paulo] PHP Warning:  Undefined array key "c_sidebar" in C:\xampp\htdocs\marcial_1_0\partials\_sidebar.php on line 260
[26-Apr-2026 16:57:08 America/Sao_Paulo] PHP Warning:  Undefined array key "c_sidebar" in C:\xampp\htdocs\marcial_1_0\partials\_sidebar.php on line 261
[26-Apr-2026 16:57:08 America/Sao_Paulo] PHP Warning:  Undefined array key "c_sidebar" in C:\xampp\htdocs\marcial_1_0\partials\_sidebar.php on line 266
[26-Apr-2026 16:57:08 America/Sao_Paulo] PHP Warning:  Undefined array key "c_sidebar" in C:\xampp\htdocs\marcial_1_0\partials\_sidebar.php on line 271
[26-Apr-2026 16:57:08 America/Sao_Paulo] PHP Warning:  Undefined array key "c_sidebar" in C:\xampp\htdocs\marcial_1_0\partials\_sidebar.php on line 272
[26-Apr-2026 16:57:08 America/Sao_Paulo] PHP Warning:  Undefined array key "c_sidebar" in C:\xampp\htdocs\marcial_1_0\partials\_sidebar.php on line 273
[26-Apr-2026 16:57:08 America/Sao_Paulo] PHP Warning:  Undefined array key "c_sidebar" in C:\xampp\htdocs\marcial_1_0\partials\_sidebar.php on line 285
[26-Apr-2026 16:57:08 America/Sao_Paulo] PHP Warning:  Undefined array key "c_sidebar" in C:\xampp\htdocs\marcial_1_0\partials\_sidebar.php on line 285
[26-Apr-2026 16:57:08 America/Sao_Paulo] PHP Warning:  Undefined array key "c_sidebar" in C:\xampp\htdocs\marcial_1_0\partials\_sidebar.php on line 286
[26-Apr-2026 16:57:08 America/Sao_Paulo] PHP Warning:  Undefined array key "nome_treino" in C:\xampp\htdocs\marcial_1_0\pages\md_treinos\index.php on line 174
[26-Apr-2026 16:57:08 America/Sao_Paulo] PHP Warning:  Undefined array key "dt_treino" in C:\xampp\htdocs\marcial_1_0\pages\md_treinos\index.php on line 174
[26-Apr-2026 16:57:08 America/Sao_Paulo] PHP Deprecated:  strtotime(): Passing null to parameter #1 ($datetime) of type string is deprecated in C:\xampp\htdocs\marcial_1_0\pages\md_treinos\index.php on line 174
[26-Apr-2026 16:57:08 America/Sao_Paulo] PHP Warning:  Undefined array key "nome_treino" in C:\xampp\htdocs\marcial_1_0\pages\md_treinos\index.php on line 183
[26-Apr-2026 16:57:08 America/Sao_Paulo] PHP Warning:  Undefined array key "dt_treino" in C:\xampp\htdocs\marcial_1_0\pages\md_treinos\index.php on line 183
[26-Apr-2026 16:57:08 America/Sao_Paulo] PHP Deprecated:  strtotime(): Passing null to parameter #1 ($datetime) of type string is deprecated in C:\xampp\htdocs\marcial_1_0\pages\md_treinos\index.php on line 183
[26-Apr-2026 16:57:08 America/Sao_Paulo] PHP Warning:  Undefined array key "nome_treino" in C:\xampp\htdocs\marcial_1_0\pages\md_treinos\index.php on line 192
[26-Apr-2026 16:57:08 America/Sao_Paulo] PHP Warning:  Undefined array key "dt_treino" in C:\xampp\htdocs\marcial_1_0\pages\md_treinos\index.php on line 192
[26-Apr-2026 16:57:08 America/Sao_Paulo] PHP Deprecated:  strtotime(): Passing null to parameter #1 ($datetime) of type string is deprecated in C:\xampp\htdocs\marcial_1_0\pages\md_treinos\index.php on line 192
[26-Apr-2026 16:57:08 America/Sao_Paulo] PHP Warning:  Undefined array key "nome_treino" in C:\xampp\htdocs\marcial_1_0\pages\md_treinos\index.php on line 207
[26-Apr-2026 16:57:08 America/Sao_Paulo] PHP Warning:  Undefined array key "dt_treino" in C:\xampp\htdocs\marcial_1_0\pages\md_treinos\index.php on line 207
[26-Apr-2026 16:57:08 America/Sao_Paulo] PHP Deprecated:  strtotime(): Passing null to parameter #1 ($datetime) of type string is deprecated in C:\xampp\htdocs\marcial_1_0\pages\md_treinos\index.php on line 207
[26-Apr-2026 16:57:47 America/Sao_Paulo] PHP Warning:  Undefined array key "c_sidebar" in C:\xampp\htdocs\marcial_1_0\partials\_sidebar.php on line 135
[26-Apr-2026 16:57:47 America/Sao_Paulo] PHP Warning:  Undefined array key "c_sidebar" in C:\xampp\htdocs\marcial_1_0\partials\_sidebar.php on line 206
[26-Apr-2026 16:57:47 America/Sao_Paulo] PHP Warning:  Undefined array key "c_sidebar" in C:\xampp\htdocs\marcial_1_0\partials\_sidebar.php on line 207
[26-Apr-2026 16:57:47 America/Sao_Paulo] PHP Warning:  Undefined array key "c_sidebar" in C:\xampp\htdocs\marcial_1_0\partials\_sidebar.php on line 208
[26-Apr-2026 16:57:47 America/Sao_Paulo] PHP Warning:  Undefined array key "c_sidebar" in C:\xampp\htdocs\marcial_1_0\partials\_sidebar.php on line 214
[26-Apr-2026 16:57:47 America/Sao_Paulo] PHP Warning:  Undefined array key "c_sidebar" in C:\xampp\htdocs\marcial_1_0\partials\_sidebar.php on line 215
[26-Apr-2026 16:57:47 America/Sao_Paulo] PHP Warning:  Undefined array key "c_sidebar" in C:\xampp\htdocs\marcial_1_0\partials\_sidebar.php on line 216
[26-Apr-2026 16:57:47 America/Sao_Paulo] PHP Warning:  Undefined array key "c_sidebar" in C:\xampp\htdocs\marcial_1_0\partials\_sidebar.php on line 219
[26-Apr-2026 16:57:47 America/Sao_Paulo] PHP Warning:  Undefined array key "c_sidebar" in C:\xampp\htdocs\marcial_1_0\partials\_sidebar.php on line 220
[26-Apr-2026 16:57:47 America/Sao_Paulo] PHP Warning:  Undefined array key "c_sidebar" in C:\xampp\htdocs\marcial_1_0\partials\_sidebar.php on line 221
[26-Apr-2026 16:57:47 America/Sao_Paulo] PHP Warning:  Undefined array key "c_sidebar" in C:\xampp\htdocs\marcial_1_0\partials\_sidebar.php on line 234
[26-Apr-2026 16:57:47 America/Sao_Paulo] PHP Warning:  Undefined array key "c_sidebar" in C:\xampp\htdocs\marcial_1_0\partials\_sidebar.php on line 235
[26-Apr-2026 16:57:47 America/Sao_Paulo] PHP Warning:  Undefined array key "c_sidebar" in C:\xampp\htdocs\marcial_1_0\partials\_sidebar.php on line 236
[26-Apr-2026 16:57:47 America/Sao_Paulo] PHP Warning:  Undefined array key "c_sidebar" in C:\xampp\htdocs\marcial_1_0\partials\_sidebar.php on line 245
[26-Apr-2026 16:57:47 America/Sao_Paulo] PHP Warning:  Undefined array key "c_sidebar" in C:\xampp\htdocs\marcial_1_0\partials\_sidebar.php on line 259
[26-Apr-2026 16:57:47 America/Sao_Paulo] PHP Warning:  Undefined array key "c_sidebar" in C:\xampp\htdocs\marcial_1_0\partials\_sidebar.php on line 260
[26-Apr-2026 16:57:47 America/Sao_Paulo] PHP Warning:  Undefined array key "c_sidebar" in C:\xampp\htdocs\marcial_1_0\partials\_sidebar.php on line 261
[26-Apr-2026 16:57:47 America/Sao_Paulo] PHP Warning:  Undefined array key "c_sidebar" in C:\xampp\htdocs\marcial_1_0\partials\_sidebar.php on line 266
[26-Apr-2026 16:57:47 America/Sao_Paulo] PHP Warning:  Undefined array key "c_sidebar" in C:\xampp\htdocs\marcial_1_0\partials\_sidebar.php on line 271
[26-Apr-2026 16:57:47 America/Sao_Paulo] PHP Warning:  Undefined array key "c_sidebar" in C:\xampp\htdocs\marcial_1_0\partials\_sidebar.php on line 272
[26-Apr-2026 16:57:47 America/Sao_Paulo] PHP Warning:  Undefined array key "c_sidebar" in C:\xampp\htdocs\marcial_1_0\partials\_sidebar.php on line 273
[26-Apr-2026 16:57:47 America/Sao_Paulo] PHP Warning:  Undefined array key "c_sidebar" in C:\xampp\htdocs\marcial_1_0\partials\_sidebar.php on line 285
[26-Apr-2026 16:57:47 America/Sao_Paulo] PHP Warning:  Undefined array key "c_sidebar" in C:\xampp\htdocs\marcial_1_0\partials\_sidebar.php on line 285
[26-Apr-2026 16:57:47 America/Sao_Paulo] PHP Warning:  Undefined array key "c_sidebar" in C:\xampp\htdocs\marcial_1_0\partials\_sidebar.php on line 286
[26-Apr-2026 16:57:50 America/Sao_Paulo] PHP Warning:  Undefined array key "c_sidebar" in C:\xampp\htdocs\marcial_1_0\partials\_sidebar.php on line 135
[26-Apr-2026 16:57:50 America/Sao_Paulo] PHP Warning:  Undefined array key "c_sidebar" in C:\xampp\htdocs\marcial_1_0\partials\_sidebar.php on line 206
[26-Apr-2026 16:57:50 America/Sao_Paulo] PHP Warning:  Undefined array key "c_sidebar" in C:\xampp\htdocs\marcial_1_0\partials\_sidebar.php on line 207
[26-Apr-2026 16:57:50 America/Sao_Paulo] PHP Warning:  Undefined array key "c_sidebar" in C:\xampp\htdocs\marcial_1_0\partials\_sidebar.php on line 208
[26-Apr-2026 16:57:50 America/Sao_Paulo] PHP Warning:  Undefined array key "c_sidebar" in C:\xampp\htdocs\marcial_1_0\partials\_sidebar.php on line 214
[26-Apr-2026 16:57:50 America/Sao_Paulo] PHP Warning:  Undefined array key "c_sidebar" in C:\xampp\htdocs\marcial_1_0\partials\_sidebar.php on line 215
[26-Apr-2026 16:57:50 America/Sao_Paulo] PHP Warning:  Undefined array key "c_sidebar" in C:\xampp\htdocs\marcial_1_0\partials\_sidebar.php on line 216
[26-Apr-2026 16:57:50 America/Sao_Paulo] PHP Warning:  Undefined array key "c_sidebar" in C:\xampp\htdocs\marcial_1_0\partials\_sidebar.php on line 219
[26-Apr-2026 16:57:50 America/Sao_Paulo] PHP Warning:  Undefined array key "c_sidebar" in C:\xampp\htdocs\marcial_1_0\partials\_sidebar.php on line 220
[26-Apr-2026 16:57:50 America/Sao_Paulo] PHP Warning:  Undefined array key "c_sidebar" in C:\xampp\htdocs\marcial_1_0\partials\_sidebar.php on line 221
[26-Apr-2026 16:57:50 America/Sao_Paulo] PHP Warning:  Undefined array key "c_sidebar" in C:\xampp\htdocs\marcial_1_0\partials\_sidebar.php on line 234
[26-Apr-2026 16:57:50 America/Sao_Paulo] PHP Warning:  Undefined array key "c_sidebar" in C:\xampp\htdocs\marcial_1_0\partials\_sidebar.php on line 235
[26-Apr-2026 16:57:50 America/Sao_Paulo] PHP Warning:  Undefined array key "c_sidebar" in C:\xampp\htdocs\marcial_1_0\partials\_sidebar.php on line 236
[26-Apr-2026 16:57:50 America/Sao_Paulo] PHP Warning:  Undefined array key "c_sidebar" in C:\xampp\htdocs\marcial_1_0\partials\_sidebar.php on line 245
[26-Apr-2026 16:57:50 America/Sao_Paulo] PHP Warning:  Undefined array key "c_sidebar" in C:\xampp\htdocs\marcial_1_0\partials\_sidebar.php on line 259
[26-Apr-2026 16:57:50 America/Sao_Paulo] PHP Warning:  Undefined array key "c_sidebar" in C:\xampp\htdocs\marcial_1_0\partials\_sidebar.php on line 260
[26-Apr-2026 16:57:50 America/Sao_Paulo] PHP Warning:  Undefined array key "c_sidebar" in C:\xampp\htdocs\marcial_1_0\partials\_sidebar.php on line 261
[26-Apr-2026 16:57:50 America/Sao_Paulo] PHP Warning:  Undefined array key "c_sidebar" in C:\xampp\htdocs\marcial_1_0\partials\_sidebar.php on line 266
[26-Apr-2026 16:57:50 America/Sao_Paulo] PHP Warning:  Undefined array key "c_sidebar" in C:\xampp\htdocs\marcial_1_0\partials\_sidebar.php on line 271
[26-Apr-2026 16:57:50 America/Sao_Paulo] PHP Warning:  Undefined array key "c_sidebar" in C:\xampp\htdocs\marcial_1_0\partials\_sidebar.php on line 272
[26-Apr-2026 16:57:50 America/Sao_Paulo] PHP Warning:  Undefined array key "c_sidebar" in C:\xampp\htdocs\marcial_1_0\partials\_sidebar.php on line 273
[26-Apr-2026 16:57:50 America/Sao_Paulo] PHP Warning:  Undefined array key "c_sidebar" in C:\xampp\htdocs\marcial_1_0\partials\_sidebar.php on line 285
[26-Apr-2026 16:57:50 America/Sao_Paulo] PHP Warning:  Undefined array key "c_sidebar" in C:\xampp\htdocs\marcial_1_0\partials\_sidebar.php on line 285
[26-Apr-2026 16:57:50 America/Sao_Paulo] PHP Warning:  Undefined array key "c_sidebar" in C:\xampp\htdocs\marcial_1_0\partials\_sidebar.php on line 286
[26-Apr-2026 16:57:50 America/Sao_Paulo] PHP Warning:  Undefined array key "nome_treino" in C:\xampp\htdocs\marcial_1_0\pages\md_treinos\index.php on line 174
[26-Apr-2026 16:57:50 America/Sao_Paulo] PHP Warning:  Undefined array key "dt_treino" in C:\xampp\htdocs\marcial_1_0\pages\md_treinos\index.php on line 174
[26-Apr-2026 16:57:50 America/Sao_Paulo] PHP Deprecated:  strtotime(): Passing null to parameter #1 ($datetime) of type string is deprecated in C:\xampp\htdocs\marcial_1_0\pages\md_treinos\index.php on line 174
[26-Apr-2026 16:57:50 America/Sao_Paulo] PHP Warning:  Undefined array key "nome_treino" in C:\xampp\htdocs\marcial_1_0\pages\md_treinos\index.php on line 183
[26-Apr-2026 16:57:50 America/Sao_Paulo] PHP Warning:  Undefined array key "dt_treino" in C:\xampp\htdocs\marcial_1_0\pages\md_treinos\index.php on line 183
[26-Apr-2026 16:57:50 America/Sao_Paulo] PHP Deprecated:  strtotime(): Passing null to parameter #1 ($datetime) of type string is deprecated in C:\xampp\htdocs\marcial_1_0\pages\md_treinos\index.php on line 183
[26-Apr-2026 16:57:50 America/Sao_Paulo] PHP Warning:  Undefined array key "nome_treino" in C:\xampp\htdocs\marcial_1_0\pages\md_treinos\index.php on line 192
[26-Apr-2026 16:57:50 America/Sao_Paulo] PHP Warning:  Undefined array key "dt_treino" in C:\xampp\htdocs\marcial_1_0\pages\md_treinos\index.php on line 192
[26-Apr-2026 16:57:50 America/Sao_Paulo] PHP Deprecated:  strtotime(): Passing null to parameter #1 ($datetime) of type string is deprecated in C:\xampp\htdocs\marcial_1_0\pages\md_treinos\index.php on line 192
[26-Apr-2026 16:58:53 America/Sao_Paulo] PHP Warning:  Undefined array key "c_sidebar" in C:\xampp\htdocs\marcial_1_0\partials\_sidebar.php on line 135
[26-Apr-2026 16:58:53 America/Sao_Paulo] PHP Warning:  Undefined array key "c_sidebar" in C:\xampp\htdocs\marcial_1_0\partials\_sidebar.php on line 206
[26-Apr-2026 16:58:53 America/Sao_Paulo] PHP Warning:  Undefined array key "c_sidebar" in C:\xampp\htdocs\marcial_1_0\partials\_sidebar.php on line 207
[26-Apr-2026 16:58:53 America/Sao_Paulo] PHP Warning:  Undefined array key "c_sidebar" in C:\xampp\htdocs\marcial_1_0\partials\_sidebar.php on line 208
[26-Apr-2026 16:58:53 America/Sao_Paulo] PHP Warning:  Undefined array key "c_sidebar" in C:\xampp\htdocs\marcial_1_0\partials\_sidebar.php on line 214
[26-Apr-2026 16:58:53 America/Sao_Paulo] PHP Warning:  Undefined array key "c_sidebar" in C:\xampp\htdocs\marcial_1_0\partials\_sidebar.php on line 215
[26-Apr-2026 16:58:53 America/Sao_Paulo] PHP Warning:  Undefined array key "c_sidebar" in C:\xampp\htdocs\marcial_1_0\partials\_sidebar.php on line 216
[26-Apr-2026 16:58:53 America/Sao_Paulo] PHP Warning:  Undefined array key "c_sidebar" in C:\xampp\htdocs\marcial_1_0\partials\_sidebar.php on line 219
[26-Apr-2026 16:58:53 America/Sao_Paulo] PHP Warning:  Undefined array key "c_sidebar" in C:\xampp\htdocs\marcial_1_0\partials\_sidebar.php on line 220
[26-Apr-2026 16:58:53 America/Sao_Paulo] PHP Warning:  Undefined array key "c_sidebar" in C:\xampp\htdocs\marcial_1_0\partials\_sidebar.php on line 221
[26-Apr-2026 16:58:53 America/Sao_Paulo] PHP Warning:  Undefined array key "c_sidebar" in C:\xampp\htdocs\marcial_1_0\partials\_sidebar.php on line 234
[26-Apr-2026 16:58:53 America/Sao_Paulo] PHP Warning:  Undefined array key "c_sidebar" in C:\xampp\htdocs\marcial_1_0\partials\_sidebar.php on line 235
[26-Apr-2026 16:58:53 America/Sao_Paulo] PHP Warning:  Undefined array key "c_sidebar" in C:\xampp\htdocs\marcial_1_0\partials\_sidebar.php on line 236
[26-Apr-2026 16:58:53 America/Sao_Paulo] PHP Warning:  Undefined array key "c_sidebar" in C:\xampp\htdocs\marcial_1_0\partials\_sidebar.php on line 245
[26-Apr-2026 16:58:53 America/Sao_Paulo] PHP Warning:  Undefined array key "c_sidebar" in C:\xampp\htdocs\marcial_1_0\partials\_sidebar.php on line 259
[26-Apr-2026 16:58:53 America/Sao_Paulo] PHP Warning:  Undefined array key "c_sidebar" in C:\xampp\htdocs\marcial_1_0\partials\_sidebar.php on line 260
[26-Apr-2026 16:58:53 America/Sao_Paulo] PHP Warning:  Undefined array key "c_sidebar" in C:\xampp\htdocs\marcial_1_0\partials\_sidebar.php on line 261
[26-Apr-2026 16:58:53 America/Sao_Paulo] PHP Warning:  Undefined array key "c_sidebar" in C:\xampp\htdocs\marcial_1_0\partials\_sidebar.php on line 266
[26-Apr-2026 16:58:53 America/Sao_Paulo] PHP Warning:  Undefined array key "c_sidebar" in C:\xampp\htdocs\marcial_1_0\partials\_sidebar.php on line 271
[26-Apr-2026 16:58:53 America/Sao_Paulo] PHP Warning:  Undefined array key "c_sidebar" in C:\xampp\htdocs\marcial_1_0\partials\_sidebar.php on line 272
[26-Apr-2026 16:58:53 America/Sao_Paulo] PHP Warning:  Undefined array key "c_sidebar" in C:\xampp\htdocs\marcial_1_0\partials\_sidebar.php on line 273
[26-Apr-2026 16:58:53 America/Sao_Paulo] PHP Warning:  Undefined array key "c_sidebar" in C:\xampp\htdocs\marcial_1_0\partials\_sidebar.php on line 285
[26-Apr-2026 16:58:53 America/Sao_Paulo] PHP Warning:  Undefined array key "c_sidebar" in C:\xampp\htdocs\marcial_1_0\partials\_sidebar.php on line 285
[26-Apr-2026 16:58:53 America/Sao_Paulo] PHP Warning:  Undefined array key "c_sidebar" in C:\xampp\htdocs\marcial_1_0\partials\_sidebar.php on line 286
[26-Apr-2026 16:58:53 America/Sao_Paulo] PHP Warning:  Undefined array key "dt_treino" in C:\xampp\htdocs\marcial_1_0\pages\md_treinos\index.php on line 174
[26-Apr-2026 16:58:53 America/Sao_Paulo] PHP Deprecated:  strtotime(): Passing null to parameter #1 ($datetime) of type string is deprecated in C:\xampp\htdocs\marcial_1_0\pages\md_treinos\index.php on line 174
[26-Apr-2026 16:58:53 America/Sao_Paulo] PHP Warning:  Undefined array key "nome_treino" in C:\xampp\htdocs\marcial_1_0\pages\md_treinos\index.php on line 183
[26-Apr-2026 16:58:53 America/Sao_Paulo] PHP Warning:  Undefined array key "dt_treino" in C:\xampp\htdocs\marcial_1_0\pages\md_treinos\index.php on line 183
[26-Apr-2026 16:58:53 America/Sao_Paulo] PHP Deprecated:  strtotime(): Passing null to parameter #1 ($datetime) of type string is deprecated in C:\xampp\htdocs\marcial_1_0\pages\md_treinos\index.php on line 183
[26-Apr-2026 16:58:53 America/Sao_Paulo] PHP Warning:  Undefined array key "nome_treino" in C:\xampp\htdocs\marcial_1_0\pages\md_treinos\index.php on line 192
[26-Apr-2026 16:58:53 America/Sao_Paulo] PHP Warning:  Undefined array key "dt_treino" in C:\xampp\htdocs\marcial_1_0\pages\md_treinos\index.php on line 192
[26-Apr-2026 16:58:53 America/Sao_Paulo] PHP Deprecated:  strtotime(): Passing null to parameter #1 ($datetime) of type string is deprecated in C:\xampp\htdocs\marcial_1_0\pages\md_treinos\index.php on line 192
[26-Apr-2026 16:59:11 America/Sao_Paulo] PHP Warning:  Undefined array key "c_sidebar" in C:\xampp\htdocs\marcial_1_0\partials\_sidebar.php on line 135
[26-Apr-2026 16:59:11 America/Sao_Paulo] PHP Warning:  Undefined array key "c_sidebar" in C:\xampp\htdocs\marcial_1_0\partials\_sidebar.php on line 206
[26-Apr-2026 16:59:11 America/Sao_Paulo] PHP Warning:  Undefined array key "c_sidebar" in C:\xampp\htdocs\marcial_1_0\partials\_sidebar.php on line 207
[26-Apr-2026 16:59:11 America/Sao_Paulo] PHP Warning:  Undefined array key "c_sidebar" in C:\xampp\htdocs\marcial_1_0\partials\_sidebar.php on line 208
[26-Apr-2026 16:59:11 America/Sao_Paulo] PHP Warning:  Undefined array key "c_sidebar" in C:\xampp\htdocs\marcial_1_0\partials\_sidebar.php on line 214
[26-Apr-2026 16:59:11 America/Sao_Paulo] PHP Warning:  Undefined array key "c_sidebar" in C:\xampp\htdocs\marcial_1_0\partials\_sidebar.php on line 215
[26-Apr-2026 16:59:11 America/Sao_Paulo] PHP Warning:  Undefined array key "c_sidebar" in C:\xampp\htdocs\marcial_1_0\partials\_sidebar.php on line 216
[26-Apr-2026 16:59:11 America/Sao_Paulo] PHP Warning:  Undefined array key "c_sidebar" in C:\xampp\htdocs\marcial_1_0\partials\_sidebar.php on line 219
[26-Apr-2026 16:59:11 America/Sao_Paulo] PHP Warning:  Undefined array key "c_sidebar" in C:\xampp\htdocs\marcial_1_0\partials\_sidebar.php on line 220
[26-Apr-2026 16:59:11 America/Sao_Paulo] PHP Warning:  Undefined array key "c_sidebar" in C:\xampp\htdocs\marcial_1_0\partials\_sidebar.php on line 221
[26-Apr-2026 16:59:11 America/Sao_Paulo] PHP Warning:  Undefined array key "c_sidebar" in C:\xampp\htdocs\marcial_1_0\partials\_sidebar.php on line 234
[26-Apr-2026 16:59:11 America/Sao_Paulo] PHP Warning:  Undefined array key "c_sidebar" in C:\xampp\htdocs\marcial_1_0\partials\_sidebar.php on line 235
[26-Apr-2026 16:59:11 America/Sao_Paulo] PHP Warning:  Undefined array key "c_sidebar" in C:\xampp\htdocs\marcial_1_0\partials\_sidebar.php on line 236
[26-Apr-2026 16:59:11 America/Sao_Paulo] PHP Warning:  Undefined array key "c_sidebar" in C:\xampp\htdocs\marcial_1_0\partials\_sidebar.php on line 245
[26-Apr-2026 16:59:11 America/Sao_Paulo] PHP Warning:  Undefined array key "c_sidebar" in C:\xampp\htdocs\marcial_1_0\partials\_sidebar.php on line 259
[26-Apr-2026 16:59:11 America/Sao_Paulo] PHP Warning:  Undefined array key "c_sidebar" in C:\xampp\htdocs\marcial_1_0\partials\_sidebar.php on line 260
[26-Apr-2026 16:59:11 America/Sao_Paulo] PHP Warning:  Undefined array key "c_sidebar" in C:\xampp\htdocs\marcial_1_0\partials\_sidebar.php on line 261
[26-Apr-2026 16:59:11 America/Sao_Paulo] PHP Warning:  Undefined array key "c_sidebar" in C:\xampp\htdocs\marcial_1_0\partials\_sidebar.php on line 266
[26-Apr-2026 16:59:11 America/Sao_Paulo] PHP Warning:  Undefined array key "c_sidebar" in C:\xampp\htdocs\marcial_1_0\partials\_sidebar.php on line 271
[26-Apr-2026 16:59:11 America/Sao_Paulo] PHP Warning:  Undefined array key "c_sidebar" in C:\xampp\htdocs\marcial_1_0\partials\_sidebar.php on line 272
[26-Apr-2026 16:59:11 America/Sao_Paulo] PHP Warning:  Undefined array key "c_sidebar" in C:\xampp\htdocs\marcial_1_0\partials\_sidebar.php on line 273
[26-Apr-2026 16:59:11 America/Sao_Paulo] PHP Warning:  Undefined array key "c_sidebar" in C:\xampp\htdocs\marcial_1_0\partials\_sidebar.php on line 285
[26-Apr-2026 16:59:11 America/Sao_Paulo] PHP Warning:  Undefined array key "c_sidebar" in C:\xampp\htdocs\marcial_1_0\partials\_sidebar.php on line 285
[26-Apr-2026 16:59:11 America/Sao_Paulo] PHP Warning:  Undefined array key "c_sidebar" in C:\xampp\htdocs\marcial_1_0\partials\_sidebar.php on line 286
[26-Apr-2026 16:59:11 America/Sao_Paulo] PHP Warning:  Undefined array key "nome_treino" in C:\xampp\htdocs\marcial_1_0\pages\md_treinos\index.php on line 183
[26-Apr-2026 16:59:11 America/Sao_Paulo] PHP Warning:  Undefined array key "dt_treino" in C:\xampp\htdocs\marcial_1_0\pages\md_treinos\index.php on line 183
[26-Apr-2026 16:59:11 America/Sao_Paulo] PHP Deprecated:  strtotime(): Passing null to parameter #1 ($datetime) of type string is deprecated in C:\xampp\htdocs\marcial_1_0\pages\md_treinos\index.php on line 183
[26-Apr-2026 16:59:11 America/Sao_Paulo] PHP Warning:  Undefined array key "nome_treino" in C:\xampp\htdocs\marcial_1_0\pages\md_treinos\index.php on line 192
[26-Apr-2026 16:59:11 America/Sao_Paulo] PHP Warning:  Undefined array key "dt_treino" in C:\xampp\htdocs\marcial_1_0\pages\md_treinos\index.php on line 192
[26-Apr-2026 16:59:11 America/Sao_Paulo] PHP Deprecated:  strtotime(): Passing null to parameter #1 ($datetime) of type string is deprecated in C:\xampp\htdocs\marcial_1_0\pages\md_treinos\index.php on line 192
[26-Apr-2026 17:00:48 America/Sao_Paulo] PHP Warning:  Undefined array key "c_sidebar" in C:\xampp\htdocs\marcial_1_0\partials\_sidebar.php on line 135
[26-Apr-2026 17:00:48 America/Sao_Paulo] PHP Warning:  Undefined array key "c_sidebar" in C:\xampp\htdocs\marcial_1_0\partials\_sidebar.php on line 206
[26-Apr-2026 17:00:48 America/Sao_Paulo] PHP Warning:  Undefined array key "c_sidebar" in C:\xampp\htdocs\marcial_1_0\partials\_sidebar.php on line 207
[26-Apr-2026 17:00:48 America/Sao_Paulo] PHP Warning:  Undefined array key "c_sidebar" in C:\xampp\htdocs\marcial_1_0\partials\_sidebar.php on line 208
[26-Apr-2026 17:00:48 America/Sao_Paulo] PHP Warning:  Undefined array key "c_sidebar" in C:\xampp\htdocs\marcial_1_0\partials\_sidebar.php on line 214
[26-Apr-2026 17:00:48 America/Sao_Paulo] PHP Warning:  Undefined array key "c_sidebar" in C:\xampp\htdocs\marcial_1_0\partials\_sidebar.php on line 215
[26-Apr-2026 17:00:48 America/Sao_Paulo] PHP Warning:  Undefined array key "c_sidebar" in C:\xampp\htdocs\marcial_1_0\partials\_sidebar.php on line 216
[26-Apr-2026 17:00:48 America/Sao_Paulo] PHP Warning:  Undefined array key "c_sidebar" in C:\xampp\htdocs\marcial_1_0\partials\_sidebar.php on line 219
[26-Apr-2026 17:00:48 America/Sao_Paulo] PHP Warning:  Undefined array key "c_sidebar" in C:\xampp\htdocs\marcial_1_0\partials\_sidebar.php on line 220
[26-Apr-2026 17:00:48 America/Sao_Paulo] PHP Warning:  Undefined array key "c_sidebar" in C:\xampp\htdocs\marcial_1_0\partials\_sidebar.php on line 221
[26-Apr-2026 17:00:48 America/Sao_Paulo] PHP Warning:  Undefined array key "c_sidebar" in C:\xampp\htdocs\marcial_1_0\partials\_sidebar.php on line 234
[26-Apr-2026 17:00:48 America/Sao_Paulo] PHP Warning:  Undefined array key "c_sidebar" in C:\xampp\htdocs\marcial_1_0\partials\_sidebar.php on line 235
[26-Apr-2026 17:00:48 America/Sao_Paulo] PHP Warning:  Undefined array key "c_sidebar" in C:\xampp\htdocs\marcial_1_0\partials\_sidebar.php on line 236
[26-Apr-2026 17:00:48 America/Sao_Paulo] PHP Warning:  Undefined array key "c_sidebar" in C:\xampp\htdocs\marcial_1_0\partials\_sidebar.php on line 245
[26-Apr-2026 17:00:48 America/Sao_Paulo] PHP Warning:  Undefined array key "c_sidebar" in C:\xampp\htdocs\marcial_1_0\partials\_sidebar.php on line 259
[26-Apr-2026 17:00:48 America/Sao_Paulo] PHP Warning:  Undefined array key "c_sidebar" in C:\xampp\htdocs\marcial_1_0\partials\_sidebar.php on line 260
[26-Apr-2026 17:00:48 America/Sao_Paulo] PHP Warning:  Undefined array key "c_sidebar" in C:\xampp\htdocs\marcial_1_0\partials\_sidebar.php on line 261
[26-Apr-2026 17:00:48 America/Sao_Paulo] PHP Warning:  Undefined array key "c_sidebar" in C:\xampp\htdocs\marcial_1_0\partials\_sidebar.php on line 266
[26-Apr-2026 17:00:48 America/Sao_Paulo] PHP Warning:  Undefined array key "c_sidebar" in C:\xampp\htdocs\marcial_1_0\partials\_sidebar.php on line 271
[26-Apr-2026 17:00:48 America/Sao_Paulo] PHP Warning:  Undefined array key "c_sidebar" in C:\xampp\htdocs\marcial_1_0\partials\_sidebar.php on line 272
[26-Apr-2026 17:00:48 America/Sao_Paulo] PHP Warning:  Undefined array key "c_sidebar" in C:\xampp\htdocs\marcial_1_0\partials\_sidebar.php on line 273
[26-Apr-2026 17:00:48 America/Sao_Paulo] PHP Warning:  Undefined array key "c_sidebar" in C:\xampp\htdocs\marcial_1_0\partials\_sidebar.php on line 285
[26-Apr-2026 17:00:48 America/Sao_Paulo] PHP Warning:  Undefined array key "c_sidebar" in C:\xampp\htdocs\marcial_1_0\partials\_sidebar.php on line 285
[26-Apr-2026 17:00:48 America/Sao_Paulo] PHP Warning:  Undefined array key "c_sidebar" in C:\xampp\htdocs\marcial_1_0\partials\_sidebar.php on line 286
[26-Apr-2026 17:02:29 America/Sao_Paulo] PHP Warning:  Undefined array key "c_sidebar" in C:\xampp\htdocs\marcial_1_0\partials\_sidebar.php on line 135
[26-Apr-2026 17:02:29 America/Sao_Paulo] PHP Warning:  Undefined array key "c_sidebar" in C:\xampp\htdocs\marcial_1_0\partials\_sidebar.php on line 206
[26-Apr-2026 17:02:29 America/Sao_Paulo] PHP Warning:  Undefined array key "c_sidebar" in C:\xampp\htdocs\marcial_1_0\partials\_sidebar.php on line 207
[26-Apr-2026 17:02:29 America/Sao_Paulo] PHP Warning:  Undefined array key "c_sidebar" in C:\xampp\htdocs\marcial_1_0\partials\_sidebar.php on line 208
[26-Apr-2026 17:02:29 America/Sao_Paulo] PHP Warning:  Undefined array key "c_sidebar" in C:\xampp\htdocs\marcial_1_0\partials\_sidebar.php on line 214
[26-Apr-2026 17:02:29 America/Sao_Paulo] PHP Warning:  Undefined array key "c_sidebar" in C:\xampp\htdocs\marcial_1_0\partials\_sidebar.php on line 215
[26-Apr-2026 17:02:29 America/Sao_Paulo] PHP Warning:  Undefined array key "c_sidebar" in C:\xampp\htdocs\marcial_1_0\partials\_sidebar.php on line 216
[26-Apr-2026 17:02:29 America/Sao_Paulo] PHP Warning:  Undefined array key "c_sidebar" in C:\xampp\htdocs\marcial_1_0\partials\_sidebar.php on line 219
[26-Apr-2026 17:02:29 America/Sao_Paulo] PHP Warning:  Undefined array key "c_sidebar" in C:\xampp\htdocs\marcial_1_0\partials\_sidebar.php on line 220
[26-Apr-2026 17:02:29 America/Sao_Paulo] PHP Warning:  Undefined array key "c_sidebar" in C:\xampp\htdocs\marcial_1_0\partials\_sidebar.php on line 221
[26-Apr-2026 17:02:29 America/Sao_Paulo] PHP Warning:  Undefined array key "c_sidebar" in C:\xampp\htdocs\marcial_1_0\partials\_sidebar.php on line 234
[26-Apr-2026 17:02:29 America/Sao_Paulo] PHP Warning:  Undefined array key "c_sidebar" in C:\xampp\htdocs\marcial_1_0\partials\_sidebar.php on line 235
[26-Apr-2026 17:02:29 America/Sao_Paulo] PHP Warning:  Undefined array key "c_sidebar" in C:\xampp\htdocs\marcial_1_0\partials\_sidebar.php on line 236
[26-Apr-2026 17:02:29 America/Sao_Paulo] PHP Warning:  Undefined array key "c_sidebar" in C:\xampp\htdocs\marcial_1_0\partials\_sidebar.php on line 245
[26-Apr-2026 17:02:29 America/Sao_Paulo] PHP Warning:  Undefined array key "c_sidebar" in C:\xampp\htdocs\marcial_1_0\partials\_sidebar.php on line 259
[26-Apr-2026 17:02:29 America/Sao_Paulo] PHP Warning:  Undefined array key "c_sidebar" in C:\xampp\htdocs\marcial_1_0\partials\_sidebar.php on line 260
[26-Apr-2026 17:02:29 America/Sao_Paulo] PHP Warning:  Undefined array key "c_sidebar" in C:\xampp\htdocs\marcial_1_0\partials\_sidebar.php on line 261
[26-Apr-2026 17:02:29 America/Sao_Paulo] PHP Warning:  Undefined array key "c_sidebar" in C:\xampp\htdocs\marcial_1_0\partials\_sidebar.php on line 266
[26-Apr-2026 17:02:29 America/Sao_Paulo] PHP Warning:  Undefined array key "c_sidebar" in C:\xampp\htdocs\marcial_1_0\partials\_sidebar.php on line 271
[26-Apr-2026 17:02:29 America/Sao_Paulo] PHP Warning:  Undefined array key "c_sidebar" in C:\xampp\htdocs\marcial_1_0\partials\_sidebar.php on line 272
[26-Apr-2026 17:02:29 America/Sao_Paulo] PHP Warning:  Undefined array key "c_sidebar" in C:\xampp\htdocs\marcial_1_0\partials\_sidebar.php on line 273
[26-Apr-2026 17:02:29 America/Sao_Paulo] PHP Warning:  Undefined array key "c_sidebar" in C:\xampp\htdocs\marcial_1_0\partials\_sidebar.php on line 285
[26-Apr-2026 17:02:29 America/Sao_Paulo] PHP Warning:  Undefined array key "c_sidebar" in C:\xampp\htdocs\marcial_1_0\partials\_sidebar.php on line 285
[26-Apr-2026 17:02:29 America/Sao_Paulo] PHP Warning:  Undefined array key "c_sidebar" in C:\xampp\htdocs\marcial_1_0\partials\_sidebar.php on line 286
[26-Apr-2026 17:02:30 America/Sao_Paulo] PHP Warning:  Undefined array key "c_sidebar" in C:\xampp\htdocs\marcial_1_0\partials\_sidebar.php on line 135
[26-Apr-2026 17:02:30 America/Sao_Paulo] PHP Warning:  Undefined array key "c_sidebar" in C:\xampp\htdocs\marcial_1_0\partials\_sidebar.php on line 206
[26-Apr-2026 17:02:30 America/Sao_Paulo] PHP Warning:  Undefined array key "c_sidebar" in C:\xampp\htdocs\marcial_1_0\partials\_sidebar.php on line 207
[26-Apr-2026 17:02:30 America/Sao_Paulo] PHP Warning:  Undefined array key "c_sidebar" in C:\xampp\htdocs\marcial_1_0\partials\_sidebar.php on line 208
[26-Apr-2026 17:02:30 America/Sao_Paulo] PHP Warning:  Undefined array key "c_sidebar" in C:\xampp\htdocs\marcial_1_0\partials\_sidebar.php on line 214
[26-Apr-2026 17:02:30 America/Sao_Paulo] PHP Warning:  Undefined array key "c_sidebar" in C:\xampp\htdocs\marcial_1_0\partials\_sidebar.php on line 215
[26-Apr-2026 17:02:30 America/Sao_Paulo] PHP Warning:  Undefined array key "c_sidebar" in C:\xampp\htdocs\marcial_1_0\partials\_sidebar.php on line 216
[26-Apr-2026 17:02:30 America/Sao_Paulo] PHP Warning:  Undefined array key "c_sidebar" in C:\xampp\htdocs\marcial_1_0\partials\_sidebar.php on line 219
[26-Apr-2026 17:02:30 America/Sao_Paulo] PHP Warning:  Undefined array key "c_sidebar" in C:\xampp\htdocs\marcial_1_0\partials\_sidebar.php on line 220
[26-Apr-2026 17:02:30 America/Sao_Paulo] PHP Warning:  Undefined array key "c_sidebar" in C:\xampp\htdocs\marcial_1_0\partials\_sidebar.php on line 221
[26-Apr-2026 17:02:30 America/Sao_Paulo] PHP Warning:  Undefined array key "c_sidebar" in C:\xampp\htdocs\marcial_1_0\partials\_sidebar.php on line 234
[26-Apr-2026 17:02:30 America/Sao_Paulo] PHP Warning:  Undefined array key "c_sidebar" in C:\xampp\htdocs\marcial_1_0\partials\_sidebar.php on line 235
[26-Apr-2026 17:02:30 America/Sao_Paulo] PHP Warning:  Undefined array key "c_sidebar" in C:\xampp\htdocs\marcial_1_0\partials\_sidebar.php on line 236
[26-Apr-2026 17:02:30 America/Sao_Paulo] PHP Warning:  Undefined array key "c_sidebar" in C:\xampp\htdocs\marcial_1_0\partials\_sidebar.php on line 245
[26-Apr-2026 17:02:30 America/Sao_Paulo] PHP Warning:  Undefined array key "c_sidebar" in C:\xampp\htdocs\marcial_1_0\partials\_sidebar.php on line 259
[26-Apr-2026 17:02:30 America/Sao_Paulo] PHP Warning:  Undefined array key "c_sidebar" in C:\xampp\htdocs\marcial_1_0\partials\_sidebar.php on line 260
[26-Apr-2026 17:02:30 America/Sao_Paulo] PHP Warning:  Undefined array key "c_sidebar" in C:\xampp\htdocs\marcial_1_0\partials\_sidebar.php on line 261
[26-Apr-2026 17:02:30 America/Sao_Paulo] PHP Warning:  Undefined array key "c_sidebar" in C:\xampp\htdocs\marcial_1_0\partials\_sidebar.php on line 266
[26-Apr-2026 17:02:30 America/Sao_Paulo] PHP Warning:  Undefined array key "c_sidebar" in C:\xampp\htdocs\marcial_1_0\partials\_sidebar.php on line 271
[26-Apr-2026 17:02:30 America/Sao_Paulo] PHP Warning:  Undefined array key "c_sidebar" in C:\xampp\htdocs\marcial_1_0\partials\_sidebar.php on line 272
[26-Apr-2026 17:02:30 America/Sao_Paulo] PHP Warning:  Undefined array key "c_sidebar" in C:\xampp\htdocs\marcial_1_0\partials\_sidebar.php on line 273
[26-Apr-2026 17:02:30 America/Sao_Paulo] PHP Warning:  Undefined array key "c_sidebar" in C:\xampp\htdocs\marcial_1_0\partials\_sidebar.php on line 285
[26-Apr-2026 17:02:30 America/Sao_Paulo] PHP Warning:  Undefined array key "c_sidebar" in C:\xampp\htdocs\marcial_1_0\partials\_sidebar.php on line 285
[26-Apr-2026 17:02:30 America/Sao_Paulo] PHP Warning:  Undefined array key "c_sidebar" in C:\xampp\htdocs\marcial_1_0\partials\_sidebar.php on line 286
[26-Apr-2026 17:02:43 America/Sao_Paulo] PHP Warning:  Undefined array key "c_sidebar" in C:\xampp\htdocs\marcial_1_0\partials\_sidebar.php on line 135
[26-Apr-2026 17:02:43 America/Sao_Paulo] PHP Warning:  Undefined array key "c_sidebar" in C:\xampp\htdocs\marcial_1_0\partials\_sidebar.php on line 206
[26-Apr-2026 17:02:43 America/Sao_Paulo] PHP Warning:  Undefined array key "c_sidebar" in C:\xampp\htdocs\marcial_1_0\partials\_sidebar.php on line 207
[26-Apr-2026 17:02:43 America/Sao_Paulo] PHP Warning:  Undefined array key "c_sidebar" in C:\xampp\htdocs\marcial_1_0\partials\_sidebar.php on line 208
[26-Apr-2026 17:02:43 America/Sao_Paulo] PHP Warning:  Undefined array key "c_sidebar" in C:\xampp\htdocs\marcial_1_0\partials\_sidebar.php on line 214
[26-Apr-2026 17:02:43 America/Sao_Paulo] PHP Warning:  Undefined array key "c_sidebar" in C:\xampp\htdocs\marcial_1_0\partials\_sidebar.php on line 215
[26-Apr-2026 17:02:43 America/Sao_Paulo] PHP Warning:  Undefined array key "c_sidebar" in C:\xampp\htdocs\marcial_1_0\partials\_sidebar.php on line 216
[26-Apr-2026 17:02:43 America/Sao_Paulo] PHP Warning:  Undefined array key "c_sidebar" in C:\xampp\htdocs\marcial_1_0\partials\_sidebar.php on line 219
[26-Apr-2026 17:02:43 America/Sao_Paulo] PHP Warning:  Undefined array key "c_sidebar" in C:\xampp\htdocs\marcial_1_0\partials\_sidebar.php on line 220
[26-Apr-2026 17:02:43 America/Sao_Paulo] PHP Warning:  Undefined array key "c_sidebar" in C:\xampp\htdocs\marcial_1_0\partials\_sidebar.php on line 221
[26-Apr-2026 17:02:43 America/Sao_Paulo] PHP Warning:  Undefined array key "c_sidebar" in C:\xampp\htdocs\marcial_1_0\partials\_sidebar.php on line 234
[26-Apr-2026 17:02:43 America/Sao_Paulo] PHP Warning:  Undefined array key "c_sidebar" in C:\xampp\htdocs\marcial_1_0\partials\_sidebar.php on line 235
[26-Apr-2026 17:02:43 America/Sao_Paulo] PHP Warning:  Undefined array key "c_sidebar" in C:\xampp\htdocs\marcial_1_0\partials\_sidebar.php on line 236
[26-Apr-2026 17:02:43 America/Sao_Paulo] PHP Warning:  Undefined array key "c_sidebar" in C:\xampp\htdocs\marcial_1_0\partials\_sidebar.php on line 245
[26-Apr-2026 17:02:43 America/Sao_Paulo] PHP Warning:  Undefined array key "c_sidebar" in C:\xampp\htdocs\marcial_1_0\partials\_sidebar.php on line 259
[26-Apr-2026 17:02:43 America/Sao_Paulo] PHP Warning:  Undefined array key "c_sidebar" in C:\xampp\htdocs\marcial_1_0\partials\_sidebar.php on line 260
[26-Apr-2026 17:02:43 America/Sao_Paulo] PHP Warning:  Undefined array key "c_sidebar" in C:\xampp\htdocs\marcial_1_0\partials\_sidebar.php on line 261
[26-Apr-2026 17:02:43 America/Sao_Paulo] PHP Warning:  Undefined array key "c_sidebar" in C:\xampp\htdocs\marcial_1_0\partials\_sidebar.php on line 266
[26-Apr-2026 17:02:43 America/Sao_Paulo] PHP Warning:  Undefined array key "c_sidebar" in C:\xampp\htdocs\marcial_1_0\partials\_sidebar.php on line 271
[26-Apr-2026 17:02:43 America/Sao_Paulo] PHP Warning:  Undefined array key "c_sidebar" in C:\xampp\htdocs\marcial_1_0\partials\_sidebar.php on line 272
[26-Apr-2026 17:02:43 America/Sao_Paulo] PHP Warning:  Undefined array key "c_sidebar" in C:\xampp\htdocs\marcial_1_0\partials\_sidebar.php on line 273
[26-Apr-2026 17:02:43 America/Sao_Paulo] PHP Warning:  Undefined array key "c_sidebar" in C:\xampp\htdocs\marcial_1_0\partials\_sidebar.php on line 285
[26-Apr-2026 17:02:43 America/Sao_Paulo] PHP Warning:  Undefined array key "c_sidebar" in C:\xampp\htdocs\marcial_1_0\partials\_sidebar.php on line 285
[26-Apr-2026 17:02:43 America/Sao_Paulo] PHP Warning:  Undefined array key "c_sidebar" in C:\xampp\htdocs\marcial_1_0\partials\_sidebar.php on line 286
[26-Apr-2026 17:02:43 America/Sao_Paulo] PHP Warning:  Undefined array key "nome_treino" in C:\xampp\htdocs\marcial_1_0\pages\md_treinos\index.php on line 207
[26-Apr-2026 17:02:43 America/Sao_Paulo] PHP Warning:  Undefined array key "dt_treino" in C:\xampp\htdocs\marcial_1_0\pages\md_treinos\index.php on line 207
[26-Apr-2026 17:02:43 America/Sao_Paulo] PHP Deprecated:  strtotime(): Passing null to parameter #1 ($datetime) of type string is deprecated in C:\xampp\htdocs\marcial_1_0\pages\md_treinos\index.php on line 207
[26-Apr-2026 17:03:30 America/Sao_Paulo] PHP Warning:  Undefined array key "c_sidebar" in C:\xampp\htdocs\marcial_1_0\partials\_sidebar.php on line 135
[26-Apr-2026 17:03:30 America/Sao_Paulo] PHP Warning:  Undefined array key "c_sidebar" in C:\xampp\htdocs\marcial_1_0\partials\_sidebar.php on line 206
[26-Apr-2026 17:03:30 America/Sao_Paulo] PHP Warning:  Undefined array key "c_sidebar" in C:\xampp\htdocs\marcial_1_0\partials\_sidebar.php on line 207
[26-Apr-2026 17:03:30 America/Sao_Paulo] PHP Warning:  Undefined array key "c_sidebar" in C:\xampp\htdocs\marcial_1_0\partials\_sidebar.php on line 208
[26-Apr-2026 17:03:30 America/Sao_Paulo] PHP Warning:  Undefined array key "c_sidebar" in C:\xampp\htdocs\marcial_1_0\partials\_sidebar.php on line 214
[26-Apr-2026 17:03:30 America/Sao_Paulo] PHP Warning:  Undefined array key "c_sidebar" in C:\xampp\htdocs\marcial_1_0\partials\_sidebar.php on line 215
[26-Apr-2026 17:03:30 America/Sao_Paulo] PHP Warning:  Undefined array key "c_sidebar" in C:\xampp\htdocs\marcial_1_0\partials\_sidebar.php on line 216
[26-Apr-2026 17:03:30 America/Sao_Paulo] PHP Warning:  Undefined array key "c_sidebar" in C:\xampp\htdocs\marcial_1_0\partials\_sidebar.php on line 219
[26-Apr-2026 17:03:30 America/Sao_Paulo] PHP Warning:  Undefined array key "c_sidebar" in C:\xampp\htdocs\marcial_1_0\partials\_sidebar.php on line 220
[26-Apr-2026 17:03:30 America/Sao_Paulo] PHP Warning:  Undefined array key "c_sidebar" in C:\xampp\htdocs\marcial_1_0\partials\_sidebar.php on line 221
[26-Apr-2026 17:03:30 America/Sao_Paulo] PHP Warning:  Undefined array key "c_sidebar" in C:\xampp\htdocs\marcial_1_0\partials\_sidebar.php on line 234
[26-Apr-2026 17:03:30 America/Sao_Paulo] PHP Warning:  Undefined array key "c_sidebar" in C:\xampp\htdocs\marcial_1_0\partials\_sidebar.php on line 235
[26-Apr-2026 17:03:30 America/Sao_Paulo] PHP Warning:  Undefined array key "c_sidebar" in C:\xampp\htdocs\marcial_1_0\partials\_sidebar.php on line 236
[26-Apr-2026 17:03:30 America/Sao_Paulo] PHP Warning:  Undefined array key "c_sidebar" in C:\xampp\htdocs\marcial_1_0\partials\_sidebar.php on line 245
[26-Apr-2026 17:03:30 America/Sao_Paulo] PHP Warning:  Undefined array key "c_sidebar" in C:\xampp\htdocs\marcial_1_0\partials\_sidebar.php on line 259
[26-Apr-2026 17:03:30 America/Sao_Paulo] PHP Warning:  Undefined array key "c_sidebar" in C:\xampp\htdocs\marcial_1_0\partials\_sidebar.php on line 260
[26-Apr-2026 17:03:30 America/Sao_Paulo] PHP Warning:  Undefined array key "c_sidebar" in C:\xampp\htdocs\marcial_1_0\partials\_sidebar.php on line 261
[26-Apr-2026 17:03:30 America/Sao_Paulo] PHP Warning:  Undefined array key "c_sidebar" in C:\xampp\htdocs\marcial_1_0\partials\_sidebar.php on line 266
[26-Apr-2026 17:03:30 America/Sao_Paulo] PHP Warning:  Undefined array key "c_sidebar" in C:\xampp\htdocs\marcial_1_0\partials\_sidebar.php on line 271
[26-Apr-2026 17:03:30 America/Sao_Paulo] PHP Warning:  Undefined array key "c_sidebar" in C:\xampp\htdocs\marcial_1_0\partials\_sidebar.php on line 272
[26-Apr-2026 17:03:30 America/Sao_Paulo] PHP Warning:  Undefined array key "c_sidebar" in C:\xampp\htdocs\marcial_1_0\partials\_sidebar.php on line 273
[26-Apr-2026 17:03:30 America/Sao_Paulo] PHP Warning:  Undefined array key "c_sidebar" in C:\xampp\htdocs\marcial_1_0\partials\_sidebar.php on line 285
[26-Apr-2026 17:03:30 America/Sao_Paulo] PHP Warning:  Undefined array key "c_sidebar" in C:\xampp\htdocs\marcial_1_0\partials\_sidebar.php on line 285
[26-Apr-2026 17:03:30 America/Sao_Paulo] PHP Warning:  Undefined array key "c_sidebar" in C:\xampp\htdocs\marcial_1_0\partials\_sidebar.php on line 286
[26-Apr-2026 17:04:32 America/Sao_Paulo] PHP Warning:  Undefined array key "c_sidebar" in C:\xampp\htdocs\marcial_1_0\partials\_sidebar.php on line 135
[26-Apr-2026 17:04:32 America/Sao_Paulo] PHP Warning:  Undefined array key "c_sidebar" in C:\xampp\htdocs\marcial_1_0\partials\_sidebar.php on line 206
[26-Apr-2026 17:04:32 America/Sao_Paulo] PHP Warning:  Undefined array key "c_sidebar" in C:\xampp\htdocs\marcial_1_0\partials\_sidebar.php on line 207
[26-Apr-2026 17:04:32 America/Sao_Paulo] PHP Warning:  Undefined array key "c_sidebar" in C:\xampp\htdocs\marcial_1_0\partials\_sidebar.php on line 208
[26-Apr-2026 17:04:32 America/Sao_Paulo] PHP Warning:  Undefined array key "c_sidebar" in C:\xampp\htdocs\marcial_1_0\partials\_sidebar.php on line 214
[26-Apr-2026 17:04:32 America/Sao_Paulo] PHP Warning:  Undefined array key "c_sidebar" in C:\xampp\htdocs\marcial_1_0\partials\_sidebar.php on line 215
[26-Apr-2026 17:04:32 America/Sao_Paulo] PHP Warning:  Undefined array key "c_sidebar" in C:\xampp\htdocs\marcial_1_0\partials\_sidebar.php on line 216
[26-Apr-2026 17:04:32 America/Sao_Paulo] PHP Warning:  Undefined array key "c_sidebar" in C:\xampp\htdocs\marcial_1_0\partials\_sidebar.php on line 219
[26-Apr-2026 17:04:32 America/Sao_Paulo] PHP Warning:  Undefined array key "c_sidebar" in C:\xampp\htdocs\marcial_1_0\partials\_sidebar.php on line 220
[26-Apr-2026 17:04:32 America/Sao_Paulo] PHP Warning:  Undefined array key "c_sidebar" in C:\xampp\htdocs\marcial_1_0\partials\_sidebar.php on line 221
[26-Apr-2026 17:04:32 America/Sao_Paulo] PHP Warning:  Undefined array key "c_sidebar" in C:\xampp\htdocs\marcial_1_0\partials\_sidebar.php on line 234
[26-Apr-2026 17:04:32 America/Sao_Paulo] PHP Warning:  Undefined array key "c_sidebar" in C:\xampp\htdocs\marcial_1_0\partials\_sidebar.php on line 235
[26-Apr-2026 17:04:32 America/Sao_Paulo] PHP Warning:  Undefined array key "c_sidebar" in C:\xampp\htdocs\marcial_1_0\partials\_sidebar.php on line 236
[26-Apr-2026 17:04:32 America/Sao_Paulo] PHP Warning:  Undefined array key "c_sidebar" in C:\xampp\htdocs\marcial_1_0\partials\_sidebar.php on line 245
[26-Apr-2026 17:04:32 America/Sao_Paulo] PHP Warning:  Undefined array key "c_sidebar" in C:\xampp\htdocs\marcial_1_0\partials\_sidebar.php on line 259
[26-Apr-2026 17:04:32 America/Sao_Paulo] PHP Warning:  Undefined array key "c_sidebar" in C:\xampp\htdocs\marcial_1_0\partials\_sidebar.php on line 260
[26-Apr-2026 17:04:32 America/Sao_Paulo] PHP Warning:  Undefined array key "c_sidebar" in C:\xampp\htdocs\marcial_1_0\partials\_sidebar.php on line 261
[26-Apr-2026 17:04:32 America/Sao_Paulo] PHP Warning:  Undefined array key "c_sidebar" in C:\xampp\htdocs\marcial_1_0\partials\_sidebar.php on line 266
[26-Apr-2026 17:04:32 America/Sao_Paulo] PHP Warning:  Undefined array key "c_sidebar" in C:\xampp\htdocs\marcial_1_0\partials\_sidebar.php on line 271
[26-Apr-2026 17:04:32 America/Sao_Paulo] PHP Warning:  Undefined array key "c_sidebar" in C:\xampp\htdocs\marcial_1_0\partials\_sidebar.php on line 272
[26-Apr-2026 17:04:32 America/Sao_Paulo] PHP Warning:  Undefined array key "c_sidebar" in C:\xampp\htdocs\marcial_1_0\partials\_sidebar.php on line 273
[26-Apr-2026 17:04:32 America/Sao_Paulo] PHP Warning:  Undefined array key "c_sidebar" in C:\xampp\htdocs\marcial_1_0\partials\_sidebar.php on line 285
[26-Apr-2026 17:04:32 America/Sao_Paulo] PHP Warning:  Undefined array key "c_sidebar" in C:\xampp\htdocs\marcial_1_0\partials\_sidebar.php on line 285
[26-Apr-2026 17:04:32 America/Sao_Paulo] PHP Warning:  Undefined array key "c_sidebar" in C:\xampp\htdocs\marcial_1_0\partials\_sidebar.php on line 286
[26-Apr-2026 17:04:32 America/Sao_Paulo] PHP Warning:  Undefined array key "id" in C:\xampp\htdocs\marcial_1_0\pages\md_treinos\index.php on line 220
[26-Apr-2026 17:05:48 America/Sao_Paulo] PHP Warning:  Undefined array key "c_sidebar" in C:\xampp\htdocs\marcial_1_0\partials\_sidebar.php on line 135
[26-Apr-2026 17:05:48 America/Sao_Paulo] PHP Warning:  Undefined array key "c_sidebar" in C:\xampp\htdocs\marcial_1_0\partials\_sidebar.php on line 206
[26-Apr-2026 17:05:48 America/Sao_Paulo] PHP Warning:  Undefined array key "c_sidebar" in C:\xampp\htdocs\marcial_1_0\partials\_sidebar.php on line 207
[26-Apr-2026 17:05:48 America/Sao_Paulo] PHP Warning:  Undefined array key "c_sidebar" in C:\xampp\htdocs\marcial_1_0\partials\_sidebar.php on line 208
[26-Apr-2026 17:05:48 America/Sao_Paulo] PHP Warning:  Undefined array key "c_sidebar" in C:\xampp\htdocs\marcial_1_0\partials\_sidebar.php on line 214
[26-Apr-2026 17:05:48 America/Sao_Paulo] PHP Warning:  Undefined array key "c_sidebar" in C:\xampp\htdocs\marcial_1_0\partials\_sidebar.php on line 215
[26-Apr-2026 17:05:48 America/Sao_Paulo] PHP Warning:  Undefined array key "c_sidebar" in C:\xampp\htdocs\marcial_1_0\partials\_sidebar.php on line 216
[26-Apr-2026 17:05:48 America/Sao_Paulo] PHP Warning:  Undefined array key "c_sidebar" in C:\xampp\htdocs\marcial_1_0\partials\_sidebar.php on line 219
[26-Apr-2026 17:05:48 America/Sao_Paulo] PHP Warning:  Undefined array key "c_sidebar" in C:\xampp\htdocs\marcial_1_0\partials\_sidebar.php on line 220
[26-Apr-2026 17:05:48 America/Sao_Paulo] PHP Warning:  Undefined array key "c_sidebar" in C:\xampp\htdocs\marcial_1_0\partials\_sidebar.php on line 221
[26-Apr-2026 17:05:48 America/Sao_Paulo] PHP Warning:  Undefined array key "c_sidebar" in C:\xampp\htdocs\marcial_1_0\partials\_sidebar.php on line 234
[26-Apr-2026 17:05:48 America/Sao_Paulo] PHP Warning:  Undefined array key "c_sidebar" in C:\xampp\htdocs\marcial_1_0\partials\_sidebar.php on line 235
[26-Apr-2026 17:05:48 America/Sao_Paulo] PHP Warning:  Undefined array key "c_sidebar" in C:\xampp\htdocs\marcial_1_0\partials\_sidebar.php on line 236
[26-Apr-2026 17:05:48 America/Sao_Paulo] PHP Warning:  Undefined array key "c_sidebar" in C:\xampp\htdocs\marcial_1_0\partials\_sidebar.php on line 245
[26-Apr-2026 17:05:48 America/Sao_Paulo] PHP Warning:  Undefined array key "c_sidebar" in C:\xampp\htdocs\marcial_1_0\partials\_sidebar.php on line 259
[26-Apr-2026 17:05:48 America/Sao_Paulo] PHP Warning:  Undefined array key "c_sidebar" in C:\xampp\htdocs\marcial_1_0\partials\_sidebar.php on line 260
[26-Apr-2026 17:05:48 America/Sao_Paulo] PHP Warning:  Undefined array key "c_sidebar" in C:\xampp\htdocs\marcial_1_0\partials\_sidebar.php on line 261
[26-Apr-2026 17:05:48 America/Sao_Paulo] PHP Warning:  Undefined array key "c_sidebar" in C:\xampp\htdocs\marcial_1_0\partials\_sidebar.php on line 266
[26-Apr-2026 17:05:48 America/Sao_Paulo] PHP Warning:  Undefined array key "c_sidebar" in C:\xampp\htdocs\marcial_1_0\partials\_sidebar.php on line 271
[26-Apr-2026 17:05:48 America/Sao_Paulo] PHP Warning:  Undefined array key "c_sidebar" in C:\xampp\htdocs\marcial_1_0\partials\_sidebar.php on line 272
[26-Apr-2026 17:05:48 America/Sao_Paulo] PHP Warning:  Undefined array key "c_sidebar" in C:\xampp\htdocs\marcial_1_0\partials\_sidebar.php on line 273
[26-Apr-2026 17:05:48 America/Sao_Paulo] PHP Warning:  Undefined array key "c_sidebar" in C:\xampp\htdocs\marcial_1_0\partials\_sidebar.php on line 285
[26-Apr-2026 17:05:48 America/Sao_Paulo] PHP Warning:  Undefined array key "c_sidebar" in C:\xampp\htdocs\marcial_1_0\partials\_sidebar.php on line 285
[26-Apr-2026 17:05:48 America/Sao_Paulo] PHP Warning:  Undefined array key "c_sidebar" in C:\xampp\htdocs\marcial_1_0\partials\_sidebar.php on line 286
[26-Apr-2026 17:05:48 America/Sao_Paulo] PHP Warning:  Undefined array key "id" in C:\xampp\htdocs\marcial_1_0\pages\md_treinos\index.php on line 220
[26-Apr-2026 17:05:50 America/Sao_Paulo] PHP Warning:  Undefined array key "c_sidebar" in C:\xampp\htdocs\marcial_1_0\partials\_sidebar.php on line 135
[26-Apr-2026 17:05:50 America/Sao_Paulo] PHP Warning:  Undefined array key "c_sidebar" in C:\xampp\htdocs\marcial_1_0\partials\_sidebar.php on line 206
[26-Apr-2026 17:05:50 America/Sao_Paulo] PHP Warning:  Undefined array key "c_sidebar" in C:\xampp\htdocs\marcial_1_0\partials\_sidebar.php on line 207
[26-Apr-2026 17:05:50 America/Sao_Paulo] PHP Warning:  Undefined array key "c_sidebar" in C:\xampp\htdocs\marcial_1_0\partials\_sidebar.php on line 208
[26-Apr-2026 17:05:50 America/Sao_Paulo] PHP Warning:  Undefined array key "c_sidebar" in C:\xampp\htdocs\marcial_1_0\partials\_sidebar.php on line 214
[26-Apr-2026 17:05:50 America/Sao_Paulo] PHP Warning:  Undefined array key "c_sidebar" in C:\xampp\htdocs\marcial_1_0\partials\_sidebar.php on line 215
[26-Apr-2026 17:05:50 America/Sao_Paulo] PHP Warning:  Undefined array key "c_sidebar" in C:\xampp\htdocs\marcial_1_0\partials\_sidebar.php on line 216
[26-Apr-2026 17:05:50 America/Sao_Paulo] PHP Warning:  Undefined array key "c_sidebar" in C:\xampp\htdocs\marcial_1_0\partials\_sidebar.php on line 219
[26-Apr-2026 17:05:50 America/Sao_Paulo] PHP Warning:  Undefined array key "c_sidebar" in C:\xampp\htdocs\marcial_1_0\partials\_sidebar.php on line 220
[26-Apr-2026 17:05:50 America/Sao_Paulo] PHP Warning:  Undefined array key "c_sidebar" in C:\xampp\htdocs\marcial_1_0\partials\_sidebar.php on line 221
[26-Apr-2026 17:05:50 America/Sao_Paulo] PHP Warning:  Undefined array key "c_sidebar" in C:\xampp\htdocs\marcial_1_0\partials\_sidebar.php on line 234
[26-Apr-2026 17:05:50 America/Sao_Paulo] PHP Warning:  Undefined array key "c_sidebar" in C:\xampp\htdocs\marcial_1_0\partials\_sidebar.php on line 235
[26-Apr-2026 17:05:50 America/Sao_Paulo] PHP Warning:  Undefined array key "c_sidebar" in C:\xampp\htdocs\marcial_1_0\partials\_sidebar.php on line 236
[26-Apr-2026 17:05:50 America/Sao_Paulo] PHP Warning:  Undefined array key "c_sidebar" in C:\xampp\htdocs\marcial_1_0\partials\_sidebar.php on line 245
[26-Apr-2026 17:05:50 America/Sao_Paulo] PHP Warning:  Undefined array key "c_sidebar" in C:\xampp\htdocs\marcial_1_0\partials\_sidebar.php on line 259
[26-Apr-2026 17:05:50 America/Sao_Paulo] PHP Warning:  Undefined array key "c_sidebar" in C:\xampp\htdocs\marcial_1_0\partials\_sidebar.php on line 260
[26-Apr-2026 17:05:50 America/Sao_Paulo] PHP Warning:  Undefined array key "c_sidebar" in C:\xampp\htdocs\marcial_1_0\partials\_sidebar.php on line 261
[26-Apr-2026 17:05:50 America/Sao_Paulo] PHP Warning:  Undefined array key "c_sidebar" in C:\xampp\htdocs\marcial_1_0\partials\_sidebar.php on line 266
[26-Apr-2026 17:05:50 America/Sao_Paulo] PHP Warning:  Undefined array key "c_sidebar" in C:\xampp\htdocs\marcial_1_0\partials\_sidebar.php on line 271
[26-Apr-2026 17:05:50 America/Sao_Paulo] PHP Warning:  Undefined array key "c_sidebar" in C:\xampp\htdocs\marcial_1_0\partials\_sidebar.php on line 272
[26-Apr-2026 17:05:50 America/Sao_Paulo] PHP Warning:  Undefined array key "c_sidebar" in C:\xampp\htdocs\marcial_1_0\partials\_sidebar.php on line 273
[26-Apr-2026 17:05:50 America/Sao_Paulo] PHP Warning:  Undefined array key "c_sidebar" in C:\xampp\htdocs\marcial_1_0\partials\_sidebar.php on line 285
[26-Apr-2026 17:05:50 America/Sao_Paulo] PHP Warning:  Undefined array key "c_sidebar" in C:\xampp\htdocs\marcial_1_0\partials\_sidebar.php on line 285
[26-Apr-2026 17:05:50 America/Sao_Paulo] PHP Warning:  Undefined array key "c_sidebar" in C:\xampp\htdocs\marcial_1_0\partials\_sidebar.php on line 286
[26-Apr-2026 17:05:50 America/Sao_Paulo] PHP Warning:  Undefined array key "id" in C:\xampp\htdocs\marcial_1_0\pages\md_treinos\index.php on line 220
[26-Apr-2026 17:06:36 America/Sao_Paulo] PHP Warning:  Undefined array key "c_sidebar" in C:\xampp\htdocs\marcial_1_0\partials\_sidebar.php on line 135
[26-Apr-2026 17:06:36 America/Sao_Paulo] PHP Warning:  Undefined array key "c_sidebar" in C:\xampp\htdocs\marcial_1_0\partials\_sidebar.php on line 206
[26-Apr-2026 17:06:36 America/Sao_Paulo] PHP Warning:  Undefined array key "c_sidebar" in C:\xampp\htdocs\marcial_1_0\partials\_sidebar.php on line 207
[26-Apr-2026 17:06:36 America/Sao_Paulo] PHP Warning:  Undefined array key "c_sidebar" in C:\xampp\htdocs\marcial_1_0\partials\_sidebar.php on line 208
[26-Apr-2026 17:06:36 America/Sao_Paulo] PHP Warning:  Undefined array key "c_sidebar" in C:\xampp\htdocs\marcial_1_0\partials\_sidebar.php on line 214
[26-Apr-2026 17:06:36 America/Sao_Paulo] PHP Warning:  Undefined array key "c_sidebar" in C:\xampp\htdocs\marcial_1_0\partials\_sidebar.php on line 215
[26-Apr-2026 17:06:36 America/Sao_Paulo] PHP Warning:  Undefined array key "c_sidebar" in C:\xampp\htdocs\marcial_1_0\partials\_sidebar.php on line 216
[26-Apr-2026 17:06:36 America/Sao_Paulo] PHP Warning:  Undefined array key "c_sidebar" in C:\xampp\htdocs\marcial_1_0\partials\_sidebar.php on line 219
[26-Apr-2026 17:06:36 America/Sao_Paulo] PHP Warning:  Undefined array key "c_sidebar" in C:\xampp\htdocs\marcial_1_0\partials\_sidebar.php on line 220
[26-Apr-2026 17:06:36 America/Sao_Paulo] PHP Warning:  Undefined array key "c_sidebar" in C:\xampp\htdocs\marcial_1_0\partials\_sidebar.php on line 221
[26-Apr-2026 17:06:36 America/Sao_Paulo] PHP Warning:  Undefined array key "c_sidebar" in C:\xampp\htdocs\marcial_1_0\partials\_sidebar.php on line 234
[26-Apr-2026 17:06:36 America/Sao_Paulo] PHP Warning:  Undefined array key "c_sidebar" in C:\xampp\htdocs\marcial_1_0\partials\_sidebar.php on line 235
[26-Apr-2026 17:06:36 America/Sao_Paulo] PHP Warning:  Undefined array key "c_sidebar" in C:\xampp\htdocs\marcial_1_0\partials\_sidebar.php on line 236
[26-Apr-2026 17:06:36 America/Sao_Paulo] PHP Warning:  Undefined array key "c_sidebar" in C:\xampp\htdocs\marcial_1_0\partials\_sidebar.php on line 245
[26-Apr-2026 17:06:36 America/Sao_Paulo] PHP Warning:  Undefined array key "c_sidebar" in C:\xampp\htdocs\marcial_1_0\partials\_sidebar.php on line 259
[26-Apr-2026 17:06:36 America/Sao_Paulo] PHP Warning:  Undefined array key "c_sidebar" in C:\xampp\htdocs\marcial_1_0\partials\_sidebar.php on line 260
[26-Apr-2026 17:06:36 America/Sao_Paulo] PHP Warning:  Undefined array key "c_sidebar" in C:\xampp\htdocs\marcial_1_0\partials\_sidebar.php on line 261
[26-Apr-2026 17:06:36 America/Sao_Paulo] PHP Warning:  Undefined array key "c_sidebar" in C:\xampp\htdocs\marcial_1_0\partials\_sidebar.php on line 266
[26-Apr-2026 17:06:36 America/Sao_Paulo] PHP Warning:  Undefined array key "c_sidebar" in C:\xampp\htdocs\marcial_1_0\partials\_sidebar.php on line 271
[26-Apr-2026 17:06:36 America/Sao_Paulo] PHP Warning:  Undefined array key "c_sidebar" in C:\xampp\htdocs\marcial_1_0\partials\_sidebar.php on line 272
[26-Apr-2026 17:06:36 America/Sao_Paulo] PHP Warning:  Undefined array key "c_sidebar" in C:\xampp\htdocs\marcial_1_0\partials\_sidebar.php on line 273
[26-Apr-2026 17:06:36 America/Sao_Paulo] PHP Warning:  Undefined array key "c_sidebar" in C:\xampp\htdocs\marcial_1_0\partials\_sidebar.php on line 285
[26-Apr-2026 17:06:36 America/Sao_Paulo] PHP Warning:  Undefined array key "c_sidebar" in C:\xampp\htdocs\marcial_1_0\partials\_sidebar.php on line 285
[26-Apr-2026 17:06:36 America/Sao_Paulo] PHP Warning:  Undefined array key "c_sidebar" in C:\xampp\htdocs\marcial_1_0\partials\_sidebar.php on line 286
[26-Apr-2026 17:06:36 America/Sao_Paulo] PHP Warning:  Undefined array key "id" in C:\xampp\htdocs\marcial_1_0\pages\md_treinos\index.php on line 220
[26-Apr-2026 17:08:04 America/Sao_Paulo] PHP Warning:  Undefined array key "c_sidebar" in C:\xampp\htdocs\marcial_1_0\partials\_sidebar.php on line 135
[26-Apr-2026 17:08:04 America/Sao_Paulo] PHP Warning:  Undefined array key "c_sidebar" in C:\xampp\htdocs\marcial_1_0\partials\_sidebar.php on line 206
[26-Apr-2026 17:08:04 America/Sao_Paulo] PHP Warning:  Undefined array key "c_sidebar" in C:\xampp\htdocs\marcial_1_0\partials\_sidebar.php on line 207
[26-Apr-2026 17:08:04 America/Sao_Paulo] PHP Warning:  Undefined array key "c_sidebar" in C:\xampp\htdocs\marcial_1_0\partials\_sidebar.php on line 208
[26-Apr-2026 17:08:04 America/Sao_Paulo] PHP Warning:  Undefined array key "c_sidebar" in C:\xampp\htdocs\marcial_1_0\partials\_sidebar.php on line 214
[26-Apr-2026 17:08:04 America/Sao_Paulo] PHP Warning:  Undefined array key "c_sidebar" in C:\xampp\htdocs\marcial_1_0\partials\_sidebar.php on line 215
[26-Apr-2026 17:08:04 America/Sao_Paulo] PHP Warning:  Undefined array key "c_sidebar" in C:\xampp\htdocs\marcial_1_0\partials\_sidebar.php on line 216
[26-Apr-2026 17:08:04 America/Sao_Paulo] PHP Warning:  Undefined array key "c_sidebar" in C:\xampp\htdocs\marcial_1_0\partials\_sidebar.php on line 219
[26-Apr-2026 17:08:04 America/Sao_Paulo] PHP Warning:  Undefined array key "c_sidebar" in C:\xampp\htdocs\marcial_1_0\partials\_sidebar.php on line 220
[26-Apr-2026 17:08:04 America/Sao_Paulo] PHP Warning:  Undefined array key "c_sidebar" in C:\xampp\htdocs\marcial_1_0\partials\_sidebar.php on line 221
[26-Apr-2026 17:08:04 America/Sao_Paulo] PHP Warning:  Undefined array key "c_sidebar" in C:\xampp\htdocs\marcial_1_0\partials\_sidebar.php on line 234
[26-Apr-2026 17:08:04 America/Sao_Paulo] PHP Warning:  Undefined array key "c_sidebar" in C:\xampp\htdocs\marcial_1_0\partials\_sidebar.php on line 235
[26-Apr-2026 17:08:04 America/Sao_Paulo] PHP Warning:  Undefined array key "c_sidebar" in C:\xampp\htdocs\marcial_1_0\partials\_sidebar.php on line 236
[26-Apr-2026 17:08:04 America/Sao_Paulo] PHP Warning:  Undefined array key "c_sidebar" in C:\xampp\htdocs\marcial_1_0\partials\_sidebar.php on line 245
[26-Apr-2026 17:08:04 America/Sao_Paulo] PHP Warning:  Undefined array key "c_sidebar" in C:\xampp\htdocs\marcial_1_0\partials\_sidebar.php on line 259
[26-Apr-2026 17:08:04 America/Sao_Paulo] PHP Warning:  Undefined array key "c_sidebar" in C:\xampp\htdocs\marcial_1_0\partials\_sidebar.php on line 260
[26-Apr-2026 17:08:04 America/Sao_Paulo] PHP Warning:  Undefined array key "c_sidebar" in C:\xampp\htdocs\marcial_1_0\partials\_sidebar.php on line 261
[26-Apr-2026 17:08:04 America/Sao_Paulo] PHP Warning:  Undefined array key "c_sidebar" in C:\xampp\htdocs\marcial_1_0\partials\_sidebar.php on line 266
[26-Apr-2026 17:08:04 America/Sao_Paulo] PHP Warning:  Undefined array key "c_sidebar" in C:\xampp\htdocs\marcial_1_0\partials\_sidebar.php on line 271
[26-Apr-2026 17:08:04 America/Sao_Paulo] PHP Warning:  Undefined array key "c_sidebar" in C:\xampp\htdocs\marcial_1_0\partials\_sidebar.php on line 272
[26-Apr-2026 17:08:04 America/Sao_Paulo] PHP Warning:  Undefined array key "c_sidebar" in C:\xampp\htdocs\marcial_1_0\partials\_sidebar.php on line 273
[26-Apr-2026 17:08:04 America/Sao_Paulo] PHP Warning:  Undefined array key "c_sidebar" in C:\xampp\htdocs\marcial_1_0\partials\_sidebar.php on line 285
[26-Apr-2026 17:08:04 America/Sao_Paulo] PHP Warning:  Undefined array key "c_sidebar" in C:\xampp\htdocs\marcial_1_0\partials\_sidebar.php on line 285
[26-Apr-2026 17:08:04 America/Sao_Paulo] PHP Warning:  Undefined array key "c_sidebar" in C:\xampp\htdocs\marcial_1_0\partials\_sidebar.php on line 286
[26-Apr-2026 17:08:04 America/Sao_Paulo] PHP Warning:  Undefined array key "id" in C:\xampp\htdocs\marcial_1_0\pages\md_treinos\index.php on line 220
[26-Apr-2026 17:08:16 America/Sao_Paulo] PHP Warning:  Undefined array key "c_sidebar" in C:\xampp\htdocs\marcial_1_0\partials\_sidebar.php on line 135
[26-Apr-2026 17:08:16 America/Sao_Paulo] PHP Warning:  Undefined array key "c_sidebar" in C:\xampp\htdocs\marcial_1_0\partials\_sidebar.php on line 206
[26-Apr-2026 17:08:16 America/Sao_Paulo] PHP Warning:  Undefined array key "c_sidebar" in C:\xampp\htdocs\marcial_1_0\partials\_sidebar.php on line 207
[26-Apr-2026 17:08:16 America/Sao_Paulo] PHP Warning:  Undefined array key "c_sidebar" in C:\xampp\htdocs\marcial_1_0\partials\_sidebar.php on line 208
[26-Apr-2026 17:08:16 America/Sao_Paulo] PHP Warning:  Undefined array key "c_sidebar" in C:\xampp\htdocs\marcial_1_0\partials\_sidebar.php on line 214
[26-Apr-2026 17:08:16 America/Sao_Paulo] PHP Warning:  Undefined array key "c_sidebar" in C:\xampp\htdocs\marcial_1_0\partials\_sidebar.php on line 215
[26-Apr-2026 17:08:16 America/Sao_Paulo] PHP Warning:  Undefined array key "c_sidebar" in C:\xampp\htdocs\marcial_1_0\partials\_sidebar.php on line 216
[26-Apr-2026 17:08:16 America/Sao_Paulo] PHP Warning:  Undefined array key "c_sidebar" in C:\xampp\htdocs\marcial_1_0\partials\_sidebar.php on line 219
[26-Apr-2026 17:08:16 America/Sao_Paulo] PHP Warning:  Undefined array key "c_sidebar" in C:\xampp\htdocs\marcial_1_0\partials\_sidebar.php on line 220
[26-Apr-2026 17:08:16 America/Sao_Paulo] PHP Warning:  Undefined array key "c_sidebar" in C:\xampp\htdocs\marcial_1_0\partials\_sidebar.php on line 221
[26-Apr-2026 17:08:16 America/Sao_Paulo] PHP Warning:  Undefined array key "c_sidebar" in C:\xampp\htdocs\marcial_1_0\partials\_sidebar.php on line 234
[26-Apr-2026 17:08:16 America/Sao_Paulo] PHP Warning:  Undefined array key "c_sidebar" in C:\xampp\htdocs\marcial_1_0\partials\_sidebar.php on line 235
[26-Apr-2026 17:08:16 America/Sao_Paulo] PHP Warning:  Undefined array key "c_sidebar" in C:\xampp\htdocs\marcial_1_0\partials\_sidebar.php on line 236
[26-Apr-2026 17:08:16 America/Sao_Paulo] PHP Warning:  Undefined array key "c_sidebar" in C:\xampp\htdocs\marcial_1_0\partials\_sidebar.php on line 245
[26-Apr-2026 17:08:16 America/Sao_Paulo] PHP Warning:  Undefined array key "c_sidebar" in C:\xampp\htdocs\marcial_1_0\partials\_sidebar.php on line 259
[26-Apr-2026 17:08:16 America/Sao_Paulo] PHP Warning:  Undefined array key "c_sidebar" in C:\xampp\htdocs\marcial_1_0\partials\_sidebar.php on line 260
[26-Apr-2026 17:08:16 America/Sao_Paulo] PHP Warning:  Undefined array key "c_sidebar" in C:\xampp\htdocs\marcial_1_0\partials\_sidebar.php on line 261
[26-Apr-2026 17:08:16 America/Sao_Paulo] PHP Warning:  Undefined array key "c_sidebar" in C:\xampp\htdocs\marcial_1_0\partials\_sidebar.php on line 266
[26-Apr-2026 17:08:16 America/Sao_Paulo] PHP Warning:  Undefined array key "c_sidebar" in C:\xampp\htdocs\marcial_1_0\partials\_sidebar.php on line 271
[26-Apr-2026 17:08:16 America/Sao_Paulo] PHP Warning:  Undefined array key "c_sidebar" in C:\xampp\htdocs\marcial_1_0\partials\_sidebar.php on line 272
[26-Apr-2026 17:08:16 America/Sao_Paulo] PHP Warning:  Undefined array key "c_sidebar" in C:\xampp\htdocs\marcial_1_0\partials\_sidebar.php on line 273
[26-Apr-2026 17:08:16 America/Sao_Paulo] PHP Warning:  Undefined array key "c_sidebar" in C:\xampp\htdocs\marcial_1_0\partials\_sidebar.php on line 285
[26-Apr-2026 17:08:16 America/Sao_Paulo] PHP Warning:  Undefined array key "c_sidebar" in C:\xampp\htdocs\marcial_1_0\partials\_sidebar.php on line 285
[26-Apr-2026 17:08:16 America/Sao_Paulo] PHP Warning:  Undefined array key "c_sidebar" in C:\xampp\htdocs\marcial_1_0\partials\_sidebar.php on line 286
[26-Apr-2026 17:08:16 America/Sao_Paulo] PHP Warning:  Undefined array key "id" in C:\xampp\htdocs\marcial_1_0\pages\md_treinos\index.php on line 225
[26-Apr-2026 17:08:34 America/Sao_Paulo] PHP Warning:  Undefined array key "c_sidebar" in C:\xampp\htdocs\marcial_1_0\partials\_sidebar.php on line 135
[26-Apr-2026 17:08:34 America/Sao_Paulo] PHP Warning:  Undefined array key "c_sidebar" in C:\xampp\htdocs\marcial_1_0\partials\_sidebar.php on line 206
[26-Apr-2026 17:08:34 America/Sao_Paulo] PHP Warning:  Undefined array key "c_sidebar" in C:\xampp\htdocs\marcial_1_0\partials\_sidebar.php on line 207
[26-Apr-2026 17:08:34 America/Sao_Paulo] PHP Warning:  Undefined array key "c_sidebar" in C:\xampp\htdocs\marcial_1_0\partials\_sidebar.php on line 208
[26-Apr-2026 17:08:34 America/Sao_Paulo] PHP Warning:  Undefined array key "c_sidebar" in C:\xampp\htdocs\marcial_1_0\partials\_sidebar.php on line 214
[26-Apr-2026 17:08:34 America/Sao_Paulo] PHP Warning:  Undefined array key "c_sidebar" in C:\xampp\htdocs\marcial_1_0\partials\_sidebar.php on line 215
[26-Apr-2026 17:08:34 America/Sao_Paulo] PHP Warning:  Undefined array key "c_sidebar" in C:\xampp\htdocs\marcial_1_0\partials\_sidebar.php on line 216
[26-Apr-2026 17:08:34 America/Sao_Paulo] PHP Warning:  Undefined array key "c_sidebar" in C:\xampp\htdocs\marcial_1_0\partials\_sidebar.php on line 219
[26-Apr-2026 17:08:34 America/Sao_Paulo] PHP Warning:  Undefined array key "c_sidebar" in C:\xampp\htdocs\marcial_1_0\partials\_sidebar.php on line 220
[26-Apr-2026 17:08:34 America/Sao_Paulo] PHP Warning:  Undefined array key "c_sidebar" in C:\xampp\htdocs\marcial_1_0\partials\_sidebar.php on line 221
[26-Apr-2026 17:08:34 America/Sao_Paulo] PHP Warning:  Undefined array key "c_sidebar" in C:\xampp\htdocs\marcial_1_0\partials\_sidebar.php on line 234
[26-Apr-2026 17:08:34 America/Sao_Paulo] PHP Warning:  Undefined array key "c_sidebar" in C:\xampp\htdocs\marcial_1_0\partials\_sidebar.php on line 235
[26-Apr-2026 17:08:34 America/Sao_Paulo] PHP Warning:  Undefined array key "c_sidebar" in C:\xampp\htdocs\marcial_1_0\partials\_sidebar.php on line 236
[26-Apr-2026 17:08:34 America/Sao_Paulo] PHP Warning:  Undefined array key "c_sidebar" in C:\xampp\htdocs\marcial_1_0\partials\_sidebar.php on line 245
[26-Apr-2026 17:08:34 America/Sao_Paulo] PHP Warning:  Undefined array key "c_sidebar" in C:\xampp\htdocs\marcial_1_0\partials\_sidebar.php on line 259
[26-Apr-2026 17:08:34 America/Sao_Paulo] PHP Warning:  Undefined array key "c_sidebar" in C:\xampp\htdocs\marcial_1_0\partials\_sidebar.php on line 260
[26-Apr-2026 17:08:34 America/Sao_Paulo] PHP Warning:  Undefined array key "c_sidebar" in C:\xampp\htdocs\marcial_1_0\partials\_sidebar.php on line 261
[26-Apr-2026 17:08:34 America/Sao_Paulo] PHP Warning:  Undefined array key "c_sidebar" in C:\xampp\htdocs\marcial_1_0\partials\_sidebar.php on line 266
[26-Apr-2026 17:08:34 America/Sao_Paulo] PHP Warning:  Undefined array key "c_sidebar" in C:\xampp\htdocs\marcial_1_0\partials\_sidebar.php on line 271
[26-Apr-2026 17:08:34 America/Sao_Paulo] PHP Warning:  Undefined array key "c_sidebar" in C:\xampp\htdocs\marcial_1_0\partials\_sidebar.php on line 272
[26-Apr-2026 17:08:34 America/Sao_Paulo] PHP Warning:  Undefined array key "c_sidebar" in C:\xampp\htdocs\marcial_1_0\partials\_sidebar.php on line 273
[26-Apr-2026 17:08:34 America/Sao_Paulo] PHP Warning:  Undefined array key "c_sidebar" in C:\xampp\htdocs\marcial_1_0\partials\_sidebar.php on line 285
[26-Apr-2026 17:08:34 America/Sao_Paulo] PHP Warning:  Undefined array key "c_sidebar" in C:\xampp\htdocs\marcial_1_0\partials\_sidebar.php on line 285
[26-Apr-2026 17:08:34 America/Sao_Paulo] PHP Warning:  Undefined array key "c_sidebar" in C:\xampp\htdocs\marcial_1_0\partials\_sidebar.php on line 286
[26-Apr-2026 17:08:34 America/Sao_Paulo] PHP Warning:  Undefined array key "id" in C:\xampp\htdocs\marcial_1_0\pages\md_treinos\index.php on line 219
[26-Apr-2026 17:08:59 America/Sao_Paulo] PHP Warning:  Undefined array key "c_sidebar" in C:\xampp\htdocs\marcial_1_0\partials\_sidebar.php on line 135
[26-Apr-2026 17:08:59 America/Sao_Paulo] PHP Warning:  Undefined array key "c_sidebar" in C:\xampp\htdocs\marcial_1_0\partials\_sidebar.php on line 206
[26-Apr-2026 17:08:59 America/Sao_Paulo] PHP Warning:  Undefined array key "c_sidebar" in C:\xampp\htdocs\marcial_1_0\partials\_sidebar.php on line 207
[26-Apr-2026 17:08:59 America/Sao_Paulo] PHP Warning:  Undefined array key "c_sidebar" in C:\xampp\htdocs\marcial_1_0\partials\_sidebar.php on line 208
[26-Apr-2026 17:08:59 America/Sao_Paulo] PHP Warning:  Undefined array key "c_sidebar" in C:\xampp\htdocs\marcial_1_0\partials\_sidebar.php on line 214
[26-Apr-2026 17:08:59 America/Sao_Paulo] PHP Warning:  Undefined array key "c_sidebar" in C:\xampp\htdocs\marcial_1_0\partials\_sidebar.php on line 215
[26-Apr-2026 17:08:59 America/Sao_Paulo] PHP Warning:  Undefined array key "c_sidebar" in C:\xampp\htdocs\marcial_1_0\partials\_sidebar.php on line 216
[26-Apr-2026 17:08:59 America/Sao_Paulo] PHP Warning:  Undefined array key "c_sidebar" in C:\xampp\htdocs\marcial_1_0\partials\_sidebar.php on line 219
[26-Apr-2026 17:08:59 America/Sao_Paulo] PHP Warning:  Undefined array key "c_sidebar" in C:\xampp\htdocs\marcial_1_0\partials\_sidebar.php on line 220
[26-Apr-2026 17:08:59 America/Sao_Paulo] PHP Warning:  Undefined array key "c_sidebar" in C:\xampp\htdocs\marcial_1_0\partials\_sidebar.php on line 221
[26-Apr-2026 17:08:59 America/Sao_Paulo] PHP Warning:  Undefined array key "c_sidebar" in C:\xampp\htdocs\marcial_1_0\partials\_sidebar.php on line 234
[26-Apr-2026 17:08:59 America/Sao_Paulo] PHP Warning:  Undefined array key "c_sidebar" in C:\xampp\htdocs\marcial_1_0\partials\_sidebar.php on line 235
[26-Apr-2026 17:08:59 America/Sao_Paulo] PHP Warning:  Undefined array key "c_sidebar" in C:\xampp\htdocs\marcial_1_0\partials\_sidebar.php on line 236
[26-Apr-2026 17:08:59 America/Sao_Paulo] PHP Warning:  Undefined array key "c_sidebar" in C:\xampp\htdocs\marcial_1_0\partials\_sidebar.php on line 245
[26-Apr-2026 17:08:59 America/Sao_Paulo] PHP Warning:  Undefined array key "c_sidebar" in C:\xampp\htdocs\marcial_1_0\partials\_sidebar.php on line 259
[26-Apr-2026 17:08:59 America/Sao_Paulo] PHP Warning:  Undefined array key "c_sidebar" in C:\xampp\htdocs\marcial_1_0\partials\_sidebar.php on line 260
[26-Apr-2026 17:08:59 America/Sao_Paulo] PHP Warning:  Undefined array key "c_sidebar" in C:\xampp\htdocs\marcial_1_0\partials\_sidebar.php on line 261
[26-Apr-2026 17:08:59 America/Sao_Paulo] PHP Warning:  Undefined array key "c_sidebar" in C:\xampp\htdocs\marcial_1_0\partials\_sidebar.php on line 266
[26-Apr-2026 17:08:59 America/Sao_Paulo] PHP Warning:  Undefined array key "c_sidebar" in C:\xampp\htdocs\marcial_1_0\partials\_sidebar.php on line 271
[26-Apr-2026 17:08:59 America/Sao_Paulo] PHP Warning:  Undefined array key "c_sidebar" in C:\xampp\htdocs\marcial_1_0\partials\_sidebar.php on line 272
[26-Apr-2026 17:08:59 America/Sao_Paulo] PHP Warning:  Undefined array key "c_sidebar" in C:\xampp\htdocs\marcial_1_0\partials\_sidebar.php on line 273
[26-Apr-2026 17:08:59 America/Sao_Paulo] PHP Warning:  Undefined array key "c_sidebar" in C:\xampp\htdocs\marcial_1_0\partials\_sidebar.php on line 285
[26-Apr-2026 17:08:59 America/Sao_Paulo] PHP Warning:  Undefined array key "c_sidebar" in C:\xampp\htdocs\marcial_1_0\partials\_sidebar.php on line 285
[26-Apr-2026 17:08:59 America/Sao_Paulo] PHP Warning:  Undefined array key "c_sidebar" in C:\xampp\htdocs\marcial_1_0\partials\_sidebar.php on line 286
[26-Apr-2026 17:09:33 America/Sao_Paulo] PHP Warning:  Undefined array key "c_sidebar" in C:\xampp\htdocs\marcial_1_0\partials\_sidebar.php on line 135
[26-Apr-2026 17:09:33 America/Sao_Paulo] PHP Warning:  Undefined array key "c_sidebar" in C:\xampp\htdocs\marcial_1_0\partials\_sidebar.php on line 206
[26-Apr-2026 17:09:33 America/Sao_Paulo] PHP Warning:  Undefined array key "c_sidebar" in C:\xampp\htdocs\marcial_1_0\partials\_sidebar.php on line 207
[26-Apr-2026 17:09:33 America/Sao_Paulo] PHP Warning:  Undefined array key "c_sidebar" in C:\xampp\htdocs\marcial_1_0\partials\_sidebar.php on line 208
[26-Apr-2026 17:09:33 America/Sao_Paulo] PHP Warning:  Undefined array key "c_sidebar" in C:\xampp\htdocs\marcial_1_0\partials\_sidebar.php on line 214
[26-Apr-2026 17:09:33 America/Sao_Paulo] PHP Warning:  Undefined array key "c_sidebar" in C:\xampp\htdocs\marcial_1_0\partials\_sidebar.php on line 215
[26-Apr-2026 17:09:33 America/Sao_Paulo] PHP Warning:  Undefined array key "c_sidebar" in C:\xampp\htdocs\marcial_1_0\partials\_sidebar.php on line 216
[26-Apr-2026 17:09:33 America/Sao_Paulo] PHP Warning:  Undefined array key "c_sidebar" in C:\xampp\htdocs\marcial_1_0\partials\_sidebar.php on line 219
[26-Apr-2026 17:09:33 America/Sao_Paulo] PHP Warning:  Undefined array key "c_sidebar" in C:\xampp\htdocs\marcial_1_0\partials\_sidebar.php on line 220
[26-Apr-2026 17:09:33 America/Sao_Paulo] PHP Warning:  Undefined array key "c_sidebar" in C:\xampp\htdocs\marcial_1_0\partials\_sidebar.php on line 221
[26-Apr-2026 17:09:33 America/Sao_Paulo] PHP Warning:  Undefined array key "c_sidebar" in C:\xampp\htdocs\marcial_1_0\partials\_sidebar.php on line 234
[26-Apr-2026 17:09:33 America/Sao_Paulo] PHP Warning:  Undefined array key "c_sidebar" in C:\xampp\htdocs\marcial_1_0\partials\_sidebar.php on line 235
[26-Apr-2026 17:09:33 America/Sao_Paulo] PHP Warning:  Undefined array key "c_sidebar" in C:\xampp\htdocs\marcial_1_0\partials\_sidebar.php on line 236
[26-Apr-2026 17:09:33 America/Sao_Paulo] PHP Warning:  Undefined array key "c_sidebar" in C:\xampp\htdocs\marcial_1_0\partials\_sidebar.php on line 245
[26-Apr-2026 17:09:33 America/Sao_Paulo] PHP Warning:  Undefined array key "c_sidebar" in C:\xampp\htdocs\marcial_1_0\partials\_sidebar.php on line 259
[26-Apr-2026 17:09:33 America/Sao_Paulo] PHP Warning:  Undefined array key "c_sidebar" in C:\xampp\htdocs\marcial_1_0\partials\_sidebar.php on line 260
[26-Apr-2026 17:09:33 America/Sao_Paulo] PHP Warning:  Undefined array key "c_sidebar" in C:\xampp\htdocs\marcial_1_0\partials\_sidebar.php on line 261
[26-Apr-2026 17:09:33 America/Sao_Paulo] PHP Warning:  Undefined array key "c_sidebar" in C:\xampp\htdocs\marcial_1_0\partials\_sidebar.php on line 266
[26-Apr-2026 17:09:33 America/Sao_Paulo] PHP Warning:  Undefined array key "c_sidebar" in C:\xampp\htdocs\marcial_1_0\partials\_sidebar.php on line 271
[26-Apr-2026 17:09:33 America/Sao_Paulo] PHP Warning:  Undefined array key "c_sidebar" in C:\xampp\htdocs\marcial_1_0\partials\_sidebar.php on line 272
[26-Apr-2026 17:09:33 America/Sao_Paulo] PHP Warning:  Undefined array key "c_sidebar" in C:\xampp\htdocs\marcial_1_0\partials\_sidebar.php on line 273
[26-Apr-2026 17:09:33 America/Sao_Paulo] PHP Warning:  Undefined array key "c_sidebar" in C:\xampp\htdocs\marcial_1_0\partials\_sidebar.php on line 285
[26-Apr-2026 17:09:33 America/Sao_Paulo] PHP Warning:  Undefined array key "c_sidebar" in C:\xampp\htdocs\marcial_1_0\partials\_sidebar.php on line 285
[26-Apr-2026 17:09:33 America/Sao_Paulo] PHP Warning:  Undefined array key "c_sidebar" in C:\xampp\htdocs\marcial_1_0\partials\_sidebar.php on line 286
[26-Apr-2026 17:09:33 America/Sao_Paulo] PHP Warning:  Undefined array key "id" in C:\xampp\htdocs\marcial_1_0\pages\md_treinos\index.php on line 220
[26-Apr-2026 17:10:01 America/Sao_Paulo] PHP Warning:  Undefined array key "c_sidebar" in C:\xampp\htdocs\marcial_1_0\partials\_sidebar.php on line 135
[26-Apr-2026 17:10:01 America/Sao_Paulo] PHP Warning:  Undefined array key "c_sidebar" in C:\xampp\htdocs\marcial_1_0\partials\_sidebar.php on line 206
[26-Apr-2026 17:10:01 America/Sao_Paulo] PHP Warning:  Undefined array key "c_sidebar" in C:\xampp\htdocs\marcial_1_0\partials\_sidebar.php on line 207
[26-Apr-2026 17:10:01 America/Sao_Paulo] PHP Warning:  Undefined array key "c_sidebar" in C:\xampp\htdocs\marcial_1_0\partials\_sidebar.php on line 208
[26-Apr-2026 17:10:01 America/Sao_Paulo] PHP Warning:  Undefined array key "c_sidebar" in C:\xampp\htdocs\marcial_1_0\partials\_sidebar.php on line 214
[26-Apr-2026 17:10:01 America/Sao_Paulo] PHP Warning:  Undefined array key "c_sidebar" in C:\xampp\htdocs\marcial_1_0\partials\_sidebar.php on line 215
[26-Apr-2026 17:10:01 America/Sao_Paulo] PHP Warning:  Undefined array key "c_sidebar" in C:\xampp\htdocs\marcial_1_0\partials\_sidebar.php on line 216
[26-Apr-2026 17:10:01 America/Sao_Paulo] PHP Warning:  Undefined array key "c_sidebar" in C:\xampp\htdocs\marcial_1_0\partials\_sidebar.php on line 219
[26-Apr-2026 17:10:01 America/Sao_Paulo] PHP Warning:  Undefined array key "c_sidebar" in C:\xampp\htdocs\marcial_1_0\partials\_sidebar.php on line 220
[26-Apr-2026 17:10:01 America/Sao_Paulo] PHP Warning:  Undefined array key "c_sidebar" in C:\xampp\htdocs\marcial_1_0\partials\_sidebar.php on line 221
[26-Apr-2026 17:10:01 America/Sao_Paulo] PHP Warning:  Undefined array key "c_sidebar" in C:\xampp\htdocs\marcial_1_0\partials\_sidebar.php on line 234
[26-Apr-2026 17:10:01 America/Sao_Paulo] PHP Warning:  Undefined array key "c_sidebar" in C:\xampp\htdocs\marcial_1_0\partials\_sidebar.php on line 235
[26-Apr-2026 17:10:01 America/Sao_Paulo] PHP Warning:  Undefined array key "c_sidebar" in C:\xampp\htdocs\marcial_1_0\partials\_sidebar.php on line 236
[26-Apr-2026 17:10:01 America/Sao_Paulo] PHP Warning:  Undefined array key "c_sidebar" in C:\xampp\htdocs\marcial_1_0\partials\_sidebar.php on line 245
[26-Apr-2026 17:10:01 America/Sao_Paulo] PHP Warning:  Undefined array key "c_sidebar" in C:\xampp\htdocs\marcial_1_0\partials\_sidebar.php on line 259
[26-Apr-2026 17:10:01 America/Sao_Paulo] PHP Warning:  Undefined array key "c_sidebar" in C:\xampp\htdocs\marcial_1_0\partials\_sidebar.php on line 260
[26-Apr-2026 17:10:01 America/Sao_Paulo] PHP Warning:  Undefined array key "c_sidebar" in C:\xampp\htdocs\marcial_1_0\partials\_sidebar.php on line 261
[26-Apr-2026 17:10:01 America/Sao_Paulo] PHP Warning:  Undefined array key "c_sidebar" in C:\xampp\htdocs\marcial_1_0\partials\_sidebar.php on line 266
[26-Apr-2026 17:10:01 America/Sao_Paulo] PHP Warning:  Undefined array key "c_sidebar" in C:\xampp\htdocs\marcial_1_0\partials\_sidebar.php on line 271
[26-Apr-2026 17:10:01 America/Sao_Paulo] PHP Warning:  Undefined array key "c_sidebar" in C:\xampp\htdocs\marcial_1_0\partials\_sidebar.php on line 272
[26-Apr-2026 17:10:01 America/Sao_Paulo] PHP Warning:  Undefined array key "c_sidebar" in C:\xampp\htdocs\marcial_1_0\partials\_sidebar.php on line 273
[26-Apr-2026 17:10:01 America/Sao_Paulo] PHP Warning:  Undefined array key "c_sidebar" in C:\xampp\htdocs\marcial_1_0\partials\_sidebar.php on line 285
[26-Apr-2026 17:10:01 America/Sao_Paulo] PHP Warning:  Undefined array key "c_sidebar" in C:\xampp\htdocs\marcial_1_0\partials\_sidebar.php on line 285
[26-Apr-2026 17:10:01 America/Sao_Paulo] PHP Warning:  Undefined array key "c_sidebar" in C:\xampp\htdocs\marcial_1_0\partials\_sidebar.php on line 286
[26-Apr-2026 17:10:11 America/Sao_Paulo] PHP Warning:  Undefined array key "c_sidebar" in C:\xampp\htdocs\marcial_1_0\partials\_sidebar.php on line 135
[26-Apr-2026 17:10:11 America/Sao_Paulo] PHP Warning:  Undefined array key "c_sidebar" in C:\xampp\htdocs\marcial_1_0\partials\_sidebar.php on line 206
[26-Apr-2026 17:10:11 America/Sao_Paulo] PHP Warning:  Undefined array key "c_sidebar" in C:\xampp\htdocs\marcial_1_0\partials\_sidebar.php on line 207
[26-Apr-2026 17:10:11 America/Sao_Paulo] PHP Warning:  Undefined array key "c_sidebar" in C:\xampp\htdocs\marcial_1_0\partials\_sidebar.php on line 208
[26-Apr-2026 17:10:11 America/Sao_Paulo] PHP Warning:  Undefined array key "c_sidebar" in C:\xampp\htdocs\marcial_1_0\partials\_sidebar.php on line 214
[26-Apr-2026 17:10:11 America/Sao_Paulo] PHP Warning:  Undefined array key "c_sidebar" in C:\xampp\htdocs\marcial_1_0\partials\_sidebar.php on line 215
[26-Apr-2026 17:10:11 America/Sao_Paulo] PHP Warning:  Undefined array key "c_sidebar" in C:\xampp\htdocs\marcial_1_0\partials\_sidebar.php on line 216
[26-Apr-2026 17:10:11 America/Sao_Paulo] PHP Warning:  Undefined array key "c_sidebar" in C:\xampp\htdocs\marcial_1_0\partials\_sidebar.php on line 219
[26-Apr-2026 17:10:11 America/Sao_Paulo] PHP Warning:  Undefined array key "c_sidebar" in C:\xampp\htdocs\marcial_1_0\partials\_sidebar.php on line 220
[26-Apr-2026 17:10:11 America/Sao_Paulo] PHP Warning:  Undefined array key "c_sidebar" in C:\xampp\htdocs\marcial_1_0\partials\_sidebar.php on line 221
[26-Apr-2026 17:10:11 America/Sao_Paulo] PHP Warning:  Undefined array key "c_sidebar" in C:\xampp\htdocs\marcial_1_0\partials\_sidebar.php on line 234
[26-Apr-2026 17:10:11 America/Sao_Paulo] PHP Warning:  Undefined array key "c_sidebar" in C:\xampp\htdocs\marcial_1_0\partials\_sidebar.php on line 235
[26-Apr-2026 17:10:11 America/Sao_Paulo] PHP Warning:  Undefined array key "c_sidebar" in C:\xampp\htdocs\marcial_1_0\partials\_sidebar.php on line 236
[26-Apr-2026 17:10:11 America/Sao_Paulo] PHP Warning:  Undefined array key "c_sidebar" in C:\xampp\htdocs\marcial_1_0\partials\_sidebar.php on line 245
[26-Apr-2026 17:10:11 America/Sao_Paulo] PHP Warning:  Undefined array key "c_sidebar" in C:\xampp\htdocs\marcial_1_0\partials\_sidebar.php on line 259
[26-Apr-2026 17:10:11 America/Sao_Paulo] PHP Warning:  Undefined array key "c_sidebar" in C:\xampp\htdocs\marcial_1_0\partials\_sidebar.php on line 260
[26-Apr-2026 17:10:11 America/Sao_Paulo] PHP Warning:  Undefined array key "c_sidebar" in C:\xampp\htdocs\marcial_1_0\partials\_sidebar.php on line 261
[26-Apr-2026 17:10:11 America/Sao_Paulo] PHP Warning:  Undefined array key "c_sidebar" in C:\xampp\htdocs\marcial_1_0\partials\_sidebar.php on line 266
[26-Apr-2026 17:10:11 America/Sao_Paulo] PHP Warning:  Undefined array key "c_sidebar" in C:\xampp\htdocs\marcial_1_0\partials\_sidebar.php on line 271
[26-Apr-2026 17:10:11 America/Sao_Paulo] PHP Warning:  Undefined array key "c_sidebar" in C:\xampp\htdocs\marcial_1_0\partials\_sidebar.php on line 272
[26-Apr-2026 17:10:11 America/Sao_Paulo] PHP Warning:  Undefined array key "c_sidebar" in C:\xampp\htdocs\marcial_1_0\partials\_sidebar.php on line 273
[26-Apr-2026 17:10:11 America/Sao_Paulo] PHP Warning:  Undefined array key "c_sidebar" in C:\xampp\htdocs\marcial_1_0\partials\_sidebar.php on line 285
[26-Apr-2026 17:10:11 America/Sao_Paulo] PHP Warning:  Undefined array key "c_sidebar" in C:\xampp\htdocs\marcial_1_0\partials\_sidebar.php on line 285
[26-Apr-2026 17:10:11 America/Sao_Paulo] PHP Warning:  Undefined array key "c_sidebar" in C:\xampp\htdocs\marcial_1_0\partials\_sidebar.php on line 286
[26-Apr-2026 18:25:08 America/Sao_Paulo] PHP Warning:  Undefined array key "c_sidebar" in C:\xampp\htdocs\marcial_1_0\partials\_sidebar.php on line 135
[26-Apr-2026 18:25:08 America/Sao_Paulo] PHP Warning:  Undefined array key "c_sidebar" in C:\xampp\htdocs\marcial_1_0\partials\_sidebar.php on line 206
[26-Apr-2026 18:25:08 America/Sao_Paulo] PHP Warning:  Undefined array key "c_sidebar" in C:\xampp\htdocs\marcial_1_0\partials\_sidebar.php on line 207
[26-Apr-2026 18:25:08 America/Sao_Paulo] PHP Warning:  Undefined array key "c_sidebar" in C:\xampp\htdocs\marcial_1_0\partials\_sidebar.php on line 208
[26-Apr-2026 18:25:08 America/Sao_Paulo] PHP Warning:  Undefined array key "c_sidebar" in C:\xampp\htdocs\marcial_1_0\partials\_sidebar.php on line 214
[26-Apr-2026 18:25:08 America/Sao_Paulo] PHP Warning:  Undefined array key "c_sidebar" in C:\xampp\htdocs\marcial_1_0\partials\_sidebar.php on line 215
[26-Apr-2026 18:25:08 America/Sao_Paulo] PHP Warning:  Undefined array key "c_sidebar" in C:\xampp\htdocs\marcial_1_0\partials\_sidebar.php on line 216
[26-Apr-2026 18:25:08 America/Sao_Paulo] PHP Warning:  Undefined array key "c_sidebar" in C:\xampp\htdocs\marcial_1_0\partials\_sidebar.php on line 219
[26-Apr-2026 18:25:08 America/Sao_Paulo] PHP Warning:  Undefined array key "c_sidebar" in C:\xampp\htdocs\marcial_1_0\partials\_sidebar.php on line 220
[26-Apr-2026 18:25:08 America/Sao_Paulo] PHP Warning:  Undefined array key "c_sidebar" in C:\xampp\htdocs\marcial_1_0\partials\_sidebar.php on line 221
[26-Apr-2026 18:25:08 America/Sao_Paulo] PHP Warning:  Undefined array key "c_sidebar" in C:\xampp\htdocs\marcial_1_0\partials\_sidebar.php on line 234
[26-Apr-2026 18:25:08 America/Sao_Paulo] PHP Warning:  Undefined array key "c_sidebar" in C:\xampp\htdocs\marcial_1_0\partials\_sidebar.php on line 235
[26-Apr-2026 18:25:08 America/Sao_Paulo] PHP Warning:  Undefined array key "c_sidebar" in C:\xampp\htdocs\marcial_1_0\partials\_sidebar.php on line 236
[26-Apr-2026 18:25:08 America/Sao_Paulo] PHP Warning:  Undefined array key "c_sidebar" in C:\xampp\htdocs\marcial_1_0\partials\_sidebar.php on line 245
[26-Apr-2026 18:25:08 America/Sao_Paulo] PHP Warning:  Undefined array key "c_sidebar" in C:\xampp\htdocs\marcial_1_0\partials\_sidebar.php on line 259
[26-Apr-2026 18:25:08 America/Sao_Paulo] PHP Warning:  Undefined array key "c_sidebar" in C:\xampp\htdocs\marcial_1_0\partials\_sidebar.php on line 260
[26-Apr-2026 18:25:08 America/Sao_Paulo] PHP Warning:  Undefined array key "c_sidebar" in C:\xampp\htdocs\marcial_1_0\partials\_sidebar.php on line 261
[26-Apr-2026 18:25:08 America/Sao_Paulo] PHP Warning:  Undefined array key "c_sidebar" in C:\xampp\htdocs\marcial_1_0\partials\_sidebar.php on line 266
[26-Apr-2026 18:25:08 America/Sao_Paulo] PHP Warning:  Undefined array key "c_sidebar" in C:\xampp\htdocs\marcial_1_0\partials\_sidebar.php on line 271
[26-Apr-2026 18:25:08 America/Sao_Paulo] PHP Warning:  Undefined array key "c_sidebar" in C:\xampp\htdocs\marcial_1_0\partials\_sidebar.php on line 272
[26-Apr-2026 18:25:08 America/Sao_Paulo] PHP Warning:  Undefined array key "c_sidebar" in C:\xampp\htdocs\marcial_1_0\partials\_sidebar.php on line 273
[26-Apr-2026 18:25:08 America/Sao_Paulo] PHP Warning:  Undefined array key "c_sidebar" in C:\xampp\htdocs\marcial_1_0\partials\_sidebar.php on line 285
[26-Apr-2026 18:25:08 America/Sao_Paulo] PHP Warning:  Undefined array key "c_sidebar" in C:\xampp\htdocs\marcial_1_0\partials\_sidebar.php on line 285
[26-Apr-2026 18:25:08 America/Sao_Paulo] PHP Warning:  Undefined array key "c_sidebar" in C:\xampp\htdocs\marcial_1_0\partials\_sidebar.php on line 286
[26-Apr-2026 18:27:16 America/Sao_Paulo] PHP Warning:  Undefined array key "c_sidebar" in C:\xampp\htdocs\marcial_1_0\partials\_sidebar.php on line 135
[26-Apr-2026 18:27:16 America/Sao_Paulo] PHP Warning:  Undefined array key "c_sidebar" in C:\xampp\htdocs\marcial_1_0\partials\_sidebar.php on line 206
[26-Apr-2026 18:27:16 America/Sao_Paulo] PHP Warning:  Undefined array key "c_sidebar" in C:\xampp\htdocs\marcial_1_0\partials\_sidebar.php on line 207
[26-Apr-2026 18:27:16 America/Sao_Paulo] PHP Warning:  Undefined array key "c_sidebar" in C:\xampp\htdocs\marcial_1_0\partials\_sidebar.php on line 208
[26-Apr-2026 18:27:16 America/Sao_Paulo] PHP Warning:  Undefined array key "c_sidebar" in C:\xampp\htdocs\marcial_1_0\partials\_sidebar.php on line 214
[26-Apr-2026 18:27:16 America/Sao_Paulo] PHP Warning:  Undefined array key "c_sidebar" in C:\xampp\htdocs\marcial_1_0\partials\_sidebar.php on line 215
[26-Apr-2026 18:27:16 America/Sao_Paulo] PHP Warning:  Undefined array key "c_sidebar" in C:\xampp\htdocs\marcial_1_0\partials\_sidebar.php on line 216
[26-Apr-2026 18:27:16 America/Sao_Paulo] PHP Warning:  Undefined array key "c_sidebar" in C:\xampp\htdocs\marcial_1_0\partials\_sidebar.php on line 219
[26-Apr-2026 18:27:16 America/Sao_Paulo] PHP Warning:  Undefined array key "c_sidebar" in C:\xampp\htdocs\marcial_1_0\partials\_sidebar.php on line 220
[26-Apr-2026 18:27:16 America/Sao_Paulo] PHP Warning:  Undefined array key "c_sidebar" in C:\xampp\htdocs\marcial_1_0\partials\_sidebar.php on line 221
[26-Apr-2026 18:27:16 America/Sao_Paulo] PHP Warning:  Undefined array key "c_sidebar" in C:\xampp\htdocs\marcial_1_0\partials\_sidebar.php on line 234
[26-Apr-2026 18:27:16 America/Sao_Paulo] PHP Warning:  Undefined array key "c_sidebar" in C:\xampp\htdocs\marcial_1_0\partials\_sidebar.php on line 235
[26-Apr-2026 18:27:16 America/Sao_Paulo] PHP Warning:  Undefined array key "c_sidebar" in C:\xampp\htdocs\marcial_1_0\partials\_sidebar.php on line 236
[26-Apr-2026 18:27:16 America/Sao_Paulo] PHP Warning:  Undefined array key "c_sidebar" in C:\xampp\htdocs\marcial_1_0\partials\_sidebar.php on line 245
[26-Apr-2026 18:27:16 America/Sao_Paulo] PHP Warning:  Undefined array key "c_sidebar" in C:\xampp\htdocs\marcial_1_0\partials\_sidebar.php on line 259
[26-Apr-2026 18:27:16 America/Sao_Paulo] PHP Warning:  Undefined array key "c_sidebar" in C:\xampp\htdocs\marcial_1_0\partials\_sidebar.php on line 260
[26-Apr-2026 18:27:16 America/Sao_Paulo] PHP Warning:  Undefined array key "c_sidebar" in C:\xampp\htdocs\marcial_1_0\partials\_sidebar.php on line 261
[26-Apr-2026 18:27:16 America/Sao_Paulo] PHP Warning:  Undefined array key "c_sidebar" in C:\xampp\htdocs\marcial_1_0\partials\_sidebar.php on line 266
[26-Apr-2026 18:27:16 America/Sao_Paulo] PHP Warning:  Undefined array key "c_sidebar" in C:\xampp\htdocs\marcial_1_0\partials\_sidebar.php on line 271
[26-Apr-2026 18:27:16 America/Sao_Paulo] PHP Warning:  Undefined array key "c_sidebar" in C:\xampp\htdocs\marcial_1_0\partials\_sidebar.php on line 272
[26-Apr-2026 18:27:16 America/Sao_Paulo] PHP Warning:  Undefined array key "c_sidebar" in C:\xampp\htdocs\marcial_1_0\partials\_sidebar.php on line 273
[26-Apr-2026 18:27:16 America/Sao_Paulo] PHP Warning:  Undefined array key "c_sidebar" in C:\xampp\htdocs\marcial_1_0\partials\_sidebar.php on line 285
[26-Apr-2026 18:27:16 America/Sao_Paulo] PHP Warning:  Undefined array key "c_sidebar" in C:\xampp\htdocs\marcial_1_0\partials\_sidebar.php on line 285
[26-Apr-2026 18:27:16 America/Sao_Paulo] PHP Warning:  Undefined array key "c_sidebar" in C:\xampp\htdocs\marcial_1_0\partials\_sidebar.php on line 286
[26-Apr-2026 18:30:31 America/Sao_Paulo] PHP Warning:  Undefined array key "c_sidebar" in C:\xampp\htdocs\marcial_1_0\partials\_sidebar.php on line 135
[26-Apr-2026 18:30:31 America/Sao_Paulo] PHP Warning:  Undefined array key "c_sidebar" in C:\xampp\htdocs\marcial_1_0\partials\_sidebar.php on line 206
[26-Apr-2026 18:30:31 America/Sao_Paulo] PHP Warning:  Undefined array key "c_sidebar" in C:\xampp\htdocs\marcial_1_0\partials\_sidebar.php on line 207
[26-Apr-2026 18:30:31 America/Sao_Paulo] PHP Warning:  Undefined array key "c_sidebar" in C:\xampp\htdocs\marcial_1_0\partials\_sidebar.php on line 208
[26-Apr-2026 18:30:31 America/Sao_Paulo] PHP Warning:  Undefined array key "c_sidebar" in C:\xampp\htdocs\marcial_1_0\partials\_sidebar.php on line 214
[26-Apr-2026 18:30:31 America/Sao_Paulo] PHP Warning:  Undefined array key "c_sidebar" in C:\xampp\htdocs\marcial_1_0\partials\_sidebar.php on line 215
[26-Apr-2026 18:30:31 America/Sao_Paulo] PHP Warning:  Undefined array key "c_sidebar" in C:\xampp\htdocs\marcial_1_0\partials\_sidebar.php on line 216
[26-Apr-2026 18:30:31 America/Sao_Paulo] PHP Warning:  Undefined array key "c_sidebar" in C:\xampp\htdocs\marcial_1_0\partials\_sidebar.php on line 219
[26-Apr-2026 18:30:31 America/Sao_Paulo] PHP Warning:  Undefined array key "c_sidebar" in C:\xampp\htdocs\marcial_1_0\partials\_sidebar.php on line 220
[26-Apr-2026 18:30:31 America/Sao_Paulo] PHP Warning:  Undefined array key "c_sidebar" in C:\xampp\htdocs\marcial_1_0\partials\_sidebar.php on line 221
[26-Apr-2026 18:30:31 America/Sao_Paulo] PHP Warning:  Undefined array key "c_sidebar" in C:\xampp\htdocs\marcial_1_0\partials\_sidebar.php on line 234
[26-Apr-2026 18:30:31 America/Sao_Paulo] PHP Warning:  Undefined array key "c_sidebar" in C:\xampp\htdocs\marcial_1_0\partials\_sidebar.php on line 235
[26-Apr-2026 18:30:31 America/Sao_Paulo] PHP Warning:  Undefined array key "c_sidebar" in C:\xampp\htdocs\marcial_1_0\partials\_sidebar.php on line 236
[26-Apr-2026 18:30:31 America/Sao_Paulo] PHP Warning:  Undefined array key "c_sidebar" in C:\xampp\htdocs\marcial_1_0\partials\_sidebar.php on line 245
[26-Apr-2026 18:30:31 America/Sao_Paulo] PHP Warning:  Undefined array key "c_sidebar" in C:\xampp\htdocs\marcial_1_0\partials\_sidebar.php on line 259
[26-Apr-2026 18:30:31 America/Sao_Paulo] PHP Warning:  Undefined array key "c_sidebar" in C:\xampp\htdocs\marcial_1_0\partials\_sidebar.php on line 260
[26-Apr-2026 18:30:31 America/Sao_Paulo] PHP Warning:  Undefined array key "c_sidebar" in C:\xampp\htdocs\marcial_1_0\partials\_sidebar.php on line 261
[26-Apr-2026 18:30:31 America/Sao_Paulo] PHP Warning:  Undefined array key "c_sidebar" in C:\xampp\htdocs\marcial_1_0\partials\_sidebar.php on line 266
[26-Apr-2026 18:30:31 America/Sao_Paulo] PHP Warning:  Undefined array key "c_sidebar" in C:\xampp\htdocs\marcial_1_0\partials\_sidebar.php on line 271
[26-Apr-2026 18:30:31 America/Sao_Paulo] PHP Warning:  Undefined array key "c_sidebar" in C:\xampp\htdocs\marcial_1_0\partials\_sidebar.php on line 272
[26-Apr-2026 18:30:31 America/Sao_Paulo] PHP Warning:  Undefined array key "c_sidebar" in C:\xampp\htdocs\marcial_1_0\partials\_sidebar.php on line 273
[26-Apr-2026 18:30:31 America/Sao_Paulo] PHP Warning:  Undefined array key "c_sidebar" in C:\xampp\htdocs\marcial_1_0\partials\_sidebar.php on line 285
[26-Apr-2026 18:30:31 America/Sao_Paulo] PHP Warning:  Undefined array key "c_sidebar" in C:\xampp\htdocs\marcial_1_0\partials\_sidebar.php on line 285
[26-Apr-2026 18:30:31 America/Sao_Paulo] PHP Warning:  Undefined array key "c_sidebar" in C:\xampp\htdocs\marcial_1_0\partials\_sidebar.php on line 286
[26-Apr-2026 18:30:32 America/Sao_Paulo] PHP Warning:  Undefined array key "c_sidebar" in C:\xampp\htdocs\marcial_1_0\partials\_sidebar.php on line 135
[26-Apr-2026 18:30:32 America/Sao_Paulo] PHP Warning:  Undefined array key "c_sidebar" in C:\xampp\htdocs\marcial_1_0\partials\_sidebar.php on line 206
[26-Apr-2026 18:30:32 America/Sao_Paulo] PHP Warning:  Undefined array key "c_sidebar" in C:\xampp\htdocs\marcial_1_0\partials\_sidebar.php on line 207
[26-Apr-2026 18:30:32 America/Sao_Paulo] PHP Warning:  Undefined array key "c_sidebar" in C:\xampp\htdocs\marcial_1_0\partials\_sidebar.php on line 208
[26-Apr-2026 18:30:32 America/Sao_Paulo] PHP Warning:  Undefined array key "c_sidebar" in C:\xampp\htdocs\marcial_1_0\partials\_sidebar.php on line 214
[26-Apr-2026 18:30:32 America/Sao_Paulo] PHP Warning:  Undefined array key "c_sidebar" in C:\xampp\htdocs\marcial_1_0\partials\_sidebar.php on line 215
[26-Apr-2026 18:30:32 America/Sao_Paulo] PHP Warning:  Undefined array key "c_sidebar" in C:\xampp\htdocs\marcial_1_0\partials\_sidebar.php on line 216
[26-Apr-2026 18:30:32 America/Sao_Paulo] PHP Warning:  Undefined array key "c_sidebar" in C:\xampp\htdocs\marcial_1_0\partials\_sidebar.php on line 219
[26-Apr-2026 18:30:32 America/Sao_Paulo] PHP Warning:  Undefined array key "c_sidebar" in C:\xampp\htdocs\marcial_1_0\partials\_sidebar.php on line 220
[26-Apr-2026 18:30:32 America/Sao_Paulo] PHP Warning:  Undefined array key "c_sidebar" in C:\xampp\htdocs\marcial_1_0\partials\_sidebar.php on line 221
[26-Apr-2026 18:30:32 America/Sao_Paulo] PHP Warning:  Undefined array key "c_sidebar" in C:\xampp\htdocs\marcial_1_0\partials\_sidebar.php on line 234
[26-Apr-2026 18:30:32 America/Sao_Paulo] PHP Warning:  Undefined array key "c_sidebar" in C:\xampp\htdocs\marcial_1_0\partials\_sidebar.php on line 235
[26-Apr-2026 18:30:32 America/Sao_Paulo] PHP Warning:  Undefined array key "c_sidebar" in C:\xampp\htdocs\marcial_1_0\partials\_sidebar.php on line 236
[26-Apr-2026 18:30:32 America/Sao_Paulo] PHP Warning:  Undefined array key "c_sidebar" in C:\xampp\htdocs\marcial_1_0\partials\_sidebar.php on line 245
[26-Apr-2026 18:30:32 America/Sao_Paulo] PHP Warning:  Undefined array key "c_sidebar" in C:\xampp\htdocs\marcial_1_0\partials\_sidebar.php on line 259
[26-Apr-2026 18:30:32 America/Sao_Paulo] PHP Warning:  Undefined array key "c_sidebar" in C:\xampp\htdocs\marcial_1_0\partials\_sidebar.php on line 260
[26-Apr-2026 18:30:32 America/Sao_Paulo] PHP Warning:  Undefined array key "c_sidebar" in C:\xampp\htdocs\marcial_1_0\partials\_sidebar.php on line 261
[26-Apr-2026 18:30:32 America/Sao_Paulo] PHP Warning:  Undefined array key "c_sidebar" in C:\xampp\htdocs\marcial_1_0\partials\_sidebar.php on line 266
[26-Apr-2026 18:30:32 America/Sao_Paulo] PHP Warning:  Undefined array key "c_sidebar" in C:\xampp\htdocs\marcial_1_0\partials\_sidebar.php on line 271
[26-Apr-2026 18:30:32 America/Sao_Paulo] PHP Warning:  Undefined array key "c_sidebar" in C:\xampp\htdocs\marcial_1_0\partials\_sidebar.php on line 272
[26-Apr-2026 18:30:32 America/Sao_Paulo] PHP Warning:  Undefined array key "c_sidebar" in C:\xampp\htdocs\marcial_1_0\partials\_sidebar.php on line 273
[26-Apr-2026 18:30:32 America/Sao_Paulo] PHP Warning:  Undefined array key "c_sidebar" in C:\xampp\htdocs\marcial_1_0\partials\_sidebar.php on line 285
[26-Apr-2026 18:30:32 America/Sao_Paulo] PHP Warning:  Undefined array key "c_sidebar" in C:\xampp\htdocs\marcial_1_0\partials\_sidebar.php on line 285
[26-Apr-2026 18:30:32 America/Sao_Paulo] PHP Warning:  Undefined array key "c_sidebar" in C:\xampp\htdocs\marcial_1_0\partials\_sidebar.php on line 286
[26-Apr-2026 18:31:20 America/Sao_Paulo] PHP Warning:  Undefined array key "c_sidebar" in C:\xampp\htdocs\marcial_1_0\partials\_sidebar.php on line 135
[26-Apr-2026 18:31:20 America/Sao_Paulo] PHP Warning:  Undefined array key "c_sidebar" in C:\xampp\htdocs\marcial_1_0\partials\_sidebar.php on line 206
[26-Apr-2026 18:31:20 America/Sao_Paulo] PHP Warning:  Undefined array key "c_sidebar" in C:\xampp\htdocs\marcial_1_0\partials\_sidebar.php on line 207
[26-Apr-2026 18:31:20 America/Sao_Paulo] PHP Warning:  Undefined array key "c_sidebar" in C:\xampp\htdocs\marcial_1_0\partials\_sidebar.php on line 208
[26-Apr-2026 18:31:20 America/Sao_Paulo] PHP Warning:  Undefined array key "c_sidebar" in C:\xampp\htdocs\marcial_1_0\partials\_sidebar.php on line 214
[26-Apr-2026 18:31:20 America/Sao_Paulo] PHP Warning:  Undefined array key "c_sidebar" in C:\xampp\htdocs\marcial_1_0\partials\_sidebar.php on line 215
[26-Apr-2026 18:31:20 America/Sao_Paulo] PHP Warning:  Undefined array key "c_sidebar" in C:\xampp\htdocs\marcial_1_0\partials\_sidebar.php on line 216
[26-Apr-2026 18:31:20 America/Sao_Paulo] PHP Warning:  Undefined array key "c_sidebar" in C:\xampp\htdocs\marcial_1_0\partials\_sidebar.php on line 219
[26-Apr-2026 18:31:20 America/Sao_Paulo] PHP Warning:  Undefined array key "c_sidebar" in C:\xampp\htdocs\marcial_1_0\partials\_sidebar.php on line 220
[26-Apr-2026 18:31:20 America/Sao_Paulo] PHP Warning:  Undefined array key "c_sidebar" in C:\xampp\htdocs\marcial_1_0\partials\_sidebar.php on line 221
[26-Apr-2026 18:31:20 America/Sao_Paulo] PHP Warning:  Undefined array key "c_sidebar" in C:\xampp\htdocs\marcial_1_0\partials\_sidebar.php on line 234
[26-Apr-2026 18:31:20 America/Sao_Paulo] PHP Warning:  Undefined array key "c_sidebar" in C:\xampp\htdocs\marcial_1_0\partials\_sidebar.php on line 235
[26-Apr-2026 18:31:20 America/Sao_Paulo] PHP Warning:  Undefined array key "c_sidebar" in C:\xampp\htdocs\marcial_1_0\partials\_sidebar.php on line 236
[26-Apr-2026 18:31:20 America/Sao_Paulo] PHP Warning:  Undefined array key "c_sidebar" in C:\xampp\htdocs\marcial_1_0\partials\_sidebar.php on line 245
[26-Apr-2026 18:31:20 America/Sao_Paulo] PHP Warning:  Undefined array key "c_sidebar" in C:\xampp\htdocs\marcial_1_0\partials\_sidebar.php on line 259
[26-Apr-2026 18:31:20 America/Sao_Paulo] PHP Warning:  Undefined array key "c_sidebar" in C:\xampp\htdocs\marcial_1_0\partials\_sidebar.php on line 260
[26-Apr-2026 18:31:20 America/Sao_Paulo] PHP Warning:  Undefined array key "c_sidebar" in C:\xampp\htdocs\marcial_1_0\partials\_sidebar.php on line 261
[26-Apr-2026 18:31:20 America/Sao_Paulo] PHP Warning:  Undefined array key "c_sidebar" in C:\xampp\htdocs\marcial_1_0\partials\_sidebar.php on line 266
[26-Apr-2026 18:31:20 America/Sao_Paulo] PHP Warning:  Undefined array key "c_sidebar" in C:\xampp\htdocs\marcial_1_0\partials\_sidebar.php on line 271
[26-Apr-2026 18:31:20 America/Sao_Paulo] PHP Warning:  Undefined array key "c_sidebar" in C:\xampp\htdocs\marcial_1_0\partials\_sidebar.php on line 272
[26-Apr-2026 18:31:20 America/Sao_Paulo] PHP Warning:  Undefined array key "c_sidebar" in C:\xampp\htdocs\marcial_1_0\partials\_sidebar.php on line 273
[26-Apr-2026 18:31:20 America/Sao_Paulo] PHP Warning:  Undefined array key "c_sidebar" in C:\xampp\htdocs\marcial_1_0\partials\_sidebar.php on line 285
[26-Apr-2026 18:31:20 America/Sao_Paulo] PHP Warning:  Undefined array key "c_sidebar" in C:\xampp\htdocs\marcial_1_0\partials\_sidebar.php on line 285
[26-Apr-2026 18:31:20 America/Sao_Paulo] PHP Warning:  Undefined array key "c_sidebar" in C:\xampp\htdocs\marcial_1_0\partials\_sidebar.php on line 286
[26-Apr-2026 18:31:56 America/Sao_Paulo] PHP Warning:  Undefined array key "c_sidebar" in C:\xampp\htdocs\marcial_1_0\partials\_sidebar.php on line 135
[26-Apr-2026 18:31:56 America/Sao_Paulo] PHP Warning:  Undefined array key "c_sidebar" in C:\xampp\htdocs\marcial_1_0\partials\_sidebar.php on line 206
[26-Apr-2026 18:31:56 America/Sao_Paulo] PHP Warning:  Undefined array key "c_sidebar" in C:\xampp\htdocs\marcial_1_0\partials\_sidebar.php on line 207
[26-Apr-2026 18:31:56 America/Sao_Paulo] PHP Warning:  Undefined array key "c_sidebar" in C:\xampp\htdocs\marcial_1_0\partials\_sidebar.php on line 208
[26-Apr-2026 18:31:56 America/Sao_Paulo] PHP Warning:  Undefined array key "c_sidebar" in C:\xampp\htdocs\marcial_1_0\partials\_sidebar.php on line 214
[26-Apr-2026 18:31:56 America/Sao_Paulo] PHP Warning:  Undefined array key "c_sidebar" in C:\xampp\htdocs\marcial_1_0\partials\_sidebar.php on line 215
[26-Apr-2026 18:31:56 America/Sao_Paulo] PHP Warning:  Undefined array key "c_sidebar" in C:\xampp\htdocs\marcial_1_0\partials\_sidebar.php on line 216
[26-Apr-2026 18:31:56 America/Sao_Paulo] PHP Warning:  Undefined array key "c_sidebar" in C:\xampp\htdocs\marcial_1_0\partials\_sidebar.php on line 219
[26-Apr-2026 18:31:56 America/Sao_Paulo] PHP Warning:  Undefined array key "c_sidebar" in C:\xampp\htdocs\marcial_1_0\partials\_sidebar.php on line 220
[26-Apr-2026 18:31:56 America/Sao_Paulo] PHP Warning:  Undefined array key "c_sidebar" in C:\xampp\htdocs\marcial_1_0\partials\_sidebar.php on line 221
[26-Apr-2026 18:31:56 America/Sao_Paulo] PHP Warning:  Undefined array key "c_sidebar" in C:\xampp\htdocs\marcial_1_0\partials\_sidebar.php on line 234
[26-Apr-2026 18:31:56 America/Sao_Paulo] PHP Warning:  Undefined array key "c_sidebar" in C:\xampp\htdocs\marcial_1_0\partials\_sidebar.php on line 235
[26-Apr-2026 18:31:56 America/Sao_Paulo] PHP Warning:  Undefined array key "c_sidebar" in C:\xampp\htdocs\marcial_1_0\partials\_sidebar.php on line 236
[26-Apr-2026 18:31:56 America/Sao_Paulo] PHP Warning:  Undefined array key "c_sidebar" in C:\xampp\htdocs\marcial_1_0\partials\_sidebar.php on line 245
[26-Apr-2026 18:31:56 America/Sao_Paulo] PHP Warning:  Undefined array key "c_sidebar" in C:\xampp\htdocs\marcial_1_0\partials\_sidebar.php on line 259
[26-Apr-2026 18:31:56 America/Sao_Paulo] PHP Warning:  Undefined array key "c_sidebar" in C:\xampp\htdocs\marcial_1_0\partials\_sidebar.php on line 260
[26-Apr-2026 18:31:56 America/Sao_Paulo] PHP Warning:  Undefined array key "c_sidebar" in C:\xampp\htdocs\marcial_1_0\partials\_sidebar.php on line 261
[26-Apr-2026 18:31:56 America/Sao_Paulo] PHP Warning:  Undefined array key "c_sidebar" in C:\xampp\htdocs\marcial_1_0\partials\_sidebar.php on line 266
[26-Apr-2026 18:31:56 America/Sao_Paulo] PHP Warning:  Undefined array key "c_sidebar" in C:\xampp\htdocs\marcial_1_0\partials\_sidebar.php on line 271
[26-Apr-2026 18:31:56 America/Sao_Paulo] PHP Warning:  Undefined array key "c_sidebar" in C:\xampp\htdocs\marcial_1_0\partials\_sidebar.php on line 272
[26-Apr-2026 18:31:56 America/Sao_Paulo] PHP Warning:  Undefined array key "c_sidebar" in C:\xampp\htdocs\marcial_1_0\partials\_sidebar.php on line 273
[26-Apr-2026 18:31:56 America/Sao_Paulo] PHP Warning:  Undefined array key "c_sidebar" in C:\xampp\htdocs\marcial_1_0\partials\_sidebar.php on line 285
[26-Apr-2026 18:31:56 America/Sao_Paulo] PHP Warning:  Undefined array key "c_sidebar" in C:\xampp\htdocs\marcial_1_0\partials\_sidebar.php on line 285
[26-Apr-2026 18:31:56 America/Sao_Paulo] PHP Warning:  Undefined array key "c_sidebar" in C:\xampp\htdocs\marcial_1_0\partials\_sidebar.php on line 286
[26-Apr-2026 19:06:09 America/Sao_Paulo] PHP Warning:  Undefined array key "c_sidebar" in C:\xampp\htdocs\marcial_1_0\partials\_sidebar.php on line 135
[26-Apr-2026 19:06:09 America/Sao_Paulo] PHP Warning:  Undefined array key "c_sidebar" in C:\xampp\htdocs\marcial_1_0\partials\_sidebar.php on line 206
[26-Apr-2026 19:06:09 America/Sao_Paulo] PHP Warning:  Undefined array key "c_sidebar" in C:\xampp\htdocs\marcial_1_0\partials\_sidebar.php on line 207
[26-Apr-2026 19:06:09 America/Sao_Paulo] PHP Warning:  Undefined array key "c_sidebar" in C:\xampp\htdocs\marcial_1_0\partials\_sidebar.php on line 208
[26-Apr-2026 19:06:09 America/Sao_Paulo] PHP Warning:  Undefined array key "c_sidebar" in C:\xampp\htdocs\marcial_1_0\partials\_sidebar.php on line 214
[26-Apr-2026 19:06:09 America/Sao_Paulo] PHP Warning:  Undefined array key "c_sidebar" in C:\xampp\htdocs\marcial_1_0\partials\_sidebar.php on line 215
[26-Apr-2026 19:06:09 America/Sao_Paulo] PHP Warning:  Undefined array key "c_sidebar" in C:\xampp\htdocs\marcial_1_0\partials\_sidebar.php on line 216
[26-Apr-2026 19:06:09 America/Sao_Paulo] PHP Warning:  Undefined array key "c_sidebar" in C:\xampp\htdocs\marcial_1_0\partials\_sidebar.php on line 219
[26-Apr-2026 19:06:09 America/Sao_Paulo] PHP Warning:  Undefined array key "c_sidebar" in C:\xampp\htdocs\marcial_1_0\partials\_sidebar.php on line 220
[26-Apr-2026 19:06:09 America/Sao_Paulo] PHP Warning:  Undefined array key "c_sidebar" in C:\xampp\htdocs\marcial_1_0\partials\_sidebar.php on line 221
[26-Apr-2026 19:06:09 America/Sao_Paulo] PHP Warning:  Undefined array key "c_sidebar" in C:\xampp\htdocs\marcial_1_0\partials\_sidebar.php on line 234
[26-Apr-2026 19:06:09 America/Sao_Paulo] PHP Warning:  Undefined array key "c_sidebar" in C:\xampp\htdocs\marcial_1_0\partials\_sidebar.php on line 235
[26-Apr-2026 19:06:09 America/Sao_Paulo] PHP Warning:  Undefined array key "c_sidebar" in C:\xampp\htdocs\marcial_1_0\partials\_sidebar.php on line 236
[26-Apr-2026 19:06:09 America/Sao_Paulo] PHP Warning:  Undefined array key "c_sidebar" in C:\xampp\htdocs\marcial_1_0\partials\_sidebar.php on line 245
[26-Apr-2026 19:06:09 America/Sao_Paulo] PHP Warning:  Undefined array key "c_sidebar" in C:\xampp\htdocs\marcial_1_0\partials\_sidebar.php on line 259
[26-Apr-2026 19:06:09 America/Sao_Paulo] PHP Warning:  Undefined array key "c_sidebar" in C:\xampp\htdocs\marcial_1_0\partials\_sidebar.php on line 260
[26-Apr-2026 19:06:09 America/Sao_Paulo] PHP Warning:  Undefined array key "c_sidebar" in C:\xampp\htdocs\marcial_1_0\partials\_sidebar.php on line 261
[26-Apr-2026 19:06:09 America/Sao_Paulo] PHP Warning:  Undefined array key "c_sidebar" in C:\xampp\htdocs\marcial_1_0\partials\_sidebar.php on line 266
[26-Apr-2026 19:06:09 America/Sao_Paulo] PHP Warning:  Undefined array key "c_sidebar" in C:\xampp\htdocs\marcial_1_0\partials\_sidebar.php on line 271
[26-Apr-2026 19:06:09 America/Sao_Paulo] PHP Warning:  Undefined array key "c_sidebar" in C:\xampp\htdocs\marcial_1_0\partials\_sidebar.php on line 272
[26-Apr-2026 19:06:09 America/Sao_Paulo] PHP Warning:  Undefined array key "c_sidebar" in C:\xampp\htdocs\marcial_1_0\partials\_sidebar.php on line 273
[26-Apr-2026 19:06:09 America/Sao_Paulo] PHP Warning:  Undefined array key "c_sidebar" in C:\xampp\htdocs\marcial_1_0\partials\_sidebar.php on line 285
[26-Apr-2026 19:06:09 America/Sao_Paulo] PHP Warning:  Undefined array key "c_sidebar" in C:\xampp\htdocs\marcial_1_0\partials\_sidebar.php on line 285
[26-Apr-2026 19:06:09 America/Sao_Paulo] PHP Warning:  Undefined array key "c_sidebar" in C:\xampp\htdocs\marcial_1_0\partials\_sidebar.php on line 286
[26-Apr-2026 19:06:14 America/Sao_Paulo] PHP Warning:  Undefined array key "c_sidebar" in C:\xampp\htdocs\marcial_1_0\partials\_sidebar.php on line 135
[26-Apr-2026 19:06:14 America/Sao_Paulo] PHP Warning:  Undefined array key "c_sidebar" in C:\xampp\htdocs\marcial_1_0\partials\_sidebar.php on line 206
[26-Apr-2026 19:06:14 America/Sao_Paulo] PHP Warning:  Undefined array key "c_sidebar" in C:\xampp\htdocs\marcial_1_0\partials\_sidebar.php on line 207
[26-Apr-2026 19:06:14 America/Sao_Paulo] PHP Warning:  Undefined array key "c_sidebar" in C:\xampp\htdocs\marcial_1_0\partials\_sidebar.php on line 208
[26-Apr-2026 19:06:14 America/Sao_Paulo] PHP Warning:  Undefined array key "c_sidebar" in C:\xampp\htdocs\marcial_1_0\partials\_sidebar.php on line 214
[26-Apr-2026 19:06:14 America/Sao_Paulo] PHP Warning:  Undefined array key "c_sidebar" in C:\xampp\htdocs\marcial_1_0\partials\_sidebar.php on line 215
[26-Apr-2026 19:06:14 America/Sao_Paulo] PHP Warning:  Undefined array key "c_sidebar" in C:\xampp\htdocs\marcial_1_0\partials\_sidebar.php on line 216
[26-Apr-2026 19:06:14 America/Sao_Paulo] PHP Warning:  Undefined array key "c_sidebar" in C:\xampp\htdocs\marcial_1_0\partials\_sidebar.php on line 219
[26-Apr-2026 19:06:14 America/Sao_Paulo] PHP Warning:  Undefined array key "c_sidebar" in C:\xampp\htdocs\marcial_1_0\partials\_sidebar.php on line 220
[26-Apr-2026 19:06:14 America/Sao_Paulo] PHP Warning:  Undefined array key "c_sidebar" in C:\xampp\htdocs\marcial_1_0\partials\_sidebar.php on line 221
[26-Apr-2026 19:06:14 America/Sao_Paulo] PHP Warning:  Undefined array key "c_sidebar" in C:\xampp\htdocs\marcial_1_0\partials\_sidebar.php on line 234
[26-Apr-2026 19:06:14 America/Sao_Paulo] PHP Warning:  Undefined array key "c_sidebar" in C:\xampp\htdocs\marcial_1_0\partials\_sidebar.php on line 235
[26-Apr-2026 19:06:14 America/Sao_Paulo] PHP Warning:  Undefined array key "c_sidebar" in C:\xampp\htdocs\marcial_1_0\partials\_sidebar.php on line 236
[26-Apr-2026 19:06:14 America/Sao_Paulo] PHP Warning:  Undefined array key "c_sidebar" in C:\xampp\htdocs\marcial_1_0\partials\_sidebar.php on line 245
[26-Apr-2026 19:06:14 America/Sao_Paulo] PHP Warning:  Undefined array key "c_sidebar" in C:\xampp\htdocs\marcial_1_0\partials\_sidebar.php on line 259
[26-Apr-2026 19:06:14 America/Sao_Paulo] PHP Warning:  Undefined array key "c_sidebar" in C:\xampp\htdocs\marcial_1_0\partials\_sidebar.php on line 260
[26-Apr-2026 19:06:14 America/Sao_Paulo] PHP Warning:  Undefined array key "c_sidebar" in C:\xampp\htdocs\marcial_1_0\partials\_sidebar.php on line 261
[26-Apr-2026 19:06:14 America/Sao_Paulo] PHP Warning:  Undefined array key "c_sidebar" in C:\xampp\htdocs\marcial_1_0\partials\_sidebar.php on line 266
[26-Apr-2026 19:06:14 America/Sao_Paulo] PHP Warning:  Undefined array key "c_sidebar" in C:\xampp\htdocs\marcial_1_0\partials\_sidebar.php on line 271
[26-Apr-2026 19:06:14 America/Sao_Paulo] PHP Warning:  Undefined array key "c_sidebar" in C:\xampp\htdocs\marcial_1_0\partials\_sidebar.php on line 272
[26-Apr-2026 19:06:14 America/Sao_Paulo] PHP Warning:  Undefined array key "c_sidebar" in C:\xampp\htdocs\marcial_1_0\partials\_sidebar.php on line 273
[26-Apr-2026 19:06:14 America/Sao_Paulo] PHP Warning:  Undefined array key "c_sidebar" in C:\xampp\htdocs\marcial_1_0\partials\_sidebar.php on line 285
[26-Apr-2026 19:06:14 America/Sao_Paulo] PHP Warning:  Undefined array key "c_sidebar" in C:\xampp\htdocs\marcial_1_0\partials\_sidebar.php on line 285
[26-Apr-2026 19:06:14 America/Sao_Paulo] PHP Warning:  Undefined array key "c_sidebar" in C:\xampp\htdocs\marcial_1_0\partials\_sidebar.php on line 286
[26-Apr-2026 19:24:04 America/Sao_Paulo] PHP Warning:  Undefined array key "c_sidebar" in C:\xampp\htdocs\marcial_1_0\partials\_sidebar.php on line 135
[26-Apr-2026 19:24:04 America/Sao_Paulo] PHP Warning:  Undefined array key "c_sidebar" in C:\xampp\htdocs\marcial_1_0\partials\_sidebar.php on line 206
[26-Apr-2026 19:24:04 America/Sao_Paulo] PHP Warning:  Undefined array key "c_sidebar" in C:\xampp\htdocs\marcial_1_0\partials\_sidebar.php on line 207
[26-Apr-2026 19:24:04 America/Sao_Paulo] PHP Warning:  Undefined array key "c_sidebar" in C:\xampp\htdocs\marcial_1_0\partials\_sidebar.php on line 208
[26-Apr-2026 19:24:04 America/Sao_Paulo] PHP Warning:  Undefined array key "c_sidebar" in C:\xampp\htdocs\marcial_1_0\partials\_sidebar.php on line 214
[26-Apr-2026 19:24:04 America/Sao_Paulo] PHP Warning:  Undefined array key "c_sidebar" in C:\xampp\htdocs\marcial_1_0\partials\_sidebar.php on line 215
[26-Apr-2026 19:24:04 America/Sao_Paulo] PHP Warning:  Undefined array key "c_sidebar" in C:\xampp\htdocs\marcial_1_0\partials\_sidebar.php on line 216
[26-Apr-2026 19:24:04 America/Sao_Paulo] PHP Warning:  Undefined array key "c_sidebar" in C:\xampp\htdocs\marcial_1_0\partials\_sidebar.php on line 219
[26-Apr-2026 19:24:04 America/Sao_Paulo] PHP Warning:  Undefined array key "c_sidebar" in C:\xampp\htdocs\marcial_1_0\partials\_sidebar.php on line 220
[26-Apr-2026 19:24:04 America/Sao_Paulo] PHP Warning:  Undefined array key "c_sidebar" in C:\xampp\htdocs\marcial_1_0\partials\_sidebar.php on line 221
[26-Apr-2026 19:24:04 America/Sao_Paulo] PHP Warning:  Undefined array key "c_sidebar" in C:\xampp\htdocs\marcial_1_0\partials\_sidebar.php on line 234
[26-Apr-2026 19:24:04 America/Sao_Paulo] PHP Warning:  Undefined array key "c_sidebar" in C:\xampp\htdocs\marcial_1_0\partials\_sidebar.php on line 235
[26-Apr-2026 19:24:04 America/Sao_Paulo] PHP Warning:  Undefined array key "c_sidebar" in C:\xampp\htdocs\marcial_1_0\partials\_sidebar.php on line 236
[26-Apr-2026 19:24:04 America/Sao_Paulo] PHP Warning:  Undefined array key "c_sidebar" in C:\xampp\htdocs\marcial_1_0\partials\_sidebar.php on line 245
[26-Apr-2026 19:24:04 America/Sao_Paulo] PHP Warning:  Undefined array key "c_sidebar" in C:\xampp\htdocs\marcial_1_0\partials\_sidebar.php on line 259
[26-Apr-2026 19:24:04 America/Sao_Paulo] PHP Warning:  Undefined array key "c_sidebar" in C:\xampp\htdocs\marcial_1_0\partials\_sidebar.php on line 260
[26-Apr-2026 19:24:04 America/Sao_Paulo] PHP Warning:  Undefined array key "c_sidebar" in C:\xampp\htdocs\marcial_1_0\partials\_sidebar.php on line 261
[26-Apr-2026 19:24:04 America/Sao_Paulo] PHP Warning:  Undefined array key "c_sidebar" in C:\xampp\htdocs\marcial_1_0\partials\_sidebar.php on line 266
[26-Apr-2026 19:24:04 America/Sao_Paulo] PHP Warning:  Undefined array key "c_sidebar" in C:\xampp\htdocs\marcial_1_0\partials\_sidebar.php on line 271
[26-Apr-2026 19:24:04 America/Sao_Paulo] PHP Warning:  Undefined array key "c_sidebar" in C:\xampp\htdocs\marcial_1_0\partials\_sidebar.php on line 272
[26-Apr-2026 19:24:04 America/Sao_Paulo] PHP Warning:  Undefined array key "c_sidebar" in C:\xampp\htdocs\marcial_1_0\partials\_sidebar.php on line 273
[26-Apr-2026 19:24:04 America/Sao_Paulo] PHP Warning:  Undefined array key "c_sidebar" in C:\xampp\htdocs\marcial_1_0\partials\_sidebar.php on line 285
[26-Apr-2026 19:24:04 America/Sao_Paulo] PHP Warning:  Undefined array key "c_sidebar" in C:\xampp\htdocs\marcial_1_0\partials\_sidebar.php on line 285
[26-Apr-2026 19:24:04 America/Sao_Paulo] PHP Warning:  Undefined array key "c_sidebar" in C:\xampp\htdocs\marcial_1_0\partials\_sidebar.php on line 286
[26-Apr-2026 19:24:38 America/Sao_Paulo] PHP Warning:  Undefined array key "c_sidebar" in C:\xampp\htdocs\marcial_1_0\partials\_sidebar.php on line 135
[26-Apr-2026 19:24:38 America/Sao_Paulo] PHP Warning:  Undefined array key "c_sidebar" in C:\xampp\htdocs\marcial_1_0\partials\_sidebar.php on line 206
[26-Apr-2026 19:24:38 America/Sao_Paulo] PHP Warning:  Undefined array key "c_sidebar" in C:\xampp\htdocs\marcial_1_0\partials\_sidebar.php on line 207
[26-Apr-2026 19:24:38 America/Sao_Paulo] PHP Warning:  Undefined array key "c_sidebar" in C:\xampp\htdocs\marcial_1_0\partials\_sidebar.php on line 208
[26-Apr-2026 19:24:38 America/Sao_Paulo] PHP Warning:  Undefined array key "c_sidebar" in C:\xampp\htdocs\marcial_1_0\partials\_sidebar.php on line 214
[26-Apr-2026 19:24:38 America/Sao_Paulo] PHP Warning:  Undefined array key "c_sidebar" in C:\xampp\htdocs\marcial_1_0\partials\_sidebar.php on line 215
[26-Apr-2026 19:24:38 America/Sao_Paulo] PHP Warning:  Undefined array key "c_sidebar" in C:\xampp\htdocs\marcial_1_0\partials\_sidebar.php on line 216
[26-Apr-2026 19:24:38 America/Sao_Paulo] PHP Warning:  Undefined array key "c_sidebar" in C:\xampp\htdocs\marcial_1_0\partials\_sidebar.php on line 219
[26-Apr-2026 19:24:38 America/Sao_Paulo] PHP Warning:  Undefined array key "c_sidebar" in C:\xampp\htdocs\marcial_1_0\partials\_sidebar.php on line 220
[26-Apr-2026 19:24:38 America/Sao_Paulo] PHP Warning:  Undefined array key "c_sidebar" in C:\xampp\htdocs\marcial_1_0\partials\_sidebar.php on line 221
[26-Apr-2026 19:24:38 America/Sao_Paulo] PHP Warning:  Undefined array key "c_sidebar" in C:\xampp\htdocs\marcial_1_0\partials\_sidebar.php on line 234
[26-Apr-2026 19:24:38 America/Sao_Paulo] PHP Warning:  Undefined array key "c_sidebar" in C:\xampp\htdocs\marcial_1_0\partials\_sidebar.php on line 235
[26-Apr-2026 19:24:38 America/Sao_Paulo] PHP Warning:  Undefined array key "c_sidebar" in C:\xampp\htdocs\marcial_1_0\partials\_sidebar.php on line 236
[26-Apr-2026 19:24:38 America/Sao_Paulo] PHP Warning:  Undefined array key "c_sidebar" in C:\xampp\htdocs\marcial_1_0\partials\_sidebar.php on line 245
[26-Apr-2026 19:24:38 America/Sao_Paulo] PHP Warning:  Undefined array key "c_sidebar" in C:\xampp\htdocs\marcial_1_0\partials\_sidebar.php on line 259
[26-Apr-2026 19:24:38 America/Sao_Paulo] PHP Warning:  Undefined array key "c_sidebar" in C:\xampp\htdocs\marcial_1_0\partials\_sidebar.php on line 260
[26-Apr-2026 19:24:38 America/Sao_Paulo] PHP Warning:  Undefined array key "c_sidebar" in C:\xampp\htdocs\marcial_1_0\partials\_sidebar.php on line 261
[26-Apr-2026 19:24:38 America/Sao_Paulo] PHP Warning:  Undefined array key "c_sidebar" in C:\xampp\htdocs\marcial_1_0\partials\_sidebar.php on line 266
[26-Apr-2026 19:24:38 America/Sao_Paulo] PHP Warning:  Undefined array key "c_sidebar" in C:\xampp\htdocs\marcial_1_0\partials\_sidebar.php on line 271
[26-Apr-2026 19:24:38 America/Sao_Paulo] PHP Warning:  Undefined array key "c_sidebar" in C:\xampp\htdocs\marcial_1_0\partials\_sidebar.php on line 272
[26-Apr-2026 19:24:38 America/Sao_Paulo] PHP Warning:  Undefined array key "c_sidebar" in C:\xampp\htdocs\marcial_1_0\partials\_sidebar.php on line 273
[26-Apr-2026 19:24:38 America/Sao_Paulo] PHP Warning:  Undefined array key "c_sidebar" in C:\xampp\htdocs\marcial_1_0\partials\_sidebar.php on line 285
[26-Apr-2026 19:24:38 America/Sao_Paulo] PHP Warning:  Undefined array key "c_sidebar" in C:\xampp\htdocs\marcial_1_0\partials\_sidebar.php on line 285
[26-Apr-2026 19:24:38 America/Sao_Paulo] PHP Warning:  Undefined array key "c_sidebar" in C:\xampp\htdocs\marcial_1_0\partials\_sidebar.php on line 286
[26-Apr-2026 19:25:09 America/Sao_Paulo] PHP Warning:  Undefined array key "c_sidebar" in C:\xampp\htdocs\marcial_1_0\partials\_sidebar.php on line 135
[26-Apr-2026 19:25:09 America/Sao_Paulo] PHP Warning:  Undefined array key "c_sidebar" in C:\xampp\htdocs\marcial_1_0\partials\_sidebar.php on line 206
[26-Apr-2026 19:25:09 America/Sao_Paulo] PHP Warning:  Undefined array key "c_sidebar" in C:\xampp\htdocs\marcial_1_0\partials\_sidebar.php on line 207
[26-Apr-2026 19:25:09 America/Sao_Paulo] PHP Warning:  Undefined array key "c_sidebar" in C:\xampp\htdocs\marcial_1_0\partials\_sidebar.php on line 208
[26-Apr-2026 19:25:09 America/Sao_Paulo] PHP Warning:  Undefined array key "c_sidebar" in C:\xampp\htdocs\marcial_1_0\partials\_sidebar.php on line 214
[26-Apr-2026 19:25:09 America/Sao_Paulo] PHP Warning:  Undefined array key "c_sidebar" in C:\xampp\htdocs\marcial_1_0\partials\_sidebar.php on line 215
[26-Apr-2026 19:25:09 America/Sao_Paulo] PHP Warning:  Undefined array key "c_sidebar" in C:\xampp\htdocs\marcial_1_0\partials\_sidebar.php on line 216
[26-Apr-2026 19:25:09 America/Sao_Paulo] PHP Warning:  Undefined array key "c_sidebar" in C:\xampp\htdocs\marcial_1_0\partials\_sidebar.php on line 219
[26-Apr-2026 19:25:09 America/Sao_Paulo] PHP Warning:  Undefined array key "c_sidebar" in C:\xampp\htdocs\marcial_1_0\partials\_sidebar.php on line 220
[26-Apr-2026 19:25:09 America/Sao_Paulo] PHP Warning:  Undefined array key "c_sidebar" in C:\xampp\htdocs\marcial_1_0\partials\_sidebar.php on line 221
[26-Apr-2026 19:25:09 America/Sao_Paulo] PHP Warning:  Undefined array key "c_sidebar" in C:\xampp\htdocs\marcial_1_0\partials\_sidebar.php on line 234
[26-Apr-2026 19:25:09 America/Sao_Paulo] PHP Warning:  Undefined array key "c_sidebar" in C:\xampp\htdocs\marcial_1_0\partials\_sidebar.php on line 235
[26-Apr-2026 19:25:09 America/Sao_Paulo] PHP Warning:  Undefined array key "c_sidebar" in C:\xampp\htdocs\marcial_1_0\partials\_sidebar.php on line 236
[26-Apr-2026 19:25:09 America/Sao_Paulo] PHP Warning:  Undefined array key "c_sidebar" in C:\xampp\htdocs\marcial_1_0\partials\_sidebar.php on line 245
[26-Apr-2026 19:25:09 America/Sao_Paulo] PHP Warning:  Undefined array key "c_sidebar" in C:\xampp\htdocs\marcial_1_0\partials\_sidebar.php on line 259
[26-Apr-2026 19:25:09 America/Sao_Paulo] PHP Warning:  Undefined array key "c_sidebar" in C:\xampp\htdocs\marcial_1_0\partials\_sidebar.php on line 260
[26-Apr-2026 19:25:09 America/Sao_Paulo] PHP Warning:  Undefined array key "c_sidebar" in C:\xampp\htdocs\marcial_1_0\partials\_sidebar.php on line 261
[26-Apr-2026 19:25:09 America/Sao_Paulo] PHP Warning:  Undefined array key "c_sidebar" in C:\xampp\htdocs\marcial_1_0\partials\_sidebar.php on line 266
[26-Apr-2026 19:25:09 America/Sao_Paulo] PHP Warning:  Undefined array key "c_sidebar" in C:\xampp\htdocs\marcial_1_0\partials\_sidebar.php on line 271
[26-Apr-2026 19:25:09 America/Sao_Paulo] PHP Warning:  Undefined array key "c_sidebar" in C:\xampp\htdocs\marcial_1_0\partials\_sidebar.php on line 272
[26-Apr-2026 19:25:09 America/Sao_Paulo] PHP Warning:  Undefined array key "c_sidebar" in C:\xampp\htdocs\marcial_1_0\partials\_sidebar.php on line 273
[26-Apr-2026 19:25:09 America/Sao_Paulo] PHP Warning:  Undefined array key "c_sidebar" in C:\xampp\htdocs\marcial_1_0\partials\_sidebar.php on line 285
[26-Apr-2026 19:25:09 America/Sao_Paulo] PHP Warning:  Undefined array key "c_sidebar" in C:\xampp\htdocs\marcial_1_0\partials\_sidebar.php on line 285
[26-Apr-2026 19:25:09 America/Sao_Paulo] PHP Warning:  Undefined array key "c_sidebar" in C:\xampp\htdocs\marcial_1_0\partials\_sidebar.php on line 286
[26-Apr-2026 19:25:19 America/Sao_Paulo] PHP Warning:  Undefined array key "c_sidebar" in C:\xampp\htdocs\marcial_1_0\partials\_sidebar.php on line 135
[26-Apr-2026 19:25:19 America/Sao_Paulo] PHP Warning:  Undefined array key "c_sidebar" in C:\xampp\htdocs\marcial_1_0\partials\_sidebar.php on line 206
[26-Apr-2026 19:25:19 America/Sao_Paulo] PHP Warning:  Undefined array key "c_sidebar" in C:\xampp\htdocs\marcial_1_0\partials\_sidebar.php on line 207
[26-Apr-2026 19:25:19 America/Sao_Paulo] PHP Warning:  Undefined array key "c_sidebar" in C:\xampp\htdocs\marcial_1_0\partials\_sidebar.php on line 208
[26-Apr-2026 19:25:19 America/Sao_Paulo] PHP Warning:  Undefined array key "c_sidebar" in C:\xampp\htdocs\marcial_1_0\partials\_sidebar.php on line 214
[26-Apr-2026 19:25:19 America/Sao_Paulo] PHP Warning:  Undefined array key "c_sidebar" in C:\xampp\htdocs\marcial_1_0\partials\_sidebar.php on line 215
[26-Apr-2026 19:25:19 America/Sao_Paulo] PHP Warning:  Undefined array key "c_sidebar" in C:\xampp\htdocs\marcial_1_0\partials\_sidebar.php on line 216
[26-Apr-2026 19:25:19 America/Sao_Paulo] PHP Warning:  Undefined array key "c_sidebar" in C:\xampp\htdocs\marcial_1_0\partials\_sidebar.php on line 219
[26-Apr-2026 19:25:19 America/Sao_Paulo] PHP Warning:  Undefined array key "c_sidebar" in C:\xampp\htdocs\marcial_1_0\partials\_sidebar.php on line 220
[26-Apr-2026 19:25:19 America/Sao_Paulo] PHP Warning:  Undefined array key "c_sidebar" in C:\xampp\htdocs\marcial_1_0\partials\_sidebar.php on line 221
[26-Apr-2026 19:25:19 America/Sao_Paulo] PHP Warning:  Undefined array key "c_sidebar" in C:\xampp\htdocs\marcial_1_0\partials\_sidebar.php on line 234
[26-Apr-2026 19:25:19 America/Sao_Paulo] PHP Warning:  Undefined array key "c_sidebar" in C:\xampp\htdocs\marcial_1_0\partials\_sidebar.php on line 235
[26-Apr-2026 19:25:19 America/Sao_Paulo] PHP Warning:  Undefined array key "c_sidebar" in C:\xampp\htdocs\marcial_1_0\partials\_sidebar.php on line 236
[26-Apr-2026 19:25:19 America/Sao_Paulo] PHP Warning:  Undefined array key "c_sidebar" in C:\xampp\htdocs\marcial_1_0\partials\_sidebar.php on line 245
[26-Apr-2026 19:25:19 America/Sao_Paulo] PHP Warning:  Undefined array key "c_sidebar" in C:\xampp\htdocs\marcial_1_0\partials\_sidebar.php on line 259
[26-Apr-2026 19:25:19 America/Sao_Paulo] PHP Warning:  Undefined array key "c_sidebar" in C:\xampp\htdocs\marcial_1_0\partials\_sidebar.php on line 260
[26-Apr-2026 19:25:19 America/Sao_Paulo] PHP Warning:  Undefined array key "c_sidebar" in C:\xampp\htdocs\marcial_1_0\partials\_sidebar.php on line 261
[26-Apr-2026 19:25:19 America/Sao_Paulo] PHP Warning:  Undefined array key "c_sidebar" in C:\xampp\htdocs\marcial_1_0\partials\_sidebar.php on line 266
[26-Apr-2026 19:25:19 America/Sao_Paulo] PHP Warning:  Undefined array key "c_sidebar" in C:\xampp\htdocs\marcial_1_0\partials\_sidebar.php on line 271
[26-Apr-2026 19:25:19 America/Sao_Paulo] PHP Warning:  Undefined array key "c_sidebar" in C:\xampp\htdocs\marcial_1_0\partials\_sidebar.php on line 272
[26-Apr-2026 19:25:19 America/Sao_Paulo] PHP Warning:  Undefined array key "c_sidebar" in C:\xampp\htdocs\marcial_1_0\partials\_sidebar.php on line 273
[26-Apr-2026 19:25:19 America/Sao_Paulo] PHP Warning:  Undefined array key "c_sidebar" in C:\xampp\htdocs\marcial_1_0\partials\_sidebar.php on line 285
[26-Apr-2026 19:25:19 America/Sao_Paulo] PHP Warning:  Undefined array key "c_sidebar" in C:\xampp\htdocs\marcial_1_0\partials\_sidebar.php on line 285
[26-Apr-2026 19:25:19 America/Sao_Paulo] PHP Warning:  Undefined array key "c_sidebar" in C:\xampp\htdocs\marcial_1_0\partials\_sidebar.php on line 286
[26-Apr-2026 19:25:34 America/Sao_Paulo] PHP Warning:  Undefined array key "c_sidebar" in C:\xampp\htdocs\marcial_1_0\partials\_sidebar.php on line 135
[26-Apr-2026 19:25:34 America/Sao_Paulo] PHP Warning:  Undefined array key "c_sidebar" in C:\xampp\htdocs\marcial_1_0\partials\_sidebar.php on line 206
[26-Apr-2026 19:25:34 America/Sao_Paulo] PHP Warning:  Undefined array key "c_sidebar" in C:\xampp\htdocs\marcial_1_0\partials\_sidebar.php on line 207
[26-Apr-2026 19:25:34 America/Sao_Paulo] PHP Warning:  Undefined array key "c_sidebar" in C:\xampp\htdocs\marcial_1_0\partials\_sidebar.php on line 208
[26-Apr-2026 19:25:34 America/Sao_Paulo] PHP Warning:  Undefined array key "c_sidebar" in C:\xampp\htdocs\marcial_1_0\partials\_sidebar.php on line 214
[26-Apr-2026 19:25:34 America/Sao_Paulo] PHP Warning:  Undefined array key "c_sidebar" in C:\xampp\htdocs\marcial_1_0\partials\_sidebar.php on line 215
[26-Apr-2026 19:25:34 America/Sao_Paulo] PHP Warning:  Undefined array key "c_sidebar" in C:\xampp\htdocs\marcial_1_0\partials\_sidebar.php on line 216
[26-Apr-2026 19:25:34 America/Sao_Paulo] PHP Warning:  Undefined array key "c_sidebar" in C:\xampp\htdocs\marcial_1_0\partials\_sidebar.php on line 219
[26-Apr-2026 19:25:34 America/Sao_Paulo] PHP Warning:  Undefined array key "c_sidebar" in C:\xampp\htdocs\marcial_1_0\partials\_sidebar.php on line 220
[26-Apr-2026 19:25:34 America/Sao_Paulo] PHP Warning:  Undefined array key "c_sidebar" in C:\xampp\htdocs\marcial_1_0\partials\_sidebar.php on line 221
[26-Apr-2026 19:25:34 America/Sao_Paulo] PHP Warning:  Undefined array key "c_sidebar" in C:\xampp\htdocs\marcial_1_0\partials\_sidebar.php on line 234
[26-Apr-2026 19:25:34 America/Sao_Paulo] PHP Warning:  Undefined array key "c_sidebar" in C:\xampp\htdocs\marcial_1_0\partials\_sidebar.php on line 235
[26-Apr-2026 19:25:34 America/Sao_Paulo] PHP Warning:  Undefined array key "c_sidebar" in C:\xampp\htdocs\marcial_1_0\partials\_sidebar.php on line 236
[26-Apr-2026 19:25:34 America/Sao_Paulo] PHP Warning:  Undefined array key "c_sidebar" in C:\xampp\htdocs\marcial_1_0\partials\_sidebar.php on line 245
[26-Apr-2026 19:25:34 America/Sao_Paulo] PHP Warning:  Undefined array key "c_sidebar" in C:\xampp\htdocs\marcial_1_0\partials\_sidebar.php on line 259
[26-Apr-2026 19:25:34 America/Sao_Paulo] PHP Warning:  Undefined array key "c_sidebar" in C:\xampp\htdocs\marcial_1_0\partials\_sidebar.php on line 260
[26-Apr-2026 19:25:34 America/Sao_Paulo] PHP Warning:  Undefined array key "c_sidebar" in C:\xampp\htdocs\marcial_1_0\partials\_sidebar.php on line 261
[26-Apr-2026 19:25:34 America/Sao_Paulo] PHP Warning:  Undefined array key "c_sidebar" in C:\xampp\htdocs\marcial_1_0\partials\_sidebar.php on line 266
[26-Apr-2026 19:25:34 America/Sao_Paulo] PHP Warning:  Undefined array key "c_sidebar" in C:\xampp\htdocs\marcial_1_0\partials\_sidebar.php on line 271
[26-Apr-2026 19:25:34 America/Sao_Paulo] PHP Warning:  Undefined array key "c_sidebar" in C:\xampp\htdocs\marcial_1_0\partials\_sidebar.php on line 272
[26-Apr-2026 19:25:34 America/Sao_Paulo] PHP Warning:  Undefined array key "c_sidebar" in C:\xampp\htdocs\marcial_1_0\partials\_sidebar.php on line 273
[26-Apr-2026 19:25:34 America/Sao_Paulo] PHP Warning:  Undefined array key "c_sidebar" in C:\xampp\htdocs\marcial_1_0\partials\_sidebar.php on line 285
[26-Apr-2026 19:25:34 America/Sao_Paulo] PHP Warning:  Undefined array key "c_sidebar" in C:\xampp\htdocs\marcial_1_0\partials\_sidebar.php on line 285
[26-Apr-2026 19:25:34 America/Sao_Paulo] PHP Warning:  Undefined array key "c_sidebar" in C:\xampp\htdocs\marcial_1_0\partials\_sidebar.php on line 286
[26-Apr-2026 19:25:36 America/Sao_Paulo] PHP Warning:  Undefined array key "c_sidebar" in C:\xampp\htdocs\marcial_1_0\partials\_sidebar.php on line 135
[26-Apr-2026 19:25:36 America/Sao_Paulo] PHP Warning:  Undefined array key "c_sidebar" in C:\xampp\htdocs\marcial_1_0\partials\_sidebar.php on line 206
[26-Apr-2026 19:25:36 America/Sao_Paulo] PHP Warning:  Undefined array key "c_sidebar" in C:\xampp\htdocs\marcial_1_0\partials\_sidebar.php on line 207
[26-Apr-2026 19:25:36 America/Sao_Paulo] PHP Warning:  Undefined array key "c_sidebar" in C:\xampp\htdocs\marcial_1_0\partials\_sidebar.php on line 208
[26-Apr-2026 19:25:36 America/Sao_Paulo] PHP Warning:  Undefined array key "c_sidebar" in C:\xampp\htdocs\marcial_1_0\partials\_sidebar.php on line 214
[26-Apr-2026 19:25:36 America/Sao_Paulo] PHP Warning:  Undefined array key "c_sidebar" in C:\xampp\htdocs\marcial_1_0\partials\_sidebar.php on line 215
[26-Apr-2026 19:25:36 America/Sao_Paulo] PHP Warning:  Undefined array key "c_sidebar" in C:\xampp\htdocs\marcial_1_0\partials\_sidebar.php on line 216
[26-Apr-2026 19:25:36 America/Sao_Paulo] PHP Warning:  Undefined array key "c_sidebar" in C:\xampp\htdocs\marcial_1_0\partials\_sidebar.php on line 219
[26-Apr-2026 19:25:36 America/Sao_Paulo] PHP Warning:  Undefined array key "c_sidebar" in C:\xampp\htdocs\marcial_1_0\partials\_sidebar.php on line 220
[26-Apr-2026 19:25:36 America/Sao_Paulo] PHP Warning:  Undefined array key "c_sidebar" in C:\xampp\htdocs\marcial_1_0\partials\_sidebar.php on line 221
[26-Apr-2026 19:25:36 America/Sao_Paulo] PHP Warning:  Undefined array key "c_sidebar" in C:\xampp\htdocs\marcial_1_0\partials\_sidebar.php on line 234
[26-Apr-2026 19:25:36 America/Sao_Paulo] PHP Warning:  Undefined array key "c_sidebar" in C:\xampp\htdocs\marcial_1_0\partials\_sidebar.php on line 235
[26-Apr-2026 19:25:36 America/Sao_Paulo] PHP Warning:  Undefined array key "c_sidebar" in C:\xampp\htdocs\marcial_1_0\partials\_sidebar.php on line 236
[26-Apr-2026 19:25:36 America/Sao_Paulo] PHP Warning:  Undefined array key "c_sidebar" in C:\xampp\htdocs\marcial_1_0\partials\_sidebar.php on line 245
[26-Apr-2026 19:25:36 America/Sao_Paulo] PHP Warning:  Undefined array key "c_sidebar" in C:\xampp\htdocs\marcial_1_0\partials\_sidebar.php on line 259
[26-Apr-2026 19:25:36 America/Sao_Paulo] PHP Warning:  Undefined array key "c_sidebar" in C:\xampp\htdocs\marcial_1_0\partials\_sidebar.php on line 260
[26-Apr-2026 19:25:36 America/Sao_Paulo] PHP Warning:  Undefined array key "c_sidebar" in C:\xampp\htdocs\marcial_1_0\partials\_sidebar.php on line 261
[26-Apr-2026 19:25:36 America/Sao_Paulo] PHP Warning:  Undefined array key "c_sidebar" in C:\xampp\htdocs\marcial_1_0\partials\_sidebar.php on line 266
[26-Apr-2026 19:25:36 America/Sao_Paulo] PHP Warning:  Undefined array key "c_sidebar" in C:\xampp\htdocs\marcial_1_0\partials\_sidebar.php on line 271
[26-Apr-2026 19:25:36 America/Sao_Paulo] PHP Warning:  Undefined array key "c_sidebar" in C:\xampp\htdocs\marcial_1_0\partials\_sidebar.php on line 272
[26-Apr-2026 19:25:36 America/Sao_Paulo] PHP Warning:  Undefined array key "c_sidebar" in C:\xampp\htdocs\marcial_1_0\partials\_sidebar.php on line 273
[26-Apr-2026 19:25:36 America/Sao_Paulo] PHP Warning:  Undefined array key "c_sidebar" in C:\xampp\htdocs\marcial_1_0\partials\_sidebar.php on line 285
[26-Apr-2026 19:25:36 America/Sao_Paulo] PHP Warning:  Undefined array key "c_sidebar" in C:\xampp\htdocs\marcial_1_0\partials\_sidebar.php on line 285
[26-Apr-2026 19:25:36 America/Sao_Paulo] PHP Warning:  Undefined array key "c_sidebar" in C:\xampp\htdocs\marcial_1_0\partials\_sidebar.php on line 286
[26-Apr-2026 20:42:48 America/Sao_Paulo] PHP Warning:  Undefined array key "c_sidebar" in C:\xampp\htdocs\marcial_1_0\partials\_sidebar.php on line 135
[26-Apr-2026 20:42:48 America/Sao_Paulo] PHP Warning:  Undefined array key "c_sidebar" in C:\xampp\htdocs\marcial_1_0\partials\_sidebar.php on line 206
[26-Apr-2026 20:42:48 America/Sao_Paulo] PHP Warning:  Undefined array key "c_sidebar" in C:\xampp\htdocs\marcial_1_0\partials\_sidebar.php on line 207
[26-Apr-2026 20:42:48 America/Sao_Paulo] PHP Warning:  Undefined array key "c_sidebar" in C:\xampp\htdocs\marcial_1_0\partials\_sidebar.php on line 208
[26-Apr-2026 20:42:48 America/Sao_Paulo] PHP Warning:  Undefined array key "c_sidebar" in C:\xampp\htdocs\marcial_1_0\partials\_sidebar.php on line 214
[26-Apr-2026 20:42:48 America/Sao_Paulo] PHP Warning:  Undefined array key "c_sidebar" in C:\xampp\htdocs\marcial_1_0\partials\_sidebar.php on line 215
[26-Apr-2026 20:42:48 America/Sao_Paulo] PHP Warning:  Undefined array key "c_sidebar" in C:\xampp\htdocs\marcial_1_0\partials\_sidebar.php on line 216
[26-Apr-2026 20:42:48 America/Sao_Paulo] PHP Warning:  Undefined array key "c_sidebar" in C:\xampp\htdocs\marcial_1_0\partials\_sidebar.php on line 219
[26-Apr-2026 20:42:48 America/Sao_Paulo] PHP Warning:  Undefined array key "c_sidebar" in C:\xampp\htdocs\marcial_1_0\partials\_sidebar.php on line 220
[26-Apr-2026 20:42:48 America/Sao_Paulo] PHP Warning:  Undefined array key "c_sidebar" in C:\xampp\htdocs\marcial_1_0\partials\_sidebar.php on line 221
[26-Apr-2026 20:42:48 America/Sao_Paulo] PHP Warning:  Undefined array key "c_sidebar" in C:\xampp\htdocs\marcial_1_0\partials\_sidebar.php on line 234
[26-Apr-2026 20:42:48 America/Sao_Paulo] PHP Warning:  Undefined array key "c_sidebar" in C:\xampp\htdocs\marcial_1_0\partials\_sidebar.php on line 235
[26-Apr-2026 20:42:48 America/Sao_Paulo] PHP Warning:  Undefined array key "c_sidebar" in C:\xampp\htdocs\marcial_1_0\partials\_sidebar.php on line 236
[26-Apr-2026 20:42:48 America/Sao_Paulo] PHP Warning:  Undefined array key "c_sidebar" in C:\xampp\htdocs\marcial_1_0\partials\_sidebar.php on line 245
[26-Apr-2026 20:42:48 America/Sao_Paulo] PHP Warning:  Undefined array key "c_sidebar" in C:\xampp\htdocs\marcial_1_0\partials\_sidebar.php on line 259
[26-Apr-2026 20:42:48 America/Sao_Paulo] PHP Warning:  Undefined array key "c_sidebar" in C:\xampp\htdocs\marcial_1_0\partials\_sidebar.php on line 260
[26-Apr-2026 20:42:48 America/Sao_Paulo] PHP Warning:  Undefined array key "c_sidebar" in C:\xampp\htdocs\marcial_1_0\partials\_sidebar.php on line 261
[26-Apr-2026 20:42:48 America/Sao_Paulo] PHP Warning:  Undefined array key "c_sidebar" in C:\xampp\htdocs\marcial_1_0\partials\_sidebar.php on line 266
[26-Apr-2026 20:42:48 America/Sao_Paulo] PHP Warning:  Undefined array key "c_sidebar" in C:\xampp\htdocs\marcial_1_0\partials\_sidebar.php on line 271
[26-Apr-2026 20:42:48 America/Sao_Paulo] PHP Warning:  Undefined array key "c_sidebar" in C:\xampp\htdocs\marcial_1_0\partials\_sidebar.php on line 272
[26-Apr-2026 20:42:48 America/Sao_Paulo] PHP Warning:  Undefined array key "c_sidebar" in C:\xampp\htdocs\marcial_1_0\partials\_sidebar.php on line 273
[26-Apr-2026 20:42:48 America/Sao_Paulo] PHP Warning:  Undefined array key "c_sidebar" in C:\xampp\htdocs\marcial_1_0\partials\_sidebar.php on line 285
[26-Apr-2026 20:42:48 America/Sao_Paulo] PHP Warning:  Undefined array key "c_sidebar" in C:\xampp\htdocs\marcial_1_0\partials\_sidebar.php on line 285
[26-Apr-2026 20:42:48 America/Sao_Paulo] PHP Warning:  Undefined array key "c_sidebar" in C:\xampp\htdocs\marcial_1_0\partials\_sidebar.php on line 286
[26-Apr-2026 20:44:07 America/Sao_Paulo] PHP Warning:  Undefined array key "c_sidebar" in C:\xampp\htdocs\marcial_1_0\partials\_sidebar.php on line 135
[26-Apr-2026 20:44:07 America/Sao_Paulo] PHP Warning:  Undefined array key "c_sidebar" in C:\xampp\htdocs\marcial_1_0\partials\_sidebar.php on line 206
[26-Apr-2026 20:44:07 America/Sao_Paulo] PHP Warning:  Undefined array key "c_sidebar" in C:\xampp\htdocs\marcial_1_0\partials\_sidebar.php on line 207
[26-Apr-2026 20:44:07 America/Sao_Paulo] PHP Warning:  Undefined array key "c_sidebar" in C:\xampp\htdocs\marcial_1_0\partials\_sidebar.php on line 208
[26-Apr-2026 20:44:07 America/Sao_Paulo] PHP Warning:  Undefined array key "c_sidebar" in C:\xampp\htdocs\marcial_1_0\partials\_sidebar.php on line 214
[26-Apr-2026 20:44:07 America/Sao_Paulo] PHP Warning:  Undefined array key "c_sidebar" in C:\xampp\htdocs\marcial_1_0\partials\_sidebar.php on line 215
[26-Apr-2026 20:44:07 America/Sao_Paulo] PHP Warning:  Undefined array key "c_sidebar" in C:\xampp\htdocs\marcial_1_0\partials\_sidebar.php on line 216
[26-Apr-2026 20:44:07 America/Sao_Paulo] PHP Warning:  Undefined array key "c_sidebar" in C:\xampp\htdocs\marcial_1_0\partials\_sidebar.php on line 219
[26-Apr-2026 20:44:07 America/Sao_Paulo] PHP Warning:  Undefined array key "c_sidebar" in C:\xampp\htdocs\marcial_1_0\partials\_sidebar.php on line 220
[26-Apr-2026 20:44:07 America/Sao_Paulo] PHP Warning:  Undefined array key "c_sidebar" in C:\xampp\htdocs\marcial_1_0\partials\_sidebar.php on line 221
[26-Apr-2026 20:44:07 America/Sao_Paulo] PHP Warning:  Undefined array key "c_sidebar" in C:\xampp\htdocs\marcial_1_0\partials\_sidebar.php on line 234
[26-Apr-2026 20:44:07 America/Sao_Paulo] PHP Warning:  Undefined array key "c_sidebar" in C:\xampp\htdocs\marcial_1_0\partials\_sidebar.php on line 235
[26-Apr-2026 20:44:07 America/Sao_Paulo] PHP Warning:  Undefined array key "c_sidebar" in C:\xampp\htdocs\marcial_1_0\partials\_sidebar.php on line 236
[26-Apr-2026 20:44:07 America/Sao_Paulo] PHP Warning:  Undefined array key "c_sidebar" in C:\xampp\htdocs\marcial_1_0\partials\_sidebar.php on line 245
[26-Apr-2026 20:44:07 America/Sao_Paulo] PHP Warning:  Undefined array key "c_sidebar" in C:\xampp\htdocs\marcial_1_0\partials\_sidebar.php on line 259
[26-Apr-2026 20:44:07 America/Sao_Paulo] PHP Warning:  Undefined array key "c_sidebar" in C:\xampp\htdocs\marcial_1_0\partials\_sidebar.php on line 260
[26-Apr-2026 20:44:07 America/Sao_Paulo] PHP Warning:  Undefined array key "c_sidebar" in C:\xampp\htdocs\marcial_1_0\partials\_sidebar.php on line 261
[26-Apr-2026 20:44:07 America/Sao_Paulo] PHP Warning:  Undefined array key "c_sidebar" in C:\xampp\htdocs\marcial_1_0\partials\_sidebar.php on line 266
[26-Apr-2026 20:44:07 America/Sao_Paulo] PHP Warning:  Undefined array key "c_sidebar" in C:\xampp\htdocs\marcial_1_0\partials\_sidebar.php on line 271
[26-Apr-2026 20:44:07 America/Sao_Paulo] PHP Warning:  Undefined array key "c_sidebar" in C:\xampp\htdocs\marcial_1_0\partials\_sidebar.php on line 272
[26-Apr-2026 20:44:07 America/Sao_Paulo] PHP Warning:  Undefined array key "c_sidebar" in C:\xampp\htdocs\marcial_1_0\partials\_sidebar.php on line 273
[26-Apr-2026 20:44:07 America/Sao_Paulo] PHP Warning:  Undefined array key "c_sidebar" in C:\xampp\htdocs\marcial_1_0\partials\_sidebar.php on line 285
[26-Apr-2026 20:44:07 America/Sao_Paulo] PHP Warning:  Undefined array key "c_sidebar" in C:\xampp\htdocs\marcial_1_0\partials\_sidebar.php on line 285
[26-Apr-2026 20:44:07 America/Sao_Paulo] PHP Warning:  Undefined array key "c_sidebar" in C:\xampp\htdocs\marcial_1_0\partials\_sidebar.php on line 286
[26-Apr-2026 20:44:10 America/Sao_Paulo] PHP Warning:  Undefined array key "c_sidebar" in C:\xampp\htdocs\marcial_1_0\partials\_sidebar.php on line 135
[26-Apr-2026 20:44:10 America/Sao_Paulo] PHP Warning:  Undefined array key "c_sidebar" in C:\xampp\htdocs\marcial_1_0\partials\_sidebar.php on line 206
[26-Apr-2026 20:44:10 America/Sao_Paulo] PHP Warning:  Undefined array key "c_sidebar" in C:\xampp\htdocs\marcial_1_0\partials\_sidebar.php on line 207
[26-Apr-2026 20:44:10 America/Sao_Paulo] PHP Warning:  Undefined array key "c_sidebar" in C:\xampp\htdocs\marcial_1_0\partials\_sidebar.php on line 208
[26-Apr-2026 20:44:10 America/Sao_Paulo] PHP Warning:  Undefined array key "c_sidebar" in C:\xampp\htdocs\marcial_1_0\partials\_sidebar.php on line 214
[26-Apr-2026 20:44:10 America/Sao_Paulo] PHP Warning:  Undefined array key "c_sidebar" in C:\xampp\htdocs\marcial_1_0\partials\_sidebar.php on line 215
[26-Apr-2026 20:44:10 America/Sao_Paulo] PHP Warning:  Undefined array key "c_sidebar" in C:\xampp\htdocs\marcial_1_0\partials\_sidebar.php on line 216
[26-Apr-2026 20:44:10 America/Sao_Paulo] PHP Warning:  Undefined array key "c_sidebar" in C:\xampp\htdocs\marcial_1_0\partials\_sidebar.php on line 219
[26-Apr-2026 20:44:10 America/Sao_Paulo] PHP Warning:  Undefined array key "c_sidebar" in C:\xampp\htdocs\marcial_1_0\partials\_sidebar.php on line 220
[26-Apr-2026 20:44:10 America/Sao_Paulo] PHP Warning:  Undefined array key "c_sidebar" in C:\xampp\htdocs\marcial_1_0\partials\_sidebar.php on line 221
[26-Apr-2026 20:44:10 America/Sao_Paulo] PHP Warning:  Undefined array key "c_sidebar" in C:\xampp\htdocs\marcial_1_0\partials\_sidebar.php on line 234
[26-Apr-2026 20:44:10 America/Sao_Paulo] PHP Warning:  Undefined array key "c_sidebar" in C:\xampp\htdocs\marcial_1_0\partials\_sidebar.php on line 235
[26-Apr-2026 20:44:10 America/Sao_Paulo] PHP Warning:  Undefined array key "c_sidebar" in C:\xampp\htdocs\marcial_1_0\partials\_sidebar.php on line 236
[26-Apr-2026 20:44:10 America/Sao_Paulo] PHP Warning:  Undefined array key "c_sidebar" in C:\xampp\htdocs\marcial_1_0\partials\_sidebar.php on line 245
[26-Apr-2026 20:44:10 America/Sao_Paulo] PHP Warning:  Undefined array key "c_sidebar" in C:\xampp\htdocs\marcial_1_0\partials\_sidebar.php on line 259
[26-Apr-2026 20:44:10 America/Sao_Paulo] PHP Warning:  Undefined array key "c_sidebar" in C:\xampp\htdocs\marcial_1_0\partials\_sidebar.php on line 260
[26-Apr-2026 20:44:10 America/Sao_Paulo] PHP Warning:  Undefined array key "c_sidebar" in C:\xampp\htdocs\marcial_1_0\partials\_sidebar.php on line 261
[26-Apr-2026 20:44:10 America/Sao_Paulo] PHP Warning:  Undefined array key "c_sidebar" in C:\xampp\htdocs\marcial_1_0\partials\_sidebar.php on line 266
[26-Apr-2026 20:44:10 America/Sao_Paulo] PHP Warning:  Undefined array key "c_sidebar" in C:\xampp\htdocs\marcial_1_0\partials\_sidebar.php on line 271
[26-Apr-2026 20:44:10 America/Sao_Paulo] PHP Warning:  Undefined array key "c_sidebar" in C:\xampp\htdocs\marcial_1_0\partials\_sidebar.php on line 272
[26-Apr-2026 20:44:10 America/Sao_Paulo] PHP Warning:  Undefined array key "c_sidebar" in C:\xampp\htdocs\marcial_1_0\partials\_sidebar.php on line 273
[26-Apr-2026 20:44:10 America/Sao_Paulo] PHP Warning:  Undefined array key "c_sidebar" in C:\xampp\htdocs\marcial_1_0\partials\_sidebar.php on line 285
[26-Apr-2026 20:44:10 America/Sao_Paulo] PHP Warning:  Undefined array key "c_sidebar" in C:\xampp\htdocs\marcial_1_0\partials\_sidebar.php on line 285
[26-Apr-2026 20:44:10 America/Sao_Paulo] PHP Warning:  Undefined array key "c_sidebar" in C:\xampp\htdocs\marcial_1_0\partials\_sidebar.php on line 286
[26-Apr-2026 20:44:18 America/Sao_Paulo] PHP Warning:  Undefined array key "c_sidebar" in C:\xampp\htdocs\marcial_1_0\partials\_sidebar.php on line 135
[26-Apr-2026 20:44:18 America/Sao_Paulo] PHP Warning:  Undefined array key "c_sidebar" in C:\xampp\htdocs\marcial_1_0\partials\_sidebar.php on line 206
[26-Apr-2026 20:44:18 America/Sao_Paulo] PHP Warning:  Undefined array key "c_sidebar" in C:\xampp\htdocs\marcial_1_0\partials\_sidebar.php on line 207
[26-Apr-2026 20:44:18 America/Sao_Paulo] PHP Warning:  Undefined array key "c_sidebar" in C:\xampp\htdocs\marcial_1_0\partials\_sidebar.php on line 208
[26-Apr-2026 20:44:18 America/Sao_Paulo] PHP Warning:  Undefined array key "c_sidebar" in C:\xampp\htdocs\marcial_1_0\partials\_sidebar.php on line 214
[26-Apr-2026 20:44:18 America/Sao_Paulo] PHP Warning:  Undefined array key "c_sidebar" in C:\xampp\htdocs\marcial_1_0\partials\_sidebar.php on line 215
[26-Apr-2026 20:44:18 America/Sao_Paulo] PHP Warning:  Undefined array key "c_sidebar" in C:\xampp\htdocs\marcial_1_0\partials\_sidebar.php on line 216
[26-Apr-2026 20:44:18 America/Sao_Paulo] PHP Warning:  Undefined array key "c_sidebar" in C:\xampp\htdocs\marcial_1_0\partials\_sidebar.php on line 219
[26-Apr-2026 20:44:18 America/Sao_Paulo] PHP Warning:  Undefined array key "c_sidebar" in C:\xampp\htdocs\marcial_1_0\partials\_sidebar.php on line 220
[26-Apr-2026 20:44:18 America/Sao_Paulo] PHP Warning:  Undefined array key "c_sidebar" in C:\xampp\htdocs\marcial_1_0\partials\_sidebar.php on line 221
[26-Apr-2026 20:44:18 America/Sao_Paulo] PHP Warning:  Undefined array key "c_sidebar" in C:\xampp\htdocs\marcial_1_0\partials\_sidebar.php on line 234
[26-Apr-2026 20:44:18 America/Sao_Paulo] PHP Warning:  Undefined array key "c_sidebar" in C:\xampp\htdocs\marcial_1_0\partials\_sidebar.php on line 235
[26-Apr-2026 20:44:18 America/Sao_Paulo] PHP Warning:  Undefined array key "c_sidebar" in C:\xampp\htdocs\marcial_1_0\partials\_sidebar.php on line 236
[26-Apr-2026 20:44:18 America/Sao_Paulo] PHP Warning:  Undefined array key "c_sidebar" in C:\xampp\htdocs\marcial_1_0\partials\_sidebar.php on line 245
[26-Apr-2026 20:44:18 America/Sao_Paulo] PHP Warning:  Undefined array key "c_sidebar" in C:\xampp\htdocs\marcial_1_0\partials\_sidebar.php on line 259
[26-Apr-2026 20:44:18 America/Sao_Paulo] PHP Warning:  Undefined array key "c_sidebar" in C:\xampp\htdocs\marcial_1_0\partials\_sidebar.php on line 260
[26-Apr-2026 20:44:18 America/Sao_Paulo] PHP Warning:  Undefined array key "c_sidebar" in C:\xampp\htdocs\marcial_1_0\partials\_sidebar.php on line 261
[26-Apr-2026 20:44:18 America/Sao_Paulo] PHP Warning:  Undefined array key "c_sidebar" in C:\xampp\htdocs\marcial_1_0\partials\_sidebar.php on line 266
[26-Apr-2026 20:44:18 America/Sao_Paulo] PHP Warning:  Undefined array key "c_sidebar" in C:\xampp\htdocs\marcial_1_0\partials\_sidebar.php on line 271
[26-Apr-2026 20:44:18 America/Sao_Paulo] PHP Warning:  Undefined array key "c_sidebar" in C:\xampp\htdocs\marcial_1_0\partials\_sidebar.php on line 272
[26-Apr-2026 20:44:18 America/Sao_Paulo] PHP Warning:  Undefined array key "c_sidebar" in C:\xampp\htdocs\marcial_1_0\partials\_sidebar.php on line 273
[26-Apr-2026 20:44:18 America/Sao_Paulo] PHP Warning:  Undefined array key "c_sidebar" in C:\xampp\htdocs\marcial_1_0\partials\_sidebar.php on line 285
[26-Apr-2026 20:44:18 America/Sao_Paulo] PHP Warning:  Undefined array key "c_sidebar" in C:\xampp\htdocs\marcial_1_0\partials\_sidebar.php on line 285
[26-Apr-2026 20:44:18 America/Sao_Paulo] PHP Warning:  Undefined array key "c_sidebar" in C:\xampp\htdocs\marcial_1_0\partials\_sidebar.php on line 286
[26-Apr-2026 20:51:39 America/Sao_Paulo] PHP Warning:  Undefined array key "c_sidebar" in C:\xampp\htdocs\marcial_1_0\partials\_sidebar.php on line 135
[26-Apr-2026 20:51:39 America/Sao_Paulo] PHP Warning:  Undefined array key "c_sidebar" in C:\xampp\htdocs\marcial_1_0\partials\_sidebar.php on line 206
[26-Apr-2026 20:51:39 America/Sao_Paulo] PHP Warning:  Undefined array key "c_sidebar" in C:\xampp\htdocs\marcial_1_0\partials\_sidebar.php on line 207
[26-Apr-2026 20:51:39 America/Sao_Paulo] PHP Warning:  Undefined array key "c_sidebar" in C:\xampp\htdocs\marcial_1_0\partials\_sidebar.php on line 208
[26-Apr-2026 20:51:39 America/Sao_Paulo] PHP Warning:  Undefined array key "c_sidebar" in C:\xampp\htdocs\marcial_1_0\partials\_sidebar.php on line 214
[26-Apr-2026 20:51:39 America/Sao_Paulo] PHP Warning:  Undefined array key "c_sidebar" in C:\xampp\htdocs\marcial_1_0\partials\_sidebar.php on line 215
[26-Apr-2026 20:51:39 America/Sao_Paulo] PHP Warning:  Undefined array key "c_sidebar" in C:\xampp\htdocs\marcial_1_0\partials\_sidebar.php on line 216
[26-Apr-2026 20:51:39 America/Sao_Paulo] PHP Warning:  Undefined array key "c_sidebar" in C:\xampp\htdocs\marcial_1_0\partials\_sidebar.php on line 219
[26-Apr-2026 20:51:39 America/Sao_Paulo] PHP Warning:  Undefined array key "c_sidebar" in C:\xampp\htdocs\marcial_1_0\partials\_sidebar.php on line 220
[26-Apr-2026 20:51:39 America/Sao_Paulo] PHP Warning:  Undefined array key "c_sidebar" in C:\xampp\htdocs\marcial_1_0\partials\_sidebar.php on line 221
[26-Apr-2026 20:51:39 America/Sao_Paulo] PHP Warning:  Undefined array key "c_sidebar" in C:\xampp\htdocs\marcial_1_0\partials\_sidebar.php on line 234
[26-Apr-2026 20:51:39 America/Sao_Paulo] PHP Warning:  Undefined array key "c_sidebar" in C:\xampp\htdocs\marcial_1_0\partials\_sidebar.php on line 235
[26-Apr-2026 20:51:39 America/Sao_Paulo] PHP Warning:  Undefined array key "c_sidebar" in C:\xampp\htdocs\marcial_1_0\partials\_sidebar.php on line 236
[26-Apr-2026 20:51:39 America/Sao_Paulo] PHP Warning:  Undefined array key "c_sidebar" in C:\xampp\htdocs\marcial_1_0\partials\_sidebar.php on line 245
[26-Apr-2026 20:51:39 America/Sao_Paulo] PHP Warning:  Undefined array key "c_sidebar" in C:\xampp\htdocs\marcial_1_0\partials\_sidebar.php on line 259
[26-Apr-2026 20:51:39 America/Sao_Paulo] PHP Warning:  Undefined array key "c_sidebar" in C:\xampp\htdocs\marcial_1_0\partials\_sidebar.php on line 260
[26-Apr-2026 20:51:39 America/Sao_Paulo] PHP Warning:  Undefined array key "c_sidebar" in C:\xampp\htdocs\marcial_1_0\partials\_sidebar.php on line 261
[26-Apr-2026 20:51:39 America/Sao_Paulo] PHP Warning:  Undefined array key "c_sidebar" in C:\xampp\htdocs\marcial_1_0\partials\_sidebar.php on line 266
[26-Apr-2026 20:51:39 America/Sao_Paulo] PHP Warning:  Undefined array key "c_sidebar" in C:\xampp\htdocs\marcial_1_0\partials\_sidebar.php on line 271
[26-Apr-2026 20:51:39 America/Sao_Paulo] PHP Warning:  Undefined array key "c_sidebar" in C:\xampp\htdocs\marcial_1_0\partials\_sidebar.php on line 272
[26-Apr-2026 20:51:39 America/Sao_Paulo] PHP Warning:  Undefined array key "c_sidebar" in C:\xampp\htdocs\marcial_1_0\partials\_sidebar.php on line 273
[26-Apr-2026 20:51:39 America/Sao_Paulo] PHP Warning:  Undefined array key "c_sidebar" in C:\xampp\htdocs\marcial_1_0\partials\_sidebar.php on line 285
[26-Apr-2026 20:51:39 America/Sao_Paulo] PHP Warning:  Undefined array key "c_sidebar" in C:\xampp\htdocs\marcial_1_0\partials\_sidebar.php on line 285
[26-Apr-2026 20:51:39 America/Sao_Paulo] PHP Warning:  Undefined array key "c_sidebar" in C:\xampp\htdocs\marcial_1_0\partials\_sidebar.php on line 286
[26-Apr-2026 20:52:12 America/Sao_Paulo] PHP Warning:  Undefined array key "c_sidebar" in C:\xampp\htdocs\marcial_1_0\partials\_sidebar.php on line 135
[26-Apr-2026 20:52:12 America/Sao_Paulo] PHP Warning:  Undefined array key "c_sidebar" in C:\xampp\htdocs\marcial_1_0\partials\_sidebar.php on line 206
[26-Apr-2026 20:52:12 America/Sao_Paulo] PHP Warning:  Undefined array key "c_sidebar" in C:\xampp\htdocs\marcial_1_0\partials\_sidebar.php on line 207
[26-Apr-2026 20:52:12 America/Sao_Paulo] PHP Warning:  Undefined array key "c_sidebar" in C:\xampp\htdocs\marcial_1_0\partials\_sidebar.php on line 208
[26-Apr-2026 20:52:12 America/Sao_Paulo] PHP Warning:  Undefined array key "c_sidebar" in C:\xampp\htdocs\marcial_1_0\partials\_sidebar.php on line 214
[26-Apr-2026 20:52:12 America/Sao_Paulo] PHP Warning:  Undefined array key "c_sidebar" in C:\xampp\htdocs\marcial_1_0\partials\_sidebar.php on line 215
[26-Apr-2026 20:52:12 America/Sao_Paulo] PHP Warning:  Undefined array key "c_sidebar" in C:\xampp\htdocs\marcial_1_0\partials\_sidebar.php on line 216
[26-Apr-2026 20:52:12 America/Sao_Paulo] PHP Warning:  Undefined array key "c_sidebar" in C:\xampp\htdocs\marcial_1_0\partials\_sidebar.php on line 219
[26-Apr-2026 20:52:12 America/Sao_Paulo] PHP Warning:  Undefined array key "c_sidebar" in C:\xampp\htdocs\marcial_1_0\partials\_sidebar.php on line 220
[26-Apr-2026 20:52:12 America/Sao_Paulo] PHP Warning:  Undefined array key "c_sidebar" in C:\xampp\htdocs\marcial_1_0\partials\_sidebar.php on line 221
[26-Apr-2026 20:52:12 America/Sao_Paulo] PHP Warning:  Undefined array key "c_sidebar" in C:\xampp\htdocs\marcial_1_0\partials\_sidebar.php on line 234
[26-Apr-2026 20:52:12 America/Sao_Paulo] PHP Warning:  Undefined array key "c_sidebar" in C:\xampp\htdocs\marcial_1_0\partials\_sidebar.php on line 235
[26-Apr-2026 20:52:12 America/Sao_Paulo] PHP Warning:  Undefined array key "c_sidebar" in C:\xampp\htdocs\marcial_1_0\partials\_sidebar.php on line 236
[26-Apr-2026 20:52:12 America/Sao_Paulo] PHP Warning:  Undefined array key "c_sidebar" in C:\xampp\htdocs\marcial_1_0\partials\_sidebar.php on line 245
[26-Apr-2026 20:52:12 America/Sao_Paulo] PHP Warning:  Undefined array key "c_sidebar" in C:\xampp\htdocs\marcial_1_0\partials\_sidebar.php on line 259
[26-Apr-2026 20:52:12 America/Sao_Paulo] PHP Warning:  Undefined array key "c_sidebar" in C:\xampp\htdocs\marcial_1_0\partials\_sidebar.php on line 260
[26-Apr-2026 20:52:12 America/Sao_Paulo] PHP Warning:  Undefined array key "c_sidebar" in C:\xampp\htdocs\marcial_1_0\partials\_sidebar.php on line 261
[26-Apr-2026 20:52:12 America/Sao_Paulo] PHP Warning:  Undefined array key "c_sidebar" in C:\xampp\htdocs\marcial_1_0\partials\_sidebar.php on line 266
[26-Apr-2026 20:52:12 America/Sao_Paulo] PHP Warning:  Undefined array key "c_sidebar" in C:\xampp\htdocs\marcial_1_0\partials\_sidebar.php on line 271
[26-Apr-2026 20:52:12 America/Sao_Paulo] PHP Warning:  Undefined array key "c_sidebar" in C:\xampp\htdocs\marcial_1_0\partials\_sidebar.php on line 272
[26-Apr-2026 20:52:12 America/Sao_Paulo] PHP Warning:  Undefined array key "c_sidebar" in C:\xampp\htdocs\marcial_1_0\partials\_sidebar.php on line 273
[26-Apr-2026 20:52:12 America/Sao_Paulo] PHP Warning:  Undefined array key "c_sidebar" in C:\xampp\htdocs\marcial_1_0\partials\_sidebar.php on line 285
[26-Apr-2026 20:52:12 America/Sao_Paulo] PHP Warning:  Undefined array key "c_sidebar" in C:\xampp\htdocs\marcial_1_0\partials\_sidebar.php on line 285
[26-Apr-2026 20:52:12 America/Sao_Paulo] PHP Warning:  Undefined array key "c_sidebar" in C:\xampp\htdocs\marcial_1_0\partials\_sidebar.php on line 286
[26-Apr-2026 20:52:15 America/Sao_Paulo] PHP Warning:  Undefined array key "c_sidebar" in C:\xampp\htdocs\marcial_1_0\partials\_sidebar.php on line 135
[26-Apr-2026 20:52:15 America/Sao_Paulo] PHP Warning:  Undefined array key "c_sidebar" in C:\xampp\htdocs\marcial_1_0\partials\_sidebar.php on line 206
[26-Apr-2026 20:52:15 America/Sao_Paulo] PHP Warning:  Undefined array key "c_sidebar" in C:\xampp\htdocs\marcial_1_0\partials\_sidebar.php on line 207
[26-Apr-2026 20:52:15 America/Sao_Paulo] PHP Warning:  Undefined array key "c_sidebar" in C:\xampp\htdocs\marcial_1_0\partials\_sidebar.php on line 208
[26-Apr-2026 20:52:15 America/Sao_Paulo] PHP Warning:  Undefined array key "c_sidebar" in C:\xampp\htdocs\marcial_1_0\partials\_sidebar.php on line 214
[26-Apr-2026 20:52:15 America/Sao_Paulo] PHP Warning:  Undefined array key "c_sidebar" in C:\xampp\htdocs\marcial_1_0\partials\_sidebar.php on line 215
[26-Apr-2026 20:52:15 America/Sao_Paulo] PHP Warning:  Undefined array key "c_sidebar" in C:\xampp\htdocs\marcial_1_0\partials\_sidebar.php on line 216
[26-Apr-2026 20:52:15 America/Sao_Paulo] PHP Warning:  Undefined array key "c_sidebar" in C:\xampp\htdocs\marcial_1_0\partials\_sidebar.php on line 219
[26-Apr-2026 20:52:15 America/Sao_Paulo] PHP Warning:  Undefined array key "c_sidebar" in C:\xampp\htdocs\marcial_1_0\partials\_sidebar.php on line 220
[26-Apr-2026 20:52:15 America/Sao_Paulo] PHP Warning:  Undefined array key "c_sidebar" in C:\xampp\htdocs\marcial_1_0\partials\_sidebar.php on line 221
[26-Apr-2026 20:52:15 America/Sao_Paulo] PHP Warning:  Undefined array key "c_sidebar" in C:\xampp\htdocs\marcial_1_0\partials\_sidebar.php on line 234
[26-Apr-2026 20:52:15 America/Sao_Paulo] PHP Warning:  Undefined array key "c_sidebar" in C:\xampp\htdocs\marcial_1_0\partials\_sidebar.php on line 235
[26-Apr-2026 20:52:15 America/Sao_Paulo] PHP Warning:  Undefined array key "c_sidebar" in C:\xampp\htdocs\marcial_1_0\partials\_sidebar.php on line 236
[26-Apr-2026 20:52:15 America/Sao_Paulo] PHP Warning:  Undefined array key "c_sidebar" in C:\xampp\htdocs\marcial_1_0\partials\_sidebar.php on line 245
[26-Apr-2026 20:52:15 America/Sao_Paulo] PHP Warning:  Undefined array key "c_sidebar" in C:\xampp\htdocs\marcial_1_0\partials\_sidebar.php on line 259
[26-Apr-2026 20:52:15 America/Sao_Paulo] PHP Warning:  Undefined array key "c_sidebar" in C:\xampp\htdocs\marcial_1_0\partials\_sidebar.php on line 260
[26-Apr-2026 20:52:15 America/Sao_Paulo] PHP Warning:  Undefined array key "c_sidebar" in C:\xampp\htdocs\marcial_1_0\partials\_sidebar.php on line 261
[26-Apr-2026 20:52:15 America/Sao_Paulo] PHP Warning:  Undefined array key "c_sidebar" in C:\xampp\htdocs\marcial_1_0\partials\_sidebar.php on line 266
[26-Apr-2026 20:52:15 America/Sao_Paulo] PHP Warning:  Undefined array key "c_sidebar" in C:\xampp\htdocs\marcial_1_0\partials\_sidebar.php on line 271
[26-Apr-2026 20:52:15 America/Sao_Paulo] PHP Warning:  Undefined array key "c_sidebar" in C:\xampp\htdocs\marcial_1_0\partials\_sidebar.php on line 272
[26-Apr-2026 20:52:15 America/Sao_Paulo] PHP Warning:  Undefined array key "c_sidebar" in C:\xampp\htdocs\marcial_1_0\partials\_sidebar.php on line 273
[26-Apr-2026 20:52:15 America/Sao_Paulo] PHP Warning:  Undefined array key "c_sidebar" in C:\xampp\htdocs\marcial_1_0\partials\_sidebar.php on line 285
[26-Apr-2026 20:52:15 America/Sao_Paulo] PHP Warning:  Undefined array key "c_sidebar" in C:\xampp\htdocs\marcial_1_0\partials\_sidebar.php on line 285
[26-Apr-2026 20:52:15 America/Sao_Paulo] PHP Warning:  Undefined array key "c_sidebar" in C:\xampp\htdocs\marcial_1_0\partials\_sidebar.php on line 286
[26-Apr-2026 20:52:26 America/Sao_Paulo] PHP Warning:  Undefined array key "c_sidebar" in C:\xampp\htdocs\marcial_1_0\partials\_sidebar.php on line 135
[26-Apr-2026 20:52:26 America/Sao_Paulo] PHP Warning:  Undefined array key "c_sidebar" in C:\xampp\htdocs\marcial_1_0\partials\_sidebar.php on line 206
[26-Apr-2026 20:52:26 America/Sao_Paulo] PHP Warning:  Undefined array key "c_sidebar" in C:\xampp\htdocs\marcial_1_0\partials\_sidebar.php on line 207
[26-Apr-2026 20:52:26 America/Sao_Paulo] PHP Warning:  Undefined array key "c_sidebar" in C:\xampp\htdocs\marcial_1_0\partials\_sidebar.php on line 208
[26-Apr-2026 20:52:26 America/Sao_Paulo] PHP Warning:  Undefined array key "c_sidebar" in C:\xampp\htdocs\marcial_1_0\partials\_sidebar.php on line 214
[26-Apr-2026 20:52:26 America/Sao_Paulo] PHP Warning:  Undefined array key "c_sidebar" in C:\xampp\htdocs\marcial_1_0\partials\_sidebar.php on line 215
[26-Apr-2026 20:52:26 America/Sao_Paulo] PHP Warning:  Undefined array key "c_sidebar" in C:\xampp\htdocs\marcial_1_0\partials\_sidebar.php on line 216
[26-Apr-2026 20:52:26 America/Sao_Paulo] PHP Warning:  Undefined array key "c_sidebar" in C:\xampp\htdocs\marcial_1_0\partials\_sidebar.php on line 219
[26-Apr-2026 20:52:26 America/Sao_Paulo] PHP Warning:  Undefined array key "c_sidebar" in C:\xampp\htdocs\marcial_1_0\partials\_sidebar.php on line 220
[26-Apr-2026 20:52:26 America/Sao_Paulo] PHP Warning:  Undefined array key "c_sidebar" in C:\xampp\htdocs\marcial_1_0\partials\_sidebar.php on line 221
[26-Apr-2026 20:52:26 America/Sao_Paulo] PHP Warning:  Undefined array key "c_sidebar" in C:\xampp\htdocs\marcial_1_0\partials\_sidebar.php on line 234
[26-Apr-2026 20:52:26 America/Sao_Paulo] PHP Warning:  Undefined array key "c_sidebar" in C:\xampp\htdocs\marcial_1_0\partials\_sidebar.php on line 235
[26-Apr-2026 20:52:26 America/Sao_Paulo] PHP Warning:  Undefined array key "c_sidebar" in C:\xampp\htdocs\marcial_1_0\partials\_sidebar.php on line 236
[26-Apr-2026 20:52:26 America/Sao_Paulo] PHP Warning:  Undefined array key "c_sidebar" in C:\xampp\htdocs\marcial_1_0\partials\_sidebar.php on line 245
[26-Apr-2026 20:52:26 America/Sao_Paulo] PHP Warning:  Undefined array key "c_sidebar" in C:\xampp\htdocs\marcial_1_0\partials\_sidebar.php on line 259
[26-Apr-2026 20:52:26 America/Sao_Paulo] PHP Warning:  Undefined array key "c_sidebar" in C:\xampp\htdocs\marcial_1_0\partials\_sidebar.php on line 260
[26-Apr-2026 20:52:26 America/Sao_Paulo] PHP Warning:  Undefined array key "c_sidebar" in C:\xampp\htdocs\marcial_1_0\partials\_sidebar.php on line 261
[26-Apr-2026 20:52:26 America/Sao_Paulo] PHP Warning:  Undefined array key "c_sidebar" in C:\xampp\htdocs\marcial_1_0\partials\_sidebar.php on line 266
[26-Apr-2026 20:52:26 America/Sao_Paulo] PHP Warning:  Undefined array key "c_sidebar" in C:\xampp\htdocs\marcial_1_0\partials\_sidebar.php on line 271
[26-Apr-2026 20:52:26 America/Sao_Paulo] PHP Warning:  Undefined array key "c_sidebar" in C:\xampp\htdocs\marcial_1_0\partials\_sidebar.php on line 272
[26-Apr-2026 20:52:26 America/Sao_Paulo] PHP Warning:  Undefined array key "c_sidebar" in C:\xampp\htdocs\marcial_1_0\partials\_sidebar.php on line 273
[26-Apr-2026 20:52:26 America/Sao_Paulo] PHP Warning:  Undefined array key "c_sidebar" in C:\xampp\htdocs\marcial_1_0\partials\_sidebar.php on line 285
[26-Apr-2026 20:52:26 America/Sao_Paulo] PHP Warning:  Undefined array key "c_sidebar" in C:\xampp\htdocs\marcial_1_0\partials\_sidebar.php on line 285
[26-Apr-2026 20:52:26 America/Sao_Paulo] PHP Warning:  Undefined array key "c_sidebar" in C:\xampp\htdocs\marcial_1_0\partials\_sidebar.php on line 286
[26-Apr-2026 20:57:32 America/Sao_Paulo] PHP Warning:  Undefined array key "c_sidebar" in C:\xampp\htdocs\marcial_1_0\partials\_sidebar.php on line 135
[26-Apr-2026 20:57:32 America/Sao_Paulo] PHP Warning:  Undefined array key "c_sidebar" in C:\xampp\htdocs\marcial_1_0\partials\_sidebar.php on line 206
[26-Apr-2026 20:57:32 America/Sao_Paulo] PHP Warning:  Undefined array key "c_sidebar" in C:\xampp\htdocs\marcial_1_0\partials\_sidebar.php on line 207
[26-Apr-2026 20:57:32 America/Sao_Paulo] PHP Warning:  Undefined array key "c_sidebar" in C:\xampp\htdocs\marcial_1_0\partials\_sidebar.php on line 208
[26-Apr-2026 20:57:32 America/Sao_Paulo] PHP Warning:  Undefined array key "c_sidebar" in C:\xampp\htdocs\marcial_1_0\partials\_sidebar.php on line 214
[26-Apr-2026 20:57:32 America/Sao_Paulo] PHP Warning:  Undefined array key "c_sidebar" in C:\xampp\htdocs\marcial_1_0\partials\_sidebar.php on line 215
[26-Apr-2026 20:57:32 America/Sao_Paulo] PHP Warning:  Undefined array key "c_sidebar" in C:\xampp\htdocs\marcial_1_0\partials\_sidebar.php on line 216
[26-Apr-2026 20:57:32 America/Sao_Paulo] PHP Warning:  Undefined array key "c_sidebar" in C:\xampp\htdocs\marcial_1_0\partials\_sidebar.php on line 219
[26-Apr-2026 20:57:32 America/Sao_Paulo] PHP Warning:  Undefined array key "c_sidebar" in C:\xampp\htdocs\marcial_1_0\partials\_sidebar.php on line 220
[26-Apr-2026 20:57:32 America/Sao_Paulo] PHP Warning:  Undefined array key "c_sidebar" in C:\xampp\htdocs\marcial_1_0\partials\_sidebar.php on line 221
[26-Apr-2026 20:57:32 America/Sao_Paulo] PHP Warning:  Undefined array key "c_sidebar" in C:\xampp\htdocs\marcial_1_0\partials\_sidebar.php on line 234
[26-Apr-2026 20:57:32 America/Sao_Paulo] PHP Warning:  Undefined array key "c_sidebar" in C:\xampp\htdocs\marcial_1_0\partials\_sidebar.php on line 235
[26-Apr-2026 20:57:32 America/Sao_Paulo] PHP Warning:  Undefined array key "c_sidebar" in C:\xampp\htdocs\marcial_1_0\partials\_sidebar.php on line 236
[26-Apr-2026 20:57:32 America/Sao_Paulo] PHP Warning:  Undefined array key "c_sidebar" in C:\xampp\htdocs\marcial_1_0\partials\_sidebar.php on line 245
[26-Apr-2026 20:57:32 America/Sao_Paulo] PHP Warning:  Undefined array key "c_sidebar" in C:\xampp\htdocs\marcial_1_0\partials\_sidebar.php on line 259
[26-Apr-2026 20:57:32 America/Sao_Paulo] PHP Warning:  Undefined array key "c_sidebar" in C:\xampp\htdocs\marcial_1_0\partials\_sidebar.php on line 260
[26-Apr-2026 20:57:32 America/Sao_Paulo] PHP Warning:  Undefined array key "c_sidebar" in C:\xampp\htdocs\marcial_1_0\partials\_sidebar.php on line 261
[26-Apr-2026 20:57:32 America/Sao_Paulo] PHP Warning:  Undefined array key "c_sidebar" in C:\xampp\htdocs\marcial_1_0\partials\_sidebar.php on line 266
[26-Apr-2026 20:57:32 America/Sao_Paulo] PHP Warning:  Undefined array key "c_sidebar" in C:\xampp\htdocs\marcial_1_0\partials\_sidebar.php on line 271
[26-Apr-2026 20:57:32 America/Sao_Paulo] PHP Warning:  Undefined array key "c_sidebar" in C:\xampp\htdocs\marcial_1_0\partials\_sidebar.php on line 272
[26-Apr-2026 20:57:32 America/Sao_Paulo] PHP Warning:  Undefined array key "c_sidebar" in C:\xampp\htdocs\marcial_1_0\partials\_sidebar.php on line 273
[26-Apr-2026 20:57:32 America/Sao_Paulo] PHP Warning:  Undefined array key "c_sidebar" in C:\xampp\htdocs\marcial_1_0\partials\_sidebar.php on line 285
[26-Apr-2026 20:57:32 America/Sao_Paulo] PHP Warning:  Undefined array key "c_sidebar" in C:\xampp\htdocs\marcial_1_0\partials\_sidebar.php on line 285
[26-Apr-2026 20:57:32 America/Sao_Paulo] PHP Warning:  Undefined array key "c_sidebar" in C:\xampp\htdocs\marcial_1_0\partials\_sidebar.php on line 286
[26-Apr-2026 20:57:42 America/Sao_Paulo] PHP Warning:  Undefined array key "c_sidebar" in C:\xampp\htdocs\marcial_1_0\partials\_sidebar.php on line 135
[26-Apr-2026 20:57:42 America/Sao_Paulo] PHP Warning:  Undefined array key "c_sidebar" in C:\xampp\htdocs\marcial_1_0\partials\_sidebar.php on line 206
[26-Apr-2026 20:57:42 America/Sao_Paulo] PHP Warning:  Undefined array key "c_sidebar" in C:\xampp\htdocs\marcial_1_0\partials\_sidebar.php on line 207
[26-Apr-2026 20:57:42 America/Sao_Paulo] PHP Warning:  Undefined array key "c_sidebar" in C:\xampp\htdocs\marcial_1_0\partials\_sidebar.php on line 208
[26-Apr-2026 20:57:42 America/Sao_Paulo] PHP Warning:  Undefined array key "c_sidebar" in C:\xampp\htdocs\marcial_1_0\partials\_sidebar.php on line 214
[26-Apr-2026 20:57:42 America/Sao_Paulo] PHP Warning:  Undefined array key "c_sidebar" in C:\xampp\htdocs\marcial_1_0\partials\_sidebar.php on line 215
[26-Apr-2026 20:57:42 America/Sao_Paulo] PHP Warning:  Undefined array key "c_sidebar" in C:\xampp\htdocs\marcial_1_0\partials\_sidebar.php on line 216
[26-Apr-2026 20:57:42 America/Sao_Paulo] PHP Warning:  Undefined array key "c_sidebar" in C:\xampp\htdocs\marcial_1_0\partials\_sidebar.php on line 219
[26-Apr-2026 20:57:42 America/Sao_Paulo] PHP Warning:  Undefined array key "c_sidebar" in C:\xampp\htdocs\marcial_1_0\partials\_sidebar.php on line 220
[26-Apr-2026 20:57:42 America/Sao_Paulo] PHP Warning:  Undefined array key "c_sidebar" in C:\xampp\htdocs\marcial_1_0\partials\_sidebar.php on line 221
[26-Apr-2026 20:57:42 America/Sao_Paulo] PHP Warning:  Undefined array key "c_sidebar" in C:\xampp\htdocs\marcial_1_0\partials\_sidebar.php on line 234
[26-Apr-2026 20:57:42 America/Sao_Paulo] PHP Warning:  Undefined array key "c_sidebar" in C:\xampp\htdocs\marcial_1_0\partials\_sidebar.php on line 235
[26-Apr-2026 20:57:42 America/Sao_Paulo] PHP Warning:  Undefined array key "c_sidebar" in C:\xampp\htdocs\marcial_1_0\partials\_sidebar.php on line 236
[26-Apr-2026 20:57:42 America/Sao_Paulo] PHP Warning:  Undefined array key "c_sidebar" in C:\xampp\htdocs\marcial_1_0\partials\_sidebar.php on line 245
[26-Apr-2026 20:57:42 America/Sao_Paulo] PHP Warning:  Undefined array key "c_sidebar" in C:\xampp\htdocs\marcial_1_0\partials\_sidebar.php on line 259
[26-Apr-2026 20:57:42 America/Sao_Paulo] PHP Warning:  Undefined array key "c_sidebar" in C:\xampp\htdocs\marcial_1_0\partials\_sidebar.php on line 260
[26-Apr-2026 20:57:42 America/Sao_Paulo] PHP Warning:  Undefined array key "c_sidebar" in C:\xampp\htdocs\marcial_1_0\partials\_sidebar.php on line 261
[26-Apr-2026 20:57:42 America/Sao_Paulo] PHP Warning:  Undefined array key "c_sidebar" in C:\xampp\htdocs\marcial_1_0\partials\_sidebar.php on line 266
[26-Apr-2026 20:57:42 America/Sao_Paulo] PHP Warning:  Undefined array key "c_sidebar" in C:\xampp\htdocs\marcial_1_0\partials\_sidebar.php on line 271
[26-Apr-2026 20:57:42 America/Sao_Paulo] PHP Warning:  Undefined array key "c_sidebar" in C:\xampp\htdocs\marcial_1_0\partials\_sidebar.php on line 272
[26-Apr-2026 20:57:42 America/Sao_Paulo] PHP Warning:  Undefined array key "c_sidebar" in C:\xampp\htdocs\marcial_1_0\partials\_sidebar.php on line 273
[26-Apr-2026 20:57:42 America/Sao_Paulo] PHP Warning:  Undefined array key "c_sidebar" in C:\xampp\htdocs\marcial_1_0\partials\_sidebar.php on line 285
[26-Apr-2026 20:57:42 America/Sao_Paulo] PHP Warning:  Undefined array key "c_sidebar" in C:\xampp\htdocs\marcial_1_0\partials\_sidebar.php on line 285
[26-Apr-2026 20:57:42 America/Sao_Paulo] PHP Warning:  Undefined array key "c_sidebar" in C:\xampp\htdocs\marcial_1_0\partials\_sidebar.php on line 286
[26-Apr-2026 20:59:12 America/Sao_Paulo] PHP Warning:  Undefined array key "c_sidebar" in C:\xampp\htdocs\marcial_1_0\partials\_sidebar.php on line 135
[26-Apr-2026 20:59:12 America/Sao_Paulo] PHP Warning:  Undefined array key "c_sidebar" in C:\xampp\htdocs\marcial_1_0\partials\_sidebar.php on line 206
[26-Apr-2026 20:59:12 America/Sao_Paulo] PHP Warning:  Undefined array key "c_sidebar" in C:\xampp\htdocs\marcial_1_0\partials\_sidebar.php on line 207
[26-Apr-2026 20:59:12 America/Sao_Paulo] PHP Warning:  Undefined array key "c_sidebar" in C:\xampp\htdocs\marcial_1_0\partials\_sidebar.php on line 208
[26-Apr-2026 20:59:12 America/Sao_Paulo] PHP Warning:  Undefined array key "c_sidebar" in C:\xampp\htdocs\marcial_1_0\partials\_sidebar.php on line 214
[26-Apr-2026 20:59:12 America/Sao_Paulo] PHP Warning:  Undefined array key "c_sidebar" in C:\xampp\htdocs\marcial_1_0\partials\_sidebar.php on line 215
[26-Apr-2026 20:59:12 America/Sao_Paulo] PHP Warning:  Undefined array key "c_sidebar" in C:\xampp\htdocs\marcial_1_0\partials\_sidebar.php on line 216
[26-Apr-2026 20:59:12 America/Sao_Paulo] PHP Warning:  Undefined array key "c_sidebar" in C:\xampp\htdocs\marcial_1_0\partials\_sidebar.php on line 219
[26-Apr-2026 20:59:12 America/Sao_Paulo] PHP Warning:  Undefined array key "c_sidebar" in C:\xampp\htdocs\marcial_1_0\partials\_sidebar.php on line 220
[26-Apr-2026 20:59:12 America/Sao_Paulo] PHP Warning:  Undefined array key "c_sidebar" in C:\xampp\htdocs\marcial_1_0\partials\_sidebar.php on line 221
[26-Apr-2026 20:59:12 America/Sao_Paulo] PHP Warning:  Undefined array key "c_sidebar" in C:\xampp\htdocs\marcial_1_0\partials\_sidebar.php on line 234
[26-Apr-2026 20:59:12 America/Sao_Paulo] PHP Warning:  Undefined array key "c_sidebar" in C:\xampp\htdocs\marcial_1_0\partials\_sidebar.php on line 235
[26-Apr-2026 20:59:12 America/Sao_Paulo] PHP Warning:  Undefined array key "c_sidebar" in C:\xampp\htdocs\marcial_1_0\partials\_sidebar.php on line 236
[26-Apr-2026 20:59:12 America/Sao_Paulo] PHP Warning:  Undefined array key "c_sidebar" in C:\xampp\htdocs\marcial_1_0\partials\_sidebar.php on line 245
[26-Apr-2026 20:59:12 America/Sao_Paulo] PHP Warning:  Undefined array key "c_sidebar" in C:\xampp\htdocs\marcial_1_0\partials\_sidebar.php on line 259
[26-Apr-2026 20:59:12 America/Sao_Paulo] PHP Warning:  Undefined array key "c_sidebar" in C:\xampp\htdocs\marcial_1_0\partials\_sidebar.php on line 260
[26-Apr-2026 20:59:12 America/Sao_Paulo] PHP Warning:  Undefined array key "c_sidebar" in C:\xampp\htdocs\marcial_1_0\partials\_sidebar.php on line 261
[26-Apr-2026 20:59:12 America/Sao_Paulo] PHP Warning:  Undefined array key "c_sidebar" in C:\xampp\htdocs\marcial_1_0\partials\_sidebar.php on line 266
[26-Apr-2026 20:59:12 America/Sao_Paulo] PHP Warning:  Undefined array key "c_sidebar" in C:\xampp\htdocs\marcial_1_0\partials\_sidebar.php on line 271
[26-Apr-2026 20:59:12 America/Sao_Paulo] PHP Warning:  Undefined array key "c_sidebar" in C:\xampp\htdocs\marcial_1_0\partials\_sidebar.php on line 272
[26-Apr-2026 20:59:12 America/Sao_Paulo] PHP Warning:  Undefined array key "c_sidebar" in C:\xampp\htdocs\marcial_1_0\partials\_sidebar.php on line 273
[26-Apr-2026 20:59:12 America/Sao_Paulo] PHP Warning:  Undefined array key "c_sidebar" in C:\xampp\htdocs\marcial_1_0\partials\_sidebar.php on line 285
[26-Apr-2026 20:59:12 America/Sao_Paulo] PHP Warning:  Undefined array key "c_sidebar" in C:\xampp\htdocs\marcial_1_0\partials\_sidebar.php on line 285
[26-Apr-2026 20:59:12 America/Sao_Paulo] PHP Warning:  Undefined array key "c_sidebar" in C:\xampp\htdocs\marcial_1_0\partials\_sidebar.php on line 286
[26-Apr-2026 20:59:18 America/Sao_Paulo] PHP Warning:  Undefined array key "c_sidebar" in C:\xampp\htdocs\marcial_1_0\partials\_sidebar.php on line 135
[26-Apr-2026 20:59:18 America/Sao_Paulo] PHP Warning:  Undefined array key "c_sidebar" in C:\xampp\htdocs\marcial_1_0\partials\_sidebar.php on line 206
[26-Apr-2026 20:59:18 America/Sao_Paulo] PHP Warning:  Undefined array key "c_sidebar" in C:\xampp\htdocs\marcial_1_0\partials\_sidebar.php on line 207
[26-Apr-2026 20:59:18 America/Sao_Paulo] PHP Warning:  Undefined array key "c_sidebar" in C:\xampp\htdocs\marcial_1_0\partials\_sidebar.php on line 208
[26-Apr-2026 20:59:18 America/Sao_Paulo] PHP Warning:  Undefined array key "c_sidebar" in C:\xampp\htdocs\marcial_1_0\partials\_sidebar.php on line 214
[26-Apr-2026 20:59:18 America/Sao_Paulo] PHP Warning:  Undefined array key "c_sidebar" in C:\xampp\htdocs\marcial_1_0\partials\_sidebar.php on line 215
[26-Apr-2026 20:59:18 America/Sao_Paulo] PHP Warning:  Undefined array key "c_sidebar" in C:\xampp\htdocs\marcial_1_0\partials\_sidebar.php on line 216
[26-Apr-2026 20:59:18 America/Sao_Paulo] PHP Warning:  Undefined array key "c_sidebar" in C:\xampp\htdocs\marcial_1_0\partials\_sidebar.php on line 219
[26-Apr-2026 20:59:18 America/Sao_Paulo] PHP Warning:  Undefined array key "c_sidebar" in C:\xampp\htdocs\marcial_1_0\partials\_sidebar.php on line 220
[26-Apr-2026 20:59:18 America/Sao_Paulo] PHP Warning:  Undefined array key "c_sidebar" in C:\xampp\htdocs\marcial_1_0\partials\_sidebar.php on line 221
[26-Apr-2026 20:59:18 America/Sao_Paulo] PHP Warning:  Undefined array key "c_sidebar" in C:\xampp\htdocs\marcial_1_0\partials\_sidebar.php on line 234
[26-Apr-2026 20:59:18 America/Sao_Paulo] PHP Warning:  Undefined array key "c_sidebar" in C:\xampp\htdocs\marcial_1_0\partials\_sidebar.php on line 235
[26-Apr-2026 20:59:18 America/Sao_Paulo] PHP Warning:  Undefined array key "c_sidebar" in C:\xampp\htdocs\marcial_1_0\partials\_sidebar.php on line 236
[26-Apr-2026 20:59:18 America/Sao_Paulo] PHP Warning:  Undefined array key "c_sidebar" in C:\xampp\htdocs\marcial_1_0\partials\_sidebar.php on line 245
[26-Apr-2026 20:59:18 America/Sao_Paulo] PHP Warning:  Undefined array key "c_sidebar" in C:\xampp\htdocs\marcial_1_0\partials\_sidebar.php on line 259
[26-Apr-2026 20:59:18 America/Sao_Paulo] PHP Warning:  Undefined array key "c_sidebar" in C:\xampp\htdocs\marcial_1_0\partials\_sidebar.php on line 260
[26-Apr-2026 20:59:18 America/Sao_Paulo] PHP Warning:  Undefined array key "c_sidebar" in C:\xampp\htdocs\marcial_1_0\partials\_sidebar.php on line 261
[26-Apr-2026 20:59:18 America/Sao_Paulo] PHP Warning:  Undefined array key "c_sidebar" in C:\xampp\htdocs\marcial_1_0\partials\_sidebar.php on line 266
[26-Apr-2026 20:59:18 America/Sao_Paulo] PHP Warning:  Undefined array key "c_sidebar" in C:\xampp\htdocs\marcial_1_0\partials\_sidebar.php on line 271
[26-Apr-2026 20:59:18 America/Sao_Paulo] PHP Warning:  Undefined array key "c_sidebar" in C:\xampp\htdocs\marcial_1_0\partials\_sidebar.php on line 272
[26-Apr-2026 20:59:18 America/Sao_Paulo] PHP Warning:  Undefined array key "c_sidebar" in C:\xampp\htdocs\marcial_1_0\partials\_sidebar.php on line 273
[26-Apr-2026 20:59:18 America/Sao_Paulo] PHP Warning:  Undefined array key "c_sidebar" in C:\xampp\htdocs\marcial_1_0\partials\_sidebar.php on line 285
[26-Apr-2026 20:59:18 America/Sao_Paulo] PHP Warning:  Undefined array key "c_sidebar" in C:\xampp\htdocs\marcial_1_0\partials\_sidebar.php on line 285
[26-Apr-2026 20:59:18 America/Sao_Paulo] PHP Warning:  Undefined array key "c_sidebar" in C:\xampp\htdocs\marcial_1_0\partials\_sidebar.php on line 286
[26-Apr-2026 20:59:26 America/Sao_Paulo] PHP Warning:  Undefined array key "c_sidebar" in C:\xampp\htdocs\marcial_1_0\partials\_sidebar.php on line 135
[26-Apr-2026 20:59:26 America/Sao_Paulo] PHP Warning:  Undefined array key "c_sidebar" in C:\xampp\htdocs\marcial_1_0\partials\_sidebar.php on line 206
[26-Apr-2026 20:59:26 America/Sao_Paulo] PHP Warning:  Undefined array key "c_sidebar" in C:\xampp\htdocs\marcial_1_0\partials\_sidebar.php on line 207
[26-Apr-2026 20:59:26 America/Sao_Paulo] PHP Warning:  Undefined array key "c_sidebar" in C:\xampp\htdocs\marcial_1_0\partials\_sidebar.php on line 208
[26-Apr-2026 20:59:26 America/Sao_Paulo] PHP Warning:  Undefined array key "c_sidebar" in C:\xampp\htdocs\marcial_1_0\partials\_sidebar.php on line 214
[26-Apr-2026 20:59:26 America/Sao_Paulo] PHP Warning:  Undefined array key "c_sidebar" in C:\xampp\htdocs\marcial_1_0\partials\_sidebar.php on line 215
[26-Apr-2026 20:59:26 America/Sao_Paulo] PHP Warning:  Undefined array key "c_sidebar" in C:\xampp\htdocs\marcial_1_0\partials\_sidebar.php on line 216
[26-Apr-2026 20:59:26 America/Sao_Paulo] PHP Warning:  Undefined array key "c_sidebar" in C:\xampp\htdocs\marcial_1_0\partials\_sidebar.php on line 219
[26-Apr-2026 20:59:26 America/Sao_Paulo] PHP Warning:  Undefined array key "c_sidebar" in C:\xampp\htdocs\marcial_1_0\partials\_sidebar.php on line 220
[26-Apr-2026 20:59:26 America/Sao_Paulo] PHP Warning:  Undefined array key "c_sidebar" in C:\xampp\htdocs\marcial_1_0\partials\_sidebar.php on line 221
[26-Apr-2026 20:59:26 America/Sao_Paulo] PHP Warning:  Undefined array key "c_sidebar" in C:\xampp\htdocs\marcial_1_0\partials\_sidebar.php on line 234
[26-Apr-2026 20:59:26 America/Sao_Paulo] PHP Warning:  Undefined array key "c_sidebar" in C:\xampp\htdocs\marcial_1_0\partials\_sidebar.php on line 235
[26-Apr-2026 20:59:26 America/Sao_Paulo] PHP Warning:  Undefined array key "c_sidebar" in C:\xampp\htdocs\marcial_1_0\partials\_sidebar.php on line 236
[26-Apr-2026 20:59:26 America/Sao_Paulo] PHP Warning:  Undefined array key "c_sidebar" in C:\xampp\htdocs\marcial_1_0\partials\_sidebar.php on line 245
[26-Apr-2026 20:59:26 America/Sao_Paulo] PHP Warning:  Undefined array key "c_sidebar" in C:\xampp\htdocs\marcial_1_0\partials\_sidebar.php on line 259
[26-Apr-2026 20:59:26 America/Sao_Paulo] PHP Warning:  Undefined array key "c_sidebar" in C:\xampp\htdocs\marcial_1_0\partials\_sidebar.php on line 260
[26-Apr-2026 20:59:26 America/Sao_Paulo] PHP Warning:  Undefined array key "c_sidebar" in C:\xampp\htdocs\marcial_1_0\partials\_sidebar.php on line 261
[26-Apr-2026 20:59:26 America/Sao_Paulo] PHP Warning:  Undefined array key "c_sidebar" in C:\xampp\htdocs\marcial_1_0\partials\_sidebar.php on line 266
[26-Apr-2026 20:59:26 America/Sao_Paulo] PHP Warning:  Undefined array key "c_sidebar" in C:\xampp\htdocs\marcial_1_0\partials\_sidebar.php on line 271
[26-Apr-2026 20:59:26 America/Sao_Paulo] PHP Warning:  Undefined array key "c_sidebar" in C:\xampp\htdocs\marcial_1_0\partials\_sidebar.php on line 272
[26-Apr-2026 20:59:26 America/Sao_Paulo] PHP Warning:  Undefined array key "c_sidebar" in C:\xampp\htdocs\marcial_1_0\partials\_sidebar.php on line 273
[26-Apr-2026 20:59:26 America/Sao_Paulo] PHP Warning:  Undefined array key "c_sidebar" in C:\xampp\htdocs\marcial_1_0\partials\_sidebar.php on line 285
[26-Apr-2026 20:59:26 America/Sao_Paulo] PHP Warning:  Undefined array key "c_sidebar" in C:\xampp\htdocs\marcial_1_0\partials\_sidebar.php on line 285
[26-Apr-2026 20:59:26 America/Sao_Paulo] PHP Warning:  Undefined array key "c_sidebar" in C:\xampp\htdocs\marcial_1_0\partials\_sidebar.php on line 286
[26-Apr-2026 20:59:28 America/Sao_Paulo] PHP Warning:  Undefined array key "c_sidebar" in C:\xampp\htdocs\marcial_1_0\partials\_sidebar.php on line 135
[26-Apr-2026 20:59:28 America/Sao_Paulo] PHP Warning:  Undefined array key "c_sidebar" in C:\xampp\htdocs\marcial_1_0\partials\_sidebar.php on line 206
[26-Apr-2026 20:59:28 America/Sao_Paulo] PHP Warning:  Undefined array key "c_sidebar" in C:\xampp\htdocs\marcial_1_0\partials\_sidebar.php on line 207
[26-Apr-2026 20:59:28 America/Sao_Paulo] PHP Warning:  Undefined array key "c_sidebar" in C:\xampp\htdocs\marcial_1_0\partials\_sidebar.php on line 208
[26-Apr-2026 20:59:28 America/Sao_Paulo] PHP Warning:  Undefined array key "c_sidebar" in C:\xampp\htdocs\marcial_1_0\partials\_sidebar.php on line 214
[26-Apr-2026 20:59:28 America/Sao_Paulo] PHP Warning:  Undefined array key "c_sidebar" in C:\xampp\htdocs\marcial_1_0\partials\_sidebar.php on line 215
[26-Apr-2026 20:59:28 America/Sao_Paulo] PHP Warning:  Undefined array key "c_sidebar" in C:\xampp\htdocs\marcial_1_0\partials\_sidebar.php on line 216
[26-Apr-2026 20:59:28 America/Sao_Paulo] PHP Warning:  Undefined array key "c_sidebar" in C:\xampp\htdocs\marcial_1_0\partials\_sidebar.php on line 219
[26-Apr-2026 20:59:28 America/Sao_Paulo] PHP Warning:  Undefined array key "c_sidebar" in C:\xampp\htdocs\marcial_1_0\partials\_sidebar.php on line 220
[26-Apr-2026 20:59:28 America/Sao_Paulo] PHP Warning:  Undefined array key "c_sidebar" in C:\xampp\htdocs\marcial_1_0\partials\_sidebar.php on line 221
[26-Apr-2026 20:59:28 America/Sao_Paulo] PHP Warning:  Undefined array key "c_sidebar" in C:\xampp\htdocs\marcial_1_0\partials\_sidebar.php on line 234
[26-Apr-2026 20:59:28 America/Sao_Paulo] PHP Warning:  Undefined array key "c_sidebar" in C:\xampp\htdocs\marcial_1_0\partials\_sidebar.php on line 235
[26-Apr-2026 20:59:28 America/Sao_Paulo] PHP Warning:  Undefined array key "c_sidebar" in C:\xampp\htdocs\marcial_1_0\partials\_sidebar.php on line 236
[26-Apr-2026 20:59:28 America/Sao_Paulo] PHP Warning:  Undefined array key "c_sidebar" in C:\xampp\htdocs\marcial_1_0\partials\_sidebar.php on line 245
[26-Apr-2026 20:59:28 America/Sao_Paulo] PHP Warning:  Undefined array key "c_sidebar" in C:\xampp\htdocs\marcial_1_0\partials\_sidebar.php on line 259
[26-Apr-2026 20:59:28 America/Sao_Paulo] PHP Warning:  Undefined array key "c_sidebar" in C:\xampp\htdocs\marcial_1_0\partials\_sidebar.php on line 260
[26-Apr-2026 20:59:28 America/Sao_Paulo] PHP Warning:  Undefined array key "c_sidebar" in C:\xampp\htdocs\marcial_1_0\partials\_sidebar.php on line 261
[26-Apr-2026 20:59:28 America/Sao_Paulo] PHP Warning:  Undefined array key "c_sidebar" in C:\xampp\htdocs\marcial_1_0\partials\_sidebar.php on line 266
[26-Apr-2026 20:59:28 America/Sao_Paulo] PHP Warning:  Undefined array key "c_sidebar" in C:\xampp\htdocs\marcial_1_0\partials\_sidebar.php on line 271
[26-Apr-2026 20:59:28 America/Sao_Paulo] PHP Warning:  Undefined array key "c_sidebar" in C:\xampp\htdocs\marcial_1_0\partials\_sidebar.php on line 272
[26-Apr-2026 20:59:28 America/Sao_Paulo] PHP Warning:  Undefined array key "c_sidebar" in C:\xampp\htdocs\marcial_1_0\partials\_sidebar.php on line 273
[26-Apr-2026 20:59:28 America/Sao_Paulo] PHP Warning:  Undefined array key "c_sidebar" in C:\xampp\htdocs\marcial_1_0\partials\_sidebar.php on line 285
[26-Apr-2026 20:59:28 America/Sao_Paulo] PHP Warning:  Undefined array key "c_sidebar" in C:\xampp\htdocs\marcial_1_0\partials\_sidebar.php on line 285
[26-Apr-2026 20:59:28 America/Sao_Paulo] PHP Warning:  Undefined array key "c_sidebar" in C:\xampp\htdocs\marcial_1_0\partials\_sidebar.php on line 286
[26-Apr-2026 21:10:49 America/Sao_Paulo] PHP Warning:  Undefined array key "c_sidebar" in C:\xampp\htdocs\marcial_1_0\partials\_sidebar.php on line 135
[26-Apr-2026 21:10:49 America/Sao_Paulo] PHP Warning:  Undefined array key "c_sidebar" in C:\xampp\htdocs\marcial_1_0\partials\_sidebar.php on line 206
[26-Apr-2026 21:10:49 America/Sao_Paulo] PHP Warning:  Undefined array key "c_sidebar" in C:\xampp\htdocs\marcial_1_0\partials\_sidebar.php on line 207
[26-Apr-2026 21:10:49 America/Sao_Paulo] PHP Warning:  Undefined array key "c_sidebar" in C:\xampp\htdocs\marcial_1_0\partials\_sidebar.php on line 208
[26-Apr-2026 21:10:49 America/Sao_Paulo] PHP Warning:  Undefined array key "c_sidebar" in C:\xampp\htdocs\marcial_1_0\partials\_sidebar.php on line 214
[26-Apr-2026 21:10:49 America/Sao_Paulo] PHP Warning:  Undefined array key "c_sidebar" in C:\xampp\htdocs\marcial_1_0\partials\_sidebar.php on line 215
[26-Apr-2026 21:10:49 America/Sao_Paulo] PHP Warning:  Undefined array key "c_sidebar" in C:\xampp\htdocs\marcial_1_0\partials\_sidebar.php on line 216
[26-Apr-2026 21:10:49 America/Sao_Paulo] PHP Warning:  Undefined array key "c_sidebar" in C:\xampp\htdocs\marcial_1_0\partials\_sidebar.php on line 219
[26-Apr-2026 21:10:49 America/Sao_Paulo] PHP Warning:  Undefined array key "c_sidebar" in C:\xampp\htdocs\marcial_1_0\partials\_sidebar.php on line 220
[26-Apr-2026 21:10:49 America/Sao_Paulo] PHP Warning:  Undefined array key "c_sidebar" in C:\xampp\htdocs\marcial_1_0\partials\_sidebar.php on line 221
[26-Apr-2026 21:10:49 America/Sao_Paulo] PHP Warning:  Undefined array key "c_sidebar" in C:\xampp\htdocs\marcial_1_0\partials\_sidebar.php on line 234
[26-Apr-2026 21:10:49 America/Sao_Paulo] PHP Warning:  Undefined array key "c_sidebar" in C:\xampp\htdocs\marcial_1_0\partials\_sidebar.php on line 235
[26-Apr-2026 21:10:49 America/Sao_Paulo] PHP Warning:  Undefined array key "c_sidebar" in C:\xampp\htdocs\marcial_1_0\partials\_sidebar.php on line 236
[26-Apr-2026 21:10:49 America/Sao_Paulo] PHP Warning:  Undefined array key "c_sidebar" in C:\xampp\htdocs\marcial_1_0\partials\_sidebar.php on line 245
[26-Apr-2026 21:10:49 America/Sao_Paulo] PHP Warning:  Undefined array key "c_sidebar" in C:\xampp\htdocs\marcial_1_0\partials\_sidebar.php on line 259
[26-Apr-2026 21:10:49 America/Sao_Paulo] PHP Warning:  Undefined array key "c_sidebar" in C:\xampp\htdocs\marcial_1_0\partials\_sidebar.php on line 260
[26-Apr-2026 21:10:49 America/Sao_Paulo] PHP Warning:  Undefined array key "c_sidebar" in C:\xampp\htdocs\marcial_1_0\partials\_sidebar.php on line 261
[26-Apr-2026 21:10:49 America/Sao_Paulo] PHP Warning:  Undefined array key "c_sidebar" in C:\xampp\htdocs\marcial_1_0\partials\_sidebar.php on line 266
[26-Apr-2026 21:10:49 America/Sao_Paulo] PHP Warning:  Undefined array key "c_sidebar" in C:\xampp\htdocs\marcial_1_0\partials\_sidebar.php on line 271
[26-Apr-2026 21:10:49 America/Sao_Paulo] PHP Warning:  Undefined array key "c_sidebar" in C:\xampp\htdocs\marcial_1_0\partials\_sidebar.php on line 272
[26-Apr-2026 21:10:49 America/Sao_Paulo] PHP Warning:  Undefined array key "c_sidebar" in C:\xampp\htdocs\marcial_1_0\partials\_sidebar.php on line 273
[26-Apr-2026 21:10:49 America/Sao_Paulo] PHP Warning:  Undefined array key "c_sidebar" in C:\xampp\htdocs\marcial_1_0\partials\_sidebar.php on line 285
[26-Apr-2026 21:10:49 America/Sao_Paulo] PHP Warning:  Undefined array key "c_sidebar" in C:\xampp\htdocs\marcial_1_0\partials\_sidebar.php on line 285
[26-Apr-2026 21:10:49 America/Sao_Paulo] PHP Warning:  Undefined array key "c_sidebar" in C:\xampp\htdocs\marcial_1_0\partials\_sidebar.php on line 286
[26-Apr-2026 21:11:09 America/Sao_Paulo] PHP Warning:  Undefined array key "c_sidebar" in C:\xampp\htdocs\marcial_1_0\partials\_sidebar.php on line 135
[26-Apr-2026 21:11:09 America/Sao_Paulo] PHP Warning:  Undefined array key "c_sidebar" in C:\xampp\htdocs\marcial_1_0\partials\_sidebar.php on line 206
[26-Apr-2026 21:11:09 America/Sao_Paulo] PHP Warning:  Undefined array key "c_sidebar" in C:\xampp\htdocs\marcial_1_0\partials\_sidebar.php on line 207
[26-Apr-2026 21:11:09 America/Sao_Paulo] PHP Warning:  Undefined array key "c_sidebar" in C:\xampp\htdocs\marcial_1_0\partials\_sidebar.php on line 208
[26-Apr-2026 21:11:09 America/Sao_Paulo] PHP Warning:  Undefined array key "c_sidebar" in C:\xampp\htdocs\marcial_1_0\partials\_sidebar.php on line 214
[26-Apr-2026 21:11:09 America/Sao_Paulo] PHP Warning:  Undefined array key "c_sidebar" in C:\xampp\htdocs\marcial_1_0\partials\_sidebar.php on line 215
[26-Apr-2026 21:11:09 America/Sao_Paulo] PHP Warning:  Undefined array key "c_sidebar" in C:\xampp\htdocs\marcial_1_0\partials\_sidebar.php on line 216
[26-Apr-2026 21:11:09 America/Sao_Paulo] PHP Warning:  Undefined array key "c_sidebar" in C:\xampp\htdocs\marcial_1_0\partials\_sidebar.php on line 219
[26-Apr-2026 21:11:09 America/Sao_Paulo] PHP Warning:  Undefined array key "c_sidebar" in C:\xampp\htdocs\marcial_1_0\partials\_sidebar.php on line 220
[26-Apr-2026 21:11:09 America/Sao_Paulo] PHP Warning:  Undefined array key "c_sidebar" in C:\xampp\htdocs\marcial_1_0\partials\_sidebar.php on line 221
[26-Apr-2026 21:11:09 America/Sao_Paulo] PHP Warning:  Undefined array key "c_sidebar" in C:\xampp\htdocs\marcial_1_0\partials\_sidebar.php on line 234
[26-Apr-2026 21:11:09 America/Sao_Paulo] PHP Warning:  Undefined array key "c_sidebar" in C:\xampp\htdocs\marcial_1_0\partials\_sidebar.php on line 235
[26-Apr-2026 21:11:09 America/Sao_Paulo] PHP Warning:  Undefined array key "c_sidebar" in C:\xampp\htdocs\marcial_1_0\partials\_sidebar.php on line 236
[26-Apr-2026 21:11:09 America/Sao_Paulo] PHP Warning:  Undefined array key "c_sidebar" in C:\xampp\htdocs\marcial_1_0\partials\_sidebar.php on line 245
[26-Apr-2026 21:11:09 America/Sao_Paulo] PHP Warning:  Undefined array key "c_sidebar" in C:\xampp\htdocs\marcial_1_0\partials\_sidebar.php on line 259
[26-Apr-2026 21:11:09 America/Sao_Paulo] PHP Warning:  Undefined array key "c_sidebar" in C:\xampp\htdocs\marcial_1_0\partials\_sidebar.php on line 260
[26-Apr-2026 21:11:09 America/Sao_Paulo] PHP Warning:  Undefined array key "c_sidebar" in C:\xampp\htdocs\marcial_1_0\partials\_sidebar.php on line 261
[26-Apr-2026 21:11:09 America/Sao_Paulo] PHP Warning:  Undefined array key "c_sidebar" in C:\xampp\htdocs\marcial_1_0\partials\_sidebar.php on line 266
[26-Apr-2026 21:11:09 America/Sao_Paulo] PHP Warning:  Undefined array key "c_sidebar" in C:\xampp\htdocs\marcial_1_0\partials\_sidebar.php on line 271
[26-Apr-2026 21:11:09 America/Sao_Paulo] PHP Warning:  Undefined array key "c_sidebar" in C:\xampp\htdocs\marcial_1_0\partials\_sidebar.php on line 272
[26-Apr-2026 21:11:09 America/Sao_Paulo] PHP Warning:  Undefined array key "c_sidebar" in C:\xampp\htdocs\marcial_1_0\partials\_sidebar.php on line 273
[26-Apr-2026 21:11:09 America/Sao_Paulo] PHP Warning:  Undefined array key "c_sidebar" in C:\xampp\htdocs\marcial_1_0\partials\_sidebar.php on line 285
[26-Apr-2026 21:11:09 America/Sao_Paulo] PHP Warning:  Undefined array key "c_sidebar" in C:\xampp\htdocs\marcial_1_0\partials\_sidebar.php on line 285
[26-Apr-2026 21:11:09 America/Sao_Paulo] PHP Warning:  Undefined array key "c_sidebar" in C:\xampp\htdocs\marcial_1_0\partials\_sidebar.php on line 286
[26-Apr-2026 21:11:15 America/Sao_Paulo] PHP Warning:  Undefined array key "c_sidebar" in C:\xampp\htdocs\marcial_1_0\partials\_sidebar.php on line 135
[26-Apr-2026 21:11:15 America/Sao_Paulo] PHP Warning:  Undefined array key "c_sidebar" in C:\xampp\htdocs\marcial_1_0\partials\_sidebar.php on line 206
[26-Apr-2026 21:11:15 America/Sao_Paulo] PHP Warning:  Undefined array key "c_sidebar" in C:\xampp\htdocs\marcial_1_0\partials\_sidebar.php on line 207
[26-Apr-2026 21:11:15 America/Sao_Paulo] PHP Warning:  Undefined array key "c_sidebar" in C:\xampp\htdocs\marcial_1_0\partials\_sidebar.php on line 208
[26-Apr-2026 21:11:15 America/Sao_Paulo] PHP Warning:  Undefined array key "c_sidebar" in C:\xampp\htdocs\marcial_1_0\partials\_sidebar.php on line 214
[26-Apr-2026 21:11:15 America/Sao_Paulo] PHP Warning:  Undefined array key "c_sidebar" in C:\xampp\htdocs\marcial_1_0\partials\_sidebar.php on line 215
[26-Apr-2026 21:11:15 America/Sao_Paulo] PHP Warning:  Undefined array key "c_sidebar" in C:\xampp\htdocs\marcial_1_0\partials\_sidebar.php on line 216
[26-Apr-2026 21:11:15 America/Sao_Paulo] PHP Warning:  Undefined array key "c_sidebar" in C:\xampp\htdocs\marcial_1_0\partials\_sidebar.php on line 219
[26-Apr-2026 21:11:15 America/Sao_Paulo] PHP Warning:  Undefined array key "c_sidebar" in C:\xampp\htdocs\marcial_1_0\partials\_sidebar.php on line 220
[26-Apr-2026 21:11:15 America/Sao_Paulo] PHP Warning:  Undefined array key "c_sidebar" in C:\xampp\htdocs\marcial_1_0\partials\_sidebar.php on line 221
[26-Apr-2026 21:11:15 America/Sao_Paulo] PHP Warning:  Undefined array key "c_sidebar" in C:\xampp\htdocs\marcial_1_0\partials\_sidebar.php on line 234
[26-Apr-2026 21:11:15 America/Sao_Paulo] PHP Warning:  Undefined array key "c_sidebar" in C:\xampp\htdocs\marcial_1_0\partials\_sidebar.php on line 235
[26-Apr-2026 21:11:15 America/Sao_Paulo] PHP Warning:  Undefined array key "c_sidebar" in C:\xampp\htdocs\marcial_1_0\partials\_sidebar.php on line 236
[26-Apr-2026 21:11:15 America/Sao_Paulo] PHP Warning:  Undefined array key "c_sidebar" in C:\xampp\htdocs\marcial_1_0\partials\_sidebar.php on line 245
[26-Apr-2026 21:11:15 America/Sao_Paulo] PHP Warning:  Undefined array key "c_sidebar" in C:\xampp\htdocs\marcial_1_0\partials\_sidebar.php on line 259
[26-Apr-2026 21:11:15 America/Sao_Paulo] PHP Warning:  Undefined array key "c_sidebar" in C:\xampp\htdocs\marcial_1_0\partials\_sidebar.php on line 260
[26-Apr-2026 21:11:15 America/Sao_Paulo] PHP Warning:  Undefined array key "c_sidebar" in C:\xampp\htdocs\marcial_1_0\partials\_sidebar.php on line 261
[26-Apr-2026 21:11:15 America/Sao_Paulo] PHP Warning:  Undefined array key "c_sidebar" in C:\xampp\htdocs\marcial_1_0\partials\_sidebar.php on line 266
[26-Apr-2026 21:11:15 America/Sao_Paulo] PHP Warning:  Undefined array key "c_sidebar" in C:\xampp\htdocs\marcial_1_0\partials\_sidebar.php on line 271
[26-Apr-2026 21:11:15 America/Sao_Paulo] PHP Warning:  Undefined array key "c_sidebar" in C:\xampp\htdocs\marcial_1_0\partials\_sidebar.php on line 272
[26-Apr-2026 21:11:15 America/Sao_Paulo] PHP Warning:  Undefined array key "c_sidebar" in C:\xampp\htdocs\marcial_1_0\partials\_sidebar.php on line 273
[26-Apr-2026 21:11:15 America/Sao_Paulo] PHP Warning:  Undefined array key "c_sidebar" in C:\xampp\htdocs\marcial_1_0\partials\_sidebar.php on line 285
[26-Apr-2026 21:11:15 America/Sao_Paulo] PHP Warning:  Undefined array key "c_sidebar" in C:\xampp\htdocs\marcial_1_0\partials\_sidebar.php on line 285
[26-Apr-2026 21:11:15 America/Sao_Paulo] PHP Warning:  Undefined array key "c_sidebar" in C:\xampp\htdocs\marcial_1_0\partials\_sidebar.php on line 286
[26-Apr-2026 21:12:46 America/Sao_Paulo] PHP Warning:  Undefined array key "c_sidebar" in C:\xampp\htdocs\marcial_1_0\partials\_sidebar.php on line 135
[26-Apr-2026 21:12:46 America/Sao_Paulo] PHP Warning:  Undefined array key "c_sidebar" in C:\xampp\htdocs\marcial_1_0\partials\_sidebar.php on line 206
[26-Apr-2026 21:12:46 America/Sao_Paulo] PHP Warning:  Undefined array key "c_sidebar" in C:\xampp\htdocs\marcial_1_0\partials\_sidebar.php on line 207
[26-Apr-2026 21:12:46 America/Sao_Paulo] PHP Warning:  Undefined array key "c_sidebar" in C:\xampp\htdocs\marcial_1_0\partials\_sidebar.php on line 208
[26-Apr-2026 21:12:46 America/Sao_Paulo] PHP Warning:  Undefined array key "c_sidebar" in C:\xampp\htdocs\marcial_1_0\partials\_sidebar.php on line 214
[26-Apr-2026 21:12:46 America/Sao_Paulo] PHP Warning:  Undefined array key "c_sidebar" in C:\xampp\htdocs\marcial_1_0\partials\_sidebar.php on line 215
[26-Apr-2026 21:12:46 America/Sao_Paulo] PHP Warning:  Undefined array key "c_sidebar" in C:\xampp\htdocs\marcial_1_0\partials\_sidebar.php on line 216
[26-Apr-2026 21:12:46 America/Sao_Paulo] PHP Warning:  Undefined array key "c_sidebar" in C:\xampp\htdocs\marcial_1_0\partials\_sidebar.php on line 219
[26-Apr-2026 21:12:46 America/Sao_Paulo] PHP Warning:  Undefined array key "c_sidebar" in C:\xampp\htdocs\marcial_1_0\partials\_sidebar.php on line 220
[26-Apr-2026 21:12:46 America/Sao_Paulo] PHP Warning:  Undefined array key "c_sidebar" in C:\xampp\htdocs\marcial_1_0\partials\_sidebar.php on line 221
[26-Apr-2026 21:12:46 America/Sao_Paulo] PHP Warning:  Undefined array key "c_sidebar" in C:\xampp\htdocs\marcial_1_0\partials\_sidebar.php on line 234
[26-Apr-2026 21:12:46 America/Sao_Paulo] PHP Warning:  Undefined array key "c_sidebar" in C:\xampp\htdocs\marcial_1_0\partials\_sidebar.php on line 235
[26-Apr-2026 21:12:46 America/Sao_Paulo] PHP Warning:  Undefined array key "c_sidebar" in C:\xampp\htdocs\marcial_1_0\partials\_sidebar.php on line 236
[26-Apr-2026 21:12:46 America/Sao_Paulo] PHP Warning:  Undefined array key "c_sidebar" in C:\xampp\htdocs\marcial_1_0\partials\_sidebar.php on line 245
[26-Apr-2026 21:12:46 America/Sao_Paulo] PHP Warning:  Undefined array key "c_sidebar" in C:\xampp\htdocs\marcial_1_0\partials\_sidebar.php on line 259
[26-Apr-2026 21:12:46 America/Sao_Paulo] PHP Warning:  Undefined array key "c_sidebar" in C:\xampp\htdocs\marcial_1_0\partials\_sidebar.php on line 260
[26-Apr-2026 21:12:46 America/Sao_Paulo] PHP Warning:  Undefined array key "c_sidebar" in C:\xampp\htdocs\marcial_1_0\partials\_sidebar.php on line 261
[26-Apr-2026 21:12:46 America/Sao_Paulo] PHP Warning:  Undefined array key "c_sidebar" in C:\xampp\htdocs\marcial_1_0\partials\_sidebar.php on line 266
[26-Apr-2026 21:12:46 America/Sao_Paulo] PHP Warning:  Undefined array key "c_sidebar" in C:\xampp\htdocs\marcial_1_0\partials\_sidebar.php on line 271
[26-Apr-2026 21:12:46 America/Sao_Paulo] PHP Warning:  Undefined array key "c_sidebar" in C:\xampp\htdocs\marcial_1_0\partials\_sidebar.php on line 272
[26-Apr-2026 21:12:46 America/Sao_Paulo] PHP Warning:  Undefined array key "c_sidebar" in C:\xampp\htdocs\marcial_1_0\partials\_sidebar.php on line 273
[26-Apr-2026 21:12:46 America/Sao_Paulo] PHP Warning:  Undefined array key "c_sidebar" in C:\xampp\htdocs\marcial_1_0\partials\_sidebar.php on line 285
[26-Apr-2026 21:12:46 America/Sao_Paulo] PHP Warning:  Undefined array key "c_sidebar" in C:\xampp\htdocs\marcial_1_0\partials\_sidebar.php on line 285
[26-Apr-2026 21:12:46 America/Sao_Paulo] PHP Warning:  Undefined array key "c_sidebar" in C:\xampp\htdocs\marcial_1_0\partials\_sidebar.php on line 286
[26-Apr-2026 21:14:27 America/Sao_Paulo] PHP Warning:  Undefined array key "c_sidebar" in C:\xampp\htdocs\marcial_1_0\partials\_sidebar.php on line 135
[26-Apr-2026 21:14:27 America/Sao_Paulo] PHP Warning:  Undefined array key "c_sidebar" in C:\xampp\htdocs\marcial_1_0\partials\_sidebar.php on line 206
[26-Apr-2026 21:14:27 America/Sao_Paulo] PHP Warning:  Undefined array key "c_sidebar" in C:\xampp\htdocs\marcial_1_0\partials\_sidebar.php on line 207
[26-Apr-2026 21:14:27 America/Sao_Paulo] PHP Warning:  Undefined array key "c_sidebar" in C:\xampp\htdocs\marcial_1_0\partials\_sidebar.php on line 208
[26-Apr-2026 21:14:27 America/Sao_Paulo] PHP Warning:  Undefined array key "c_sidebar" in C:\xampp\htdocs\marcial_1_0\partials\_sidebar.php on line 214
[26-Apr-2026 21:14:27 America/Sao_Paulo] PHP Warning:  Undefined array key "c_sidebar" in C:\xampp\htdocs\marcial_1_0\partials\_sidebar.php on line 215
[26-Apr-2026 21:14:27 America/Sao_Paulo] PHP Warning:  Undefined array key "c_sidebar" in C:\xampp\htdocs\marcial_1_0\partials\_sidebar.php on line 216
[26-Apr-2026 21:14:27 America/Sao_Paulo] PHP Warning:  Undefined array key "c_sidebar" in C:\xampp\htdocs\marcial_1_0\partials\_sidebar.php on line 219
[26-Apr-2026 21:14:27 America/Sao_Paulo] PHP Warning:  Undefined array key "c_sidebar" in C:\xampp\htdocs\marcial_1_0\partials\_sidebar.php on line 220
[26-Apr-2026 21:14:27 America/Sao_Paulo] PHP Warning:  Undefined array key "c_sidebar" in C:\xampp\htdocs\marcial_1_0\partials\_sidebar.php on line 221
[26-Apr-2026 21:14:27 America/Sao_Paulo] PHP Warning:  Undefined array key "c_sidebar" in C:\xampp\htdocs\marcial_1_0\partials\_sidebar.php on line 234
[26-Apr-2026 21:14:27 America/Sao_Paulo] PHP Warning:  Undefined array key "c_sidebar" in C:\xampp\htdocs\marcial_1_0\partials\_sidebar.php on line 235
[26-Apr-2026 21:14:27 America/Sao_Paulo] PHP Warning:  Undefined array key "c_sidebar" in C:\xampp\htdocs\marcial_1_0\partials\_sidebar.php on line 236
[26-Apr-2026 21:14:27 America/Sao_Paulo] PHP Warning:  Undefined array key "c_sidebar" in C:\xampp\htdocs\marcial_1_0\partials\_sidebar.php on line 245
[26-Apr-2026 21:14:27 America/Sao_Paulo] PHP Warning:  Undefined array key "c_sidebar" in C:\xampp\htdocs\marcial_1_0\partials\_sidebar.php on line 259
[26-Apr-2026 21:14:27 America/Sao_Paulo] PHP Warning:  Undefined array key "c_sidebar" in C:\xampp\htdocs\marcial_1_0\partials\_sidebar.php on line 260
[26-Apr-2026 21:14:27 America/Sao_Paulo] PHP Warning:  Undefined array key "c_sidebar" in C:\xampp\htdocs\marcial_1_0\partials\_sidebar.php on line 261
[26-Apr-2026 21:14:27 America/Sao_Paulo] PHP Warning:  Undefined array key "c_sidebar" in C:\xampp\htdocs\marcial_1_0\partials\_sidebar.php on line 266
[26-Apr-2026 21:14:27 America/Sao_Paulo] PHP Warning:  Undefined array key "c_sidebar" in C:\xampp\htdocs\marcial_1_0\partials\_sidebar.php on line 271
[26-Apr-2026 21:14:27 America/Sao_Paulo] PHP Warning:  Undefined array key "c_sidebar" in C:\xampp\htdocs\marcial_1_0\partials\_sidebar.php on line 272
[26-Apr-2026 21:14:27 America/Sao_Paulo] PHP Warning:  Undefined array key "c_sidebar" in C:\xampp\htdocs\marcial_1_0\partials\_sidebar.php on line 273
[26-Apr-2026 21:14:27 America/Sao_Paulo] PHP Warning:  Undefined array key "c_sidebar" in C:\xampp\htdocs\marcial_1_0\partials\_sidebar.php on line 285
[26-Apr-2026 21:14:27 America/Sao_Paulo] PHP Warning:  Undefined array key "c_sidebar" in C:\xampp\htdocs\marcial_1_0\partials\_sidebar.php on line 285
[26-Apr-2026 21:14:27 America/Sao_Paulo] PHP Warning:  Undefined array key "c_sidebar" in C:\xampp\htdocs\marcial_1_0\partials\_sidebar.php on line 286
[26-Apr-2026 21:24:36 America/Sao_Paulo] PHP Warning:  Undefined array key "c_sidebar" in C:\xampp\htdocs\marcial_1_0\partials\_sidebar.php on line 135
[26-Apr-2026 21:24:36 America/Sao_Paulo] PHP Warning:  Undefined array key "c_sidebar" in C:\xampp\htdocs\marcial_1_0\partials\_sidebar.php on line 206
[26-Apr-2026 21:24:36 America/Sao_Paulo] PHP Warning:  Undefined array key "c_sidebar" in C:\xampp\htdocs\marcial_1_0\partials\_sidebar.php on line 207
[26-Apr-2026 21:24:36 America/Sao_Paulo] PHP Warning:  Undefined array key "c_sidebar" in C:\xampp\htdocs\marcial_1_0\partials\_sidebar.php on line 208
[26-Apr-2026 21:24:36 America/Sao_Paulo] PHP Warning:  Undefined array key "c_sidebar" in C:\xampp\htdocs\marcial_1_0\partials\_sidebar.php on line 214
[26-Apr-2026 21:24:36 America/Sao_Paulo] PHP Warning:  Undefined array key "c_sidebar" in C:\xampp\htdocs\marcial_1_0\partials\_sidebar.php on line 215
[26-Apr-2026 21:24:36 America/Sao_Paulo] PHP Warning:  Undefined array key "c_sidebar" in C:\xampp\htdocs\marcial_1_0\partials\_sidebar.php on line 216
[26-Apr-2026 21:24:36 America/Sao_Paulo] PHP Warning:  Undefined array key "c_sidebar" in C:\xampp\htdocs\marcial_1_0\partials\_sidebar.php on line 219
[26-Apr-2026 21:24:36 America/Sao_Paulo] PHP Warning:  Undefined array key "c_sidebar" in C:\xampp\htdocs\marcial_1_0\partials\_sidebar.php on line 220
[26-Apr-2026 21:24:36 America/Sao_Paulo] PHP Warning:  Undefined array key "c_sidebar" in C:\xampp\htdocs\marcial_1_0\partials\_sidebar.php on line 221
[26-Apr-2026 21:24:36 America/Sao_Paulo] PHP Warning:  Undefined array key "c_sidebar" in C:\xampp\htdocs\marcial_1_0\partials\_sidebar.php on line 234
[26-Apr-2026 21:24:36 America/Sao_Paulo] PHP Warning:  Undefined array key "c_sidebar" in C:\xampp\htdocs\marcial_1_0\partials\_sidebar.php on line 235
[26-Apr-2026 21:24:36 America/Sao_Paulo] PHP Warning:  Undefined array key "c_sidebar" in C:\xampp\htdocs\marcial_1_0\partials\_sidebar.php on line 236
[26-Apr-2026 21:24:36 America/Sao_Paulo] PHP Warning:  Undefined array key "c_sidebar" in C:\xampp\htdocs\marcial_1_0\partials\_sidebar.php on line 245
[26-Apr-2026 21:24:36 America/Sao_Paulo] PHP Warning:  Undefined array key "c_sidebar" in C:\xampp\htdocs\marcial_1_0\partials\_sidebar.php on line 259
[26-Apr-2026 21:24:36 America/Sao_Paulo] PHP Warning:  Undefined array key "c_sidebar" in C:\xampp\htdocs\marcial_1_0\partials\_sidebar.php on line 260
[26-Apr-2026 21:24:36 America/Sao_Paulo] PHP Warning:  Undefined array key "c_sidebar" in C:\xampp\htdocs\marcial_1_0\partials\_sidebar.php on line 261
[26-Apr-2026 21:24:36 America/Sao_Paulo] PHP Warning:  Undefined array key "c_sidebar" in C:\xampp\htdocs\marcial_1_0\partials\_sidebar.php on line 266
[26-Apr-2026 21:24:36 America/Sao_Paulo] PHP Warning:  Undefined array key "c_sidebar" in C:\xampp\htdocs\marcial_1_0\partials\_sidebar.php on line 271
[26-Apr-2026 21:24:36 America/Sao_Paulo] PHP Warning:  Undefined array key "c_sidebar" in C:\xampp\htdocs\marcial_1_0\partials\_sidebar.php on line 272
[26-Apr-2026 21:24:36 America/Sao_Paulo] PHP Warning:  Undefined array key "c_sidebar" in C:\xampp\htdocs\marcial_1_0\partials\_sidebar.php on line 273
[26-Apr-2026 21:24:36 America/Sao_Paulo] PHP Warning:  Undefined array key "c_sidebar" in C:\xampp\htdocs\marcial_1_0\partials\_sidebar.php on line 285
[26-Apr-2026 21:24:36 America/Sao_Paulo] PHP Warning:  Undefined array key "c_sidebar" in C:\xampp\htdocs\marcial_1_0\partials\_sidebar.php on line 285
[26-Apr-2026 21:24:36 America/Sao_Paulo] PHP Warning:  Undefined array key "c_sidebar" in C:\xampp\htdocs\marcial_1_0\partials\_sidebar.php on line 286
[26-Apr-2026 21:24:40 America/Sao_Paulo] PHP Warning:  Undefined array key "c_sidebar" in C:\xampp\htdocs\marcial_1_0\partials\_sidebar.php on line 135
[26-Apr-2026 21:24:40 America/Sao_Paulo] PHP Warning:  Undefined array key "c_sidebar" in C:\xampp\htdocs\marcial_1_0\partials\_sidebar.php on line 206
[26-Apr-2026 21:24:40 America/Sao_Paulo] PHP Warning:  Undefined array key "c_sidebar" in C:\xampp\htdocs\marcial_1_0\partials\_sidebar.php on line 207
[26-Apr-2026 21:24:40 America/Sao_Paulo] PHP Warning:  Undefined array key "c_sidebar" in C:\xampp\htdocs\marcial_1_0\partials\_sidebar.php on line 208
[26-Apr-2026 21:24:40 America/Sao_Paulo] PHP Warning:  Undefined array key "c_sidebar" in C:\xampp\htdocs\marcial_1_0\partials\_sidebar.php on line 214
[26-Apr-2026 21:24:40 America/Sao_Paulo] PHP Warning:  Undefined array key "c_sidebar" in C:\xampp\htdocs\marcial_1_0\partials\_sidebar.php on line 215
[26-Apr-2026 21:24:40 America/Sao_Paulo] PHP Warning:  Undefined array key "c_sidebar" in C:\xampp\htdocs\marcial_1_0\partials\_sidebar.php on line 216
[26-Apr-2026 21:24:40 America/Sao_Paulo] PHP Warning:  Undefined array key "c_sidebar" in C:\xampp\htdocs\marcial_1_0\partials\_sidebar.php on line 219
[26-Apr-2026 21:24:40 America/Sao_Paulo] PHP Warning:  Undefined array key "c_sidebar" in C:\xampp\htdocs\marcial_1_0\partials\_sidebar.php on line 220
[26-Apr-2026 21:24:40 America/Sao_Paulo] PHP Warning:  Undefined array key "c_sidebar" in C:\xampp\htdocs\marcial_1_0\partials\_sidebar.php on line 221
[26-Apr-2026 21:24:40 America/Sao_Paulo] PHP Warning:  Undefined array key "c_sidebar" in C:\xampp\htdocs\marcial_1_0\partials\_sidebar.php on line 234
[26-Apr-2026 21:24:40 America/Sao_Paulo] PHP Warning:  Undefined array key "c_sidebar" in C:\xampp\htdocs\marcial_1_0\partials\_sidebar.php on line 235
[26-Apr-2026 21:24:40 America/Sao_Paulo] PHP Warning:  Undefined array key "c_sidebar" in C:\xampp\htdocs\marcial_1_0\partials\_sidebar.php on line 236
[26-Apr-2026 21:24:40 America/Sao_Paulo] PHP Warning:  Undefined array key "c_sidebar" in C:\xampp\htdocs\marcial_1_0\partials\_sidebar.php on line 245
[26-Apr-2026 21:24:40 America/Sao_Paulo] PHP Warning:  Undefined array key "c_sidebar" in C:\xampp\htdocs\marcial_1_0\partials\_sidebar.php on line 259
[26-Apr-2026 21:24:40 America/Sao_Paulo] PHP Warning:  Undefined array key "c_sidebar" in C:\xampp\htdocs\marcial_1_0\partials\_sidebar.php on line 260
[26-Apr-2026 21:24:40 America/Sao_Paulo] PHP Warning:  Undefined array key "c_sidebar" in C:\xampp\htdocs\marcial_1_0\partials\_sidebar.php on line 261
[26-Apr-2026 21:24:40 America/Sao_Paulo] PHP Warning:  Undefined array key "c_sidebar" in C:\xampp\htdocs\marcial_1_0\partials\_sidebar.php on line 266
[26-Apr-2026 21:24:40 America/Sao_Paulo] PHP Warning:  Undefined array key "c_sidebar" in C:\xampp\htdocs\marcial_1_0\partials\_sidebar.php on line 271
[26-Apr-2026 21:24:40 America/Sao_Paulo] PHP Warning:  Undefined array key "c_sidebar" in C:\xampp\htdocs\marcial_1_0\partials\_sidebar.php on line 272
[26-Apr-2026 21:24:40 America/Sao_Paulo] PHP Warning:  Undefined array key "c_sidebar" in C:\xampp\htdocs\marcial_1_0\partials\_sidebar.php on line 273
[26-Apr-2026 21:24:40 America/Sao_Paulo] PHP Warning:  Undefined array key "c_sidebar" in C:\xampp\htdocs\marcial_1_0\partials\_sidebar.php on line 285
[26-Apr-2026 21:24:40 America/Sao_Paulo] PHP Warning:  Undefined array key "c_sidebar" in C:\xampp\htdocs\marcial_1_0\partials\_sidebar.php on line 285
[26-Apr-2026 21:24:40 America/Sao_Paulo] PHP Warning:  Undefined array key "c_sidebar" in C:\xampp\htdocs\marcial_1_0\partials\_sidebar.php on line 286
[26-Apr-2026 21:24:52 America/Sao_Paulo] PHP Warning:  Undefined array key "c_sidebar" in C:\xampp\htdocs\marcial_1_0\partials\_sidebar.php on line 135
[26-Apr-2026 21:24:52 America/Sao_Paulo] PHP Warning:  Undefined array key "c_sidebar" in C:\xampp\htdocs\marcial_1_0\partials\_sidebar.php on line 206
[26-Apr-2026 21:24:52 America/Sao_Paulo] PHP Warning:  Undefined array key "c_sidebar" in C:\xampp\htdocs\marcial_1_0\partials\_sidebar.php on line 207
[26-Apr-2026 21:24:52 America/Sao_Paulo] PHP Warning:  Undefined array key "c_sidebar" in C:\xampp\htdocs\marcial_1_0\partials\_sidebar.php on line 208
[26-Apr-2026 21:24:52 America/Sao_Paulo] PHP Warning:  Undefined array key "c_sidebar" in C:\xampp\htdocs\marcial_1_0\partials\_sidebar.php on line 214
[26-Apr-2026 21:24:52 America/Sao_Paulo] PHP Warning:  Undefined array key "c_sidebar" in C:\xampp\htdocs\marcial_1_0\partials\_sidebar.php on line 215
[26-Apr-2026 21:24:52 America/Sao_Paulo] PHP Warning:  Undefined array key "c_sidebar" in C:\xampp\htdocs\marcial_1_0\partials\_sidebar.php on line 216
[26-Apr-2026 21:24:52 America/Sao_Paulo] PHP Warning:  Undefined array key "c_sidebar" in C:\xampp\htdocs\marcial_1_0\partials\_sidebar.php on line 219
[26-Apr-2026 21:24:52 America/Sao_Paulo] PHP Warning:  Undefined array key "c_sidebar" in C:\xampp\htdocs\marcial_1_0\partials\_sidebar.php on line 220
[26-Apr-2026 21:24:52 America/Sao_Paulo] PHP Warning:  Undefined array key "c_sidebar" in C:\xampp\htdocs\marcial_1_0\partials\_sidebar.php on line 221
[26-Apr-2026 21:24:52 America/Sao_Paulo] PHP Warning:  Undefined array key "c_sidebar" in C:\xampp\htdocs\marcial_1_0\partials\_sidebar.php on line 234
[26-Apr-2026 21:24:52 America/Sao_Paulo] PHP Warning:  Undefined array key "c_sidebar" in C:\xampp\htdocs\marcial_1_0\partials\_sidebar.php on line 235
[26-Apr-2026 21:24:52 America/Sao_Paulo] PHP Warning:  Undefined array key "c_sidebar" in C:\xampp\htdocs\marcial_1_0\partials\_sidebar.php on line 236
[26-Apr-2026 21:24:52 America/Sao_Paulo] PHP Warning:  Undefined array key "c_sidebar" in C:\xampp\htdocs\marcial_1_0\partials\_sidebar.php on line 245
[26-Apr-2026 21:24:52 America/Sao_Paulo] PHP Warning:  Undefined array key "c_sidebar" in C:\xampp\htdocs\marcial_1_0\partials\_sidebar.php on line 259
[26-Apr-2026 21:24:52 America/Sao_Paulo] PHP Warning:  Undefined array key "c_sidebar" in C:\xampp\htdocs\marcial_1_0\partials\_sidebar.php on line 260
[26-Apr-2026 21:24:52 America/Sao_Paulo] PHP Warning:  Undefined array key "c_sidebar" in C:\xampp\htdocs\marcial_1_0\partials\_sidebar.php on line 261
[26-Apr-2026 21:24:52 America/Sao_Paulo] PHP Warning:  Undefined array key "c_sidebar" in C:\xampp\htdocs\marcial_1_0\partials\_sidebar.php on line 266
[26-Apr-2026 21:24:52 America/Sao_Paulo] PHP Warning:  Undefined array key "c_sidebar" in C:\xampp\htdocs\marcial_1_0\partials\_sidebar.php on line 271
[26-Apr-2026 21:24:52 America/Sao_Paulo] PHP Warning:  Undefined array key "c_sidebar" in C:\xampp\htdocs\marcial_1_0\partials\_sidebar.php on line 272
[26-Apr-2026 21:24:52 America/Sao_Paulo] PHP Warning:  Undefined array key "c_sidebar" in C:\xampp\htdocs\marcial_1_0\partials\_sidebar.php on line 273
[26-Apr-2026 21:24:52 America/Sao_Paulo] PHP Warning:  Undefined array key "c_sidebar" in C:\xampp\htdocs\marcial_1_0\partials\_sidebar.php on line 285
[26-Apr-2026 21:24:52 America/Sao_Paulo] PHP Warning:  Undefined array key "c_sidebar" in C:\xampp\htdocs\marcial_1_0\partials\_sidebar.php on line 285
[26-Apr-2026 21:24:52 America/Sao_Paulo] PHP Warning:  Undefined array key "c_sidebar" in C:\xampp\htdocs\marcial_1_0\partials\_sidebar.php on line 286
[26-Apr-2026 21:25:35 America/Sao_Paulo] PHP Warning:  Undefined array key "c_sidebar" in C:\xampp\htdocs\marcial_1_0\partials\_sidebar.php on line 135
[26-Apr-2026 21:25:35 America/Sao_Paulo] PHP Warning:  Undefined array key "c_sidebar" in C:\xampp\htdocs\marcial_1_0\partials\_sidebar.php on line 206
[26-Apr-2026 21:25:35 America/Sao_Paulo] PHP Warning:  Undefined array key "c_sidebar" in C:\xampp\htdocs\marcial_1_0\partials\_sidebar.php on line 207
[26-Apr-2026 21:25:35 America/Sao_Paulo] PHP Warning:  Undefined array key "c_sidebar" in C:\xampp\htdocs\marcial_1_0\partials\_sidebar.php on line 208
[26-Apr-2026 21:25:35 America/Sao_Paulo] PHP Warning:  Undefined array key "c_sidebar" in C:\xampp\htdocs\marcial_1_0\partials\_sidebar.php on line 214
[26-Apr-2026 21:25:35 America/Sao_Paulo] PHP Warning:  Undefined array key "c_sidebar" in C:\xampp\htdocs\marcial_1_0\partials\_sidebar.php on line 215
[26-Apr-2026 21:25:35 America/Sao_Paulo] PHP Warning:  Undefined array key "c_sidebar" in C:\xampp\htdocs\marcial_1_0\partials\_sidebar.php on line 216
[26-Apr-2026 21:25:35 America/Sao_Paulo] PHP Warning:  Undefined array key "c_sidebar" in C:\xampp\htdocs\marcial_1_0\partials\_sidebar.php on line 219
[26-Apr-2026 21:25:35 America/Sao_Paulo] PHP Warning:  Undefined array key "c_sidebar" in C:\xampp\htdocs\marcial_1_0\partials\_sidebar.php on line 220
[26-Apr-2026 21:25:35 America/Sao_Paulo] PHP Warning:  Undefined array key "c_sidebar" in C:\xampp\htdocs\marcial_1_0\partials\_sidebar.php on line 221
[26-Apr-2026 21:25:35 America/Sao_Paulo] PHP Warning:  Undefined array key "c_sidebar" in C:\xampp\htdocs\marcial_1_0\partials\_sidebar.php on line 234
[26-Apr-2026 21:25:35 America/Sao_Paulo] PHP Warning:  Undefined array key "c_sidebar" in C:\xampp\htdocs\marcial_1_0\partials\_sidebar.php on line 235
[26-Apr-2026 21:25:35 America/Sao_Paulo] PHP Warning:  Undefined array key "c_sidebar" in C:\xampp\htdocs\marcial_1_0\partials\_sidebar.php on line 236
[26-Apr-2026 21:25:35 America/Sao_Paulo] PHP Warning:  Undefined array key "c_sidebar" in C:\xampp\htdocs\marcial_1_0\partials\_sidebar.php on line 245
[26-Apr-2026 21:25:35 America/Sao_Paulo] PHP Warning:  Undefined array key "c_sidebar" in C:\xampp\htdocs\marcial_1_0\partials\_sidebar.php on line 259
[26-Apr-2026 21:25:35 America/Sao_Paulo] PHP Warning:  Undefined array key "c_sidebar" in C:\xampp\htdocs\marcial_1_0\partials\_sidebar.php on line 260
[26-Apr-2026 21:25:35 America/Sao_Paulo] PHP Warning:  Undefined array key "c_sidebar" in C:\xampp\htdocs\marcial_1_0\partials\_sidebar.php on line 261
[26-Apr-2026 21:25:35 America/Sao_Paulo] PHP Warning:  Undefined array key "c_sidebar" in C:\xampp\htdocs\marcial_1_0\partials\_sidebar.php on line 266
[26-Apr-2026 21:25:35 America/Sao_Paulo] PHP Warning:  Undefined array key "c_sidebar" in C:\xampp\htdocs\marcial_1_0\partials\_sidebar.php on line 271
[26-Apr-2026 21:25:35 America/Sao_Paulo] PHP Warning:  Undefined array key "c_sidebar" in C:\xampp\htdocs\marcial_1_0\partials\_sidebar.php on line 272
[26-Apr-2026 21:25:35 America/Sao_Paulo] PHP Warning:  Undefined array key "c_sidebar" in C:\xampp\htdocs\marcial_1_0\partials\_sidebar.php on line 273
[26-Apr-2026 21:25:35 America/Sao_Paulo] PHP Warning:  Undefined array key "c_sidebar" in C:\xampp\htdocs\marcial_1_0\partials\_sidebar.php on line 285
[26-Apr-2026 21:25:35 America/Sao_Paulo] PHP Warning:  Undefined array key "c_sidebar" in C:\xampp\htdocs\marcial_1_0\partials\_sidebar.php on line 285
[26-Apr-2026 21:25:35 America/Sao_Paulo] PHP Warning:  Undefined array key "c_sidebar" in C:\xampp\htdocs\marcial_1_0\partials\_sidebar.php on line 286
[26-Apr-2026 21:28:06 America/Sao_Paulo] PHP Warning:  Undefined array key "c_sidebar" in C:\xampp\htdocs\marcial_1_0\partials\_sidebar.php on line 135
[26-Apr-2026 21:28:06 America/Sao_Paulo] PHP Warning:  Undefined array key "c_sidebar" in C:\xampp\htdocs\marcial_1_0\partials\_sidebar.php on line 206
[26-Apr-2026 21:28:06 America/Sao_Paulo] PHP Warning:  Undefined array key "c_sidebar" in C:\xampp\htdocs\marcial_1_0\partials\_sidebar.php on line 207
[26-Apr-2026 21:28:06 America/Sao_Paulo] PHP Warning:  Undefined array key "c_sidebar" in C:\xampp\htdocs\marcial_1_0\partials\_sidebar.php on line 208
[26-Apr-2026 21:28:06 America/Sao_Paulo] PHP Warning:  Undefined array key "c_sidebar" in C:\xampp\htdocs\marcial_1_0\partials\_sidebar.php on line 214
[26-Apr-2026 21:28:06 America/Sao_Paulo] PHP Warning:  Undefined array key "c_sidebar" in C:\xampp\htdocs\marcial_1_0\partials\_sidebar.php on line 215
[26-Apr-2026 21:28:06 America/Sao_Paulo] PHP Warning:  Undefined array key "c_sidebar" in C:\xampp\htdocs\marcial_1_0\partials\_sidebar.php on line 216
[26-Apr-2026 21:28:06 America/Sao_Paulo] PHP Warning:  Undefined array key "c_sidebar" in C:\xampp\htdocs\marcial_1_0\partials\_sidebar.php on line 219
[26-Apr-2026 21:28:06 America/Sao_Paulo] PHP Warning:  Undefined array key "c_sidebar" in C:\xampp\htdocs\marcial_1_0\partials\_sidebar.php on line 220
[26-Apr-2026 21:28:06 America/Sao_Paulo] PHP Warning:  Undefined array key "c_sidebar" in C:\xampp\htdocs\marcial_1_0\partials\_sidebar.php on line 221
[26-Apr-2026 21:28:06 America/Sao_Paulo] PHP Warning:  Undefined array key "c_sidebar" in C:\xampp\htdocs\marcial_1_0\partials\_sidebar.php on line 234
[26-Apr-2026 21:28:06 America/Sao_Paulo] PHP Warning:  Undefined array key "c_sidebar" in C:\xampp\htdocs\marcial_1_0\partials\_sidebar.php on line 235
[26-Apr-2026 21:28:06 America/Sao_Paulo] PHP Warning:  Undefined array key "c_sidebar" in C:\xampp\htdocs\marcial_1_0\partials\_sidebar.php on line 236
[26-Apr-2026 21:28:06 America/Sao_Paulo] PHP Warning:  Undefined array key "c_sidebar" in C:\xampp\htdocs\marcial_1_0\partials\_sidebar.php on line 245
[26-Apr-2026 21:28:06 America/Sao_Paulo] PHP Warning:  Undefined array key "c_sidebar" in C:\xampp\htdocs\marcial_1_0\partials\_sidebar.php on line 259
[26-Apr-2026 21:28:06 America/Sao_Paulo] PHP Warning:  Undefined array key "c_sidebar" in C:\xampp\htdocs\marcial_1_0\partials\_sidebar.php on line 260
[26-Apr-2026 21:28:06 America/Sao_Paulo] PHP Warning:  Undefined array key "c_sidebar" in C:\xampp\htdocs\marcial_1_0\partials\_sidebar.php on line 261
[26-Apr-2026 21:28:06 America/Sao_Paulo] PHP Warning:  Undefined array key "c_sidebar" in C:\xampp\htdocs\marcial_1_0\partials\_sidebar.php on line 266
[26-Apr-2026 21:28:06 America/Sao_Paulo] PHP Warning:  Undefined array key "c_sidebar" in C:\xampp\htdocs\marcial_1_0\partials\_sidebar.php on line 271
[26-Apr-2026 21:28:06 America/Sao_Paulo] PHP Warning:  Undefined array key "c_sidebar" in C:\xampp\htdocs\marcial_1_0\partials\_sidebar.php on line 272
[26-Apr-2026 21:28:06 America/Sao_Paulo] PHP Warning:  Undefined array key "c_sidebar" in C:\xampp\htdocs\marcial_1_0\partials\_sidebar.php on line 273
[26-Apr-2026 21:28:06 America/Sao_Paulo] PHP Warning:  Undefined array key "c_sidebar" in C:\xampp\htdocs\marcial_1_0\partials\_sidebar.php on line 285
[26-Apr-2026 21:28:06 America/Sao_Paulo] PHP Warning:  Undefined array key "c_sidebar" in C:\xampp\htdocs\marcial_1_0\partials\_sidebar.php on line 285
[26-Apr-2026 21:28:06 America/Sao_Paulo] PHP Warning:  Undefined array key "c_sidebar" in C:\xampp\htdocs\marcial_1_0\partials\_sidebar.php on line 286
[26-Apr-2026 21:28:06 America/Sao_Paulo] PHP Warning:  Undefined array key "c_card" in C:\xampp\htdocs\marcial_1_0\partials\_footer.php on line 19
[26-Apr-2026 21:28:06 America/Sao_Paulo] PHP Warning:  Undefined array key "c_card" in C:\xampp\htdocs\marcial_1_0\partials\_footer.php on line 20
[26-Apr-2026 21:28:06 America/Sao_Paulo] PHP Warning:  Undefined array key "c_card" in C:\xampp\htdocs\marcial_1_0\partials\_footer.php on line 21
[26-Apr-2026 21:28:06 America/Sao_Paulo] PHP Warning:  Undefined array key "c_card" in C:\xampp\htdocs\marcial_1_0\partials\_footer.php on line 22
[26-Apr-2026 21:28:19 America/Sao_Paulo] PHP Warning:  Undefined array key "c_sidebar" in C:\xampp\htdocs\marcial_1_0\partials\_sidebar.php on line 135
[26-Apr-2026 21:28:19 America/Sao_Paulo] PHP Warning:  Undefined array key "c_sidebar" in C:\xampp\htdocs\marcial_1_0\partials\_sidebar.php on line 206
[26-Apr-2026 21:28:19 America/Sao_Paulo] PHP Warning:  Undefined array key "c_sidebar" in C:\xampp\htdocs\marcial_1_0\partials\_sidebar.php on line 207
[26-Apr-2026 21:28:19 America/Sao_Paulo] PHP Warning:  Undefined array key "c_sidebar" in C:\xampp\htdocs\marcial_1_0\partials\_sidebar.php on line 208
[26-Apr-2026 21:28:19 America/Sao_Paulo] PHP Warning:  Undefined array key "c_sidebar" in C:\xampp\htdocs\marcial_1_0\partials\_sidebar.php on line 214
[26-Apr-2026 21:28:19 America/Sao_Paulo] PHP Warning:  Undefined array key "c_sidebar" in C:\xampp\htdocs\marcial_1_0\partials\_sidebar.php on line 215
[26-Apr-2026 21:28:19 America/Sao_Paulo] PHP Warning:  Undefined array key "c_sidebar" in C:\xampp\htdocs\marcial_1_0\partials\_sidebar.php on line 216
[26-Apr-2026 21:28:19 America/Sao_Paulo] PHP Warning:  Undefined array key "c_sidebar" in C:\xampp\htdocs\marcial_1_0\partials\_sidebar.php on line 219
[26-Apr-2026 21:28:19 America/Sao_Paulo] PHP Warning:  Undefined array key "c_sidebar" in C:\xampp\htdocs\marcial_1_0\partials\_sidebar.php on line 220
[26-Apr-2026 21:28:19 America/Sao_Paulo] PHP Warning:  Undefined array key "c_sidebar" in C:\xampp\htdocs\marcial_1_0\partials\_sidebar.php on line 221
[26-Apr-2026 21:28:19 America/Sao_Paulo] PHP Warning:  Undefined array key "c_sidebar" in C:\xampp\htdocs\marcial_1_0\partials\_sidebar.php on line 234
[26-Apr-2026 21:28:19 America/Sao_Paulo] PHP Warning:  Undefined array key "c_sidebar" in C:\xampp\htdocs\marcial_1_0\partials\_sidebar.php on line 235
[26-Apr-2026 21:28:19 America/Sao_Paulo] PHP Warning:  Undefined array key "c_sidebar" in C:\xampp\htdocs\marcial_1_0\partials\_sidebar.php on line 236
[26-Apr-2026 21:28:19 America/Sao_Paulo] PHP Warning:  Undefined array key "c_sidebar" in C:\xampp\htdocs\marcial_1_0\partials\_sidebar.php on line 245
[26-Apr-2026 21:28:19 America/Sao_Paulo] PHP Warning:  Undefined array key "c_sidebar" in C:\xampp\htdocs\marcial_1_0\partials\_sidebar.php on line 259
[26-Apr-2026 21:28:20 America/Sao_Paulo] PHP Warning:  Undefined array key "c_sidebar" in C:\xampp\htdocs\marcial_1_0\partials\_sidebar.php on line 260
[26-Apr-2026 21:28:20 America/Sao_Paulo] PHP Warning:  Undefined array key "c_sidebar" in C:\xampp\htdocs\marcial_1_0\partials\_sidebar.php on line 261
[26-Apr-2026 21:28:20 America/Sao_Paulo] PHP Warning:  Undefined array key "c_sidebar" in C:\xampp\htdocs\marcial_1_0\partials\_sidebar.php on line 266
[26-Apr-2026 21:28:20 America/Sao_Paulo] PHP Warning:  Undefined array key "c_sidebar" in C:\xampp\htdocs\marcial_1_0\partials\_sidebar.php on line 271
[26-Apr-2026 21:28:20 America/Sao_Paulo] PHP Warning:  Undefined array key "c_sidebar" in C:\xampp\htdocs\marcial_1_0\partials\_sidebar.php on line 272
[26-Apr-2026 21:28:20 America/Sao_Paulo] PHP Warning:  Undefined array key "c_sidebar" in C:\xampp\htdocs\marcial_1_0\partials\_sidebar.php on line 273
[26-Apr-2026 21:28:20 America/Sao_Paulo] PHP Warning:  Undefined array key "c_sidebar" in C:\xampp\htdocs\marcial_1_0\partials\_sidebar.php on line 285
[26-Apr-2026 21:28:20 America/Sao_Paulo] PHP Warning:  Undefined array key "c_sidebar" in C:\xampp\htdocs\marcial_1_0\partials\_sidebar.php on line 285
[26-Apr-2026 21:28:20 America/Sao_Paulo] PHP Warning:  Undefined array key "c_sidebar" in C:\xampp\htdocs\marcial_1_0\partials\_sidebar.php on line 286
[26-Apr-2026 21:28:20 America/Sao_Paulo] PHP Warning:  Undefined array key "c_card" in C:\xampp\htdocs\marcial_1_0\partials\_footer.php on line 19
[26-Apr-2026 21:28:20 America/Sao_Paulo] PHP Warning:  Undefined array key "c_card" in C:\xampp\htdocs\marcial_1_0\partials\_footer.php on line 20
[26-Apr-2026 21:28:20 America/Sao_Paulo] PHP Warning:  Undefined array key "c_card" in C:\xampp\htdocs\marcial_1_0\partials\_footer.php on line 21
[26-Apr-2026 21:28:20 America/Sao_Paulo] PHP Warning:  Undefined array key "c_card" in C:\xampp\htdocs\marcial_1_0\partials\_footer.php on line 22
[26-Apr-2026 21:34:08 America/Sao_Paulo] PHP Warning:  Undefined array key "c_sidebar" in C:\xampp\htdocs\marcial_1_0\partials\_sidebar.php on line 135
[26-Apr-2026 21:34:08 America/Sao_Paulo] PHP Warning:  Undefined array key "c_sidebar" in C:\xampp\htdocs\marcial_1_0\partials\_sidebar.php on line 206
[26-Apr-2026 21:34:08 America/Sao_Paulo] PHP Warning:  Undefined array key "c_sidebar" in C:\xampp\htdocs\marcial_1_0\partials\_sidebar.php on line 207
[26-Apr-2026 21:34:08 America/Sao_Paulo] PHP Warning:  Undefined array key "c_sidebar" in C:\xampp\htdocs\marcial_1_0\partials\_sidebar.php on line 208
[26-Apr-2026 21:34:08 America/Sao_Paulo] PHP Warning:  Undefined array key "c_sidebar" in C:\xampp\htdocs\marcial_1_0\partials\_sidebar.php on line 214
[26-Apr-2026 21:34:08 America/Sao_Paulo] PHP Warning:  Undefined array key "c_sidebar" in C:\xampp\htdocs\marcial_1_0\partials\_sidebar.php on line 215
[26-Apr-2026 21:34:08 America/Sao_Paulo] PHP Warning:  Undefined array key "c_sidebar" in C:\xampp\htdocs\marcial_1_0\partials\_sidebar.php on line 216
[26-Apr-2026 21:34:08 America/Sao_Paulo] PHP Warning:  Undefined array key "c_sidebar" in C:\xampp\htdocs\marcial_1_0\partials\_sidebar.php on line 219
[26-Apr-2026 21:34:08 America/Sao_Paulo] PHP Warning:  Undefined array key "c_sidebar" in C:\xampp\htdocs\marcial_1_0\partials\_sidebar.php on line 220
[26-Apr-2026 21:34:08 America/Sao_Paulo] PHP Warning:  Undefined array key "c_sidebar" in C:\xampp\htdocs\marcial_1_0\partials\_sidebar.php on line 221
[26-Apr-2026 21:34:08 America/Sao_Paulo] PHP Warning:  Undefined array key "c_sidebar" in C:\xampp\htdocs\marcial_1_0\partials\_sidebar.php on line 234
[26-Apr-2026 21:34:08 America/Sao_Paulo] PHP Warning:  Undefined array key "c_sidebar" in C:\xampp\htdocs\marcial_1_0\partials\_sidebar.php on line 235
[26-Apr-2026 21:34:08 America/Sao_Paulo] PHP Warning:  Undefined array key "c_sidebar" in C:\xampp\htdocs\marcial_1_0\partials\_sidebar.php on line 236
[26-Apr-2026 21:34:08 America/Sao_Paulo] PHP Warning:  Undefined array key "c_sidebar" in C:\xampp\htdocs\marcial_1_0\partials\_sidebar.php on line 245
[26-Apr-2026 21:34:08 America/Sao_Paulo] PHP Warning:  Undefined array key "c_sidebar" in C:\xampp\htdocs\marcial_1_0\partials\_sidebar.php on line 259
[26-Apr-2026 21:34:08 America/Sao_Paulo] PHP Warning:  Undefined array key "c_sidebar" in C:\xampp\htdocs\marcial_1_0\partials\_sidebar.php on line 260
[26-Apr-2026 21:34:08 America/Sao_Paulo] PHP Warning:  Undefined array key "c_sidebar" in C:\xampp\htdocs\marcial_1_0\partials\_sidebar.php on line 261
[26-Apr-2026 21:34:08 America/Sao_Paulo] PHP Warning:  Undefined array key "c_sidebar" in C:\xampp\htdocs\marcial_1_0\partials\_sidebar.php on line 266
[26-Apr-2026 21:34:08 America/Sao_Paulo] PHP Warning:  Undefined array key "c_sidebar" in C:\xampp\htdocs\marcial_1_0\partials\_sidebar.php on line 271
[26-Apr-2026 21:34:08 America/Sao_Paulo] PHP Warning:  Undefined array key "c_sidebar" in C:\xampp\htdocs\marcial_1_0\partials\_sidebar.php on line 272
[26-Apr-2026 21:34:08 America/Sao_Paulo] PHP Warning:  Undefined array key "c_sidebar" in C:\xampp\htdocs\marcial_1_0\partials\_sidebar.php on line 273
[26-Apr-2026 21:34:08 America/Sao_Paulo] PHP Warning:  Undefined array key "c_sidebar" in C:\xampp\htdocs\marcial_1_0\partials\_sidebar.php on line 285
[26-Apr-2026 21:34:08 America/Sao_Paulo] PHP Warning:  Undefined array key "c_sidebar" in C:\xampp\htdocs\marcial_1_0\partials\_sidebar.php on line 285
[26-Apr-2026 21:34:08 America/Sao_Paulo] PHP Warning:  Undefined array key "c_sidebar" in C:\xampp\htdocs\marcial_1_0\partials\_sidebar.php on line 286
[26-Apr-2026 21:34:08 America/Sao_Paulo] PHP Warning:  Undefined array key "c_card" in C:\xampp\htdocs\marcial_1_0\partials\_footer.php on line 19
[26-Apr-2026 21:34:08 America/Sao_Paulo] PHP Warning:  Undefined array key "c_card" in C:\xampp\htdocs\marcial_1_0\partials\_footer.php on line 20
[26-Apr-2026 21:34:08 America/Sao_Paulo] PHP Warning:  Undefined array key "c_card" in C:\xampp\htdocs\marcial_1_0\partials\_footer.php on line 21
[26-Apr-2026 21:34:08 America/Sao_Paulo] PHP Warning:  Undefined array key "c_card" in C:\xampp\htdocs\marcial_1_0\partials\_footer.php on line 22
[26-Apr-2026 21:35:15 America/Sao_Paulo] PHP Warning:  Undefined array key "c_sidebar" in C:\xampp\htdocs\marcial_1_0\partials\_sidebar.php on line 135
[26-Apr-2026 21:35:15 America/Sao_Paulo] PHP Warning:  Undefined array key "c_sidebar" in C:\xampp\htdocs\marcial_1_0\partials\_sidebar.php on line 206
[26-Apr-2026 21:35:15 America/Sao_Paulo] PHP Warning:  Undefined array key "c_sidebar" in C:\xampp\htdocs\marcial_1_0\partials\_sidebar.php on line 207
[26-Apr-2026 21:35:15 America/Sao_Paulo] PHP Warning:  Undefined array key "c_sidebar" in C:\xampp\htdocs\marcial_1_0\partials\_sidebar.php on line 208
[26-Apr-2026 21:35:15 America/Sao_Paulo] PHP Warning:  Undefined array key "c_sidebar" in C:\xampp\htdocs\marcial_1_0\partials\_sidebar.php on line 214
[26-Apr-2026 21:35:15 America/Sao_Paulo] PHP Warning:  Undefined array key "c_sidebar" in C:\xampp\htdocs\marcial_1_0\partials\_sidebar.php on line 215
[26-Apr-2026 21:35:15 America/Sao_Paulo] PHP Warning:  Undefined array key "c_sidebar" in C:\xampp\htdocs\marcial_1_0\partials\_sidebar.php on line 216
[26-Apr-2026 21:35:15 America/Sao_Paulo] PHP Warning:  Undefined array key "c_sidebar" in C:\xampp\htdocs\marcial_1_0\partials\_sidebar.php on line 219
[26-Apr-2026 21:35:15 America/Sao_Paulo] PHP Warning:  Undefined array key "c_sidebar" in C:\xampp\htdocs\marcial_1_0\partials\_sidebar.php on line 220
[26-Apr-2026 21:35:15 America/Sao_Paulo] PHP Warning:  Undefined array key "c_sidebar" in C:\xampp\htdocs\marcial_1_0\partials\_sidebar.php on line 221
[26-Apr-2026 21:35:15 America/Sao_Paulo] PHP Warning:  Undefined array key "c_sidebar" in C:\xampp\htdocs\marcial_1_0\partials\_sidebar.php on line 234
[26-Apr-2026 21:35:15 America/Sao_Paulo] PHP Warning:  Undefined array key "c_sidebar" in C:\xampp\htdocs\marcial_1_0\partials\_sidebar.php on line 235
[26-Apr-2026 21:35:15 America/Sao_Paulo] PHP Warning:  Undefined array key "c_sidebar" in C:\xampp\htdocs\marcial_1_0\partials\_sidebar.php on line 236
[26-Apr-2026 21:35:15 America/Sao_Paulo] PHP Warning:  Undefined array key "c_sidebar" in C:\xampp\htdocs\marcial_1_0\partials\_sidebar.php on line 245
[26-Apr-2026 21:35:15 America/Sao_Paulo] PHP Warning:  Undefined array key "c_sidebar" in C:\xampp\htdocs\marcial_1_0\partials\_sidebar.php on line 259
[26-Apr-2026 21:35:15 America/Sao_Paulo] PHP Warning:  Undefined array key "c_sidebar" in C:\xampp\htdocs\marcial_1_0\partials\_sidebar.php on line 260
[26-Apr-2026 21:35:15 America/Sao_Paulo] PHP Warning:  Undefined array key "c_sidebar" in C:\xampp\htdocs\marcial_1_0\partials\_sidebar.php on line 261
[26-Apr-2026 21:35:15 America/Sao_Paulo] PHP Warning:  Undefined array key "c_sidebar" in C:\xampp\htdocs\marcial_1_0\partials\_sidebar.php on line 266
[26-Apr-2026 21:35:15 America/Sao_Paulo] PHP Warning:  Undefined array key "c_sidebar" in C:\xampp\htdocs\marcial_1_0\partials\_sidebar.php on line 271
[26-Apr-2026 21:35:15 America/Sao_Paulo] PHP Warning:  Undefined array key "c_sidebar" in C:\xampp\htdocs\marcial_1_0\partials\_sidebar.php on line 272
[26-Apr-2026 21:35:15 America/Sao_Paulo] PHP Warning:  Undefined array key "c_sidebar" in C:\xampp\htdocs\marcial_1_0\partials\_sidebar.php on line 273
[26-Apr-2026 21:35:15 America/Sao_Paulo] PHP Warning:  Undefined array key "c_sidebar" in C:\xampp\htdocs\marcial_1_0\partials\_sidebar.php on line 285
[26-Apr-2026 21:35:15 America/Sao_Paulo] PHP Warning:  Undefined array key "c_sidebar" in C:\xampp\htdocs\marcial_1_0\partials\_sidebar.php on line 285
[26-Apr-2026 21:35:15 America/Sao_Paulo] PHP Warning:  Undefined array key "c_sidebar" in C:\xampp\htdocs\marcial_1_0\partials\_sidebar.php on line 286
[26-Apr-2026 21:35:27 America/Sao_Paulo] PHP Warning:  Undefined array key "c_sidebar" in C:\xampp\htdocs\marcial_1_0\partials\_sidebar.php on line 135
[26-Apr-2026 21:35:27 America/Sao_Paulo] PHP Warning:  Undefined array key "c_sidebar" in C:\xampp\htdocs\marcial_1_0\partials\_sidebar.php on line 206
[26-Apr-2026 21:35:27 America/Sao_Paulo] PHP Warning:  Undefined array key "c_sidebar" in C:\xampp\htdocs\marcial_1_0\partials\_sidebar.php on line 207
[26-Apr-2026 21:35:27 America/Sao_Paulo] PHP Warning:  Undefined array key "c_sidebar" in C:\xampp\htdocs\marcial_1_0\partials\_sidebar.php on line 208
[26-Apr-2026 21:35:27 America/Sao_Paulo] PHP Warning:  Undefined array key "c_sidebar" in C:\xampp\htdocs\marcial_1_0\partials\_sidebar.php on line 214
[26-Apr-2026 21:35:27 America/Sao_Paulo] PHP Warning:  Undefined array key "c_sidebar" in C:\xampp\htdocs\marcial_1_0\partials\_sidebar.php on line 215
[26-Apr-2026 21:35:27 America/Sao_Paulo] PHP Warning:  Undefined array key "c_sidebar" in C:\xampp\htdocs\marcial_1_0\partials\_sidebar.php on line 216
[26-Apr-2026 21:35:27 America/Sao_Paulo] PHP Warning:  Undefined array key "c_sidebar" in C:\xampp\htdocs\marcial_1_0\partials\_sidebar.php on line 219
[26-Apr-2026 21:35:27 America/Sao_Paulo] PHP Warning:  Undefined array key "c_sidebar" in C:\xampp\htdocs\marcial_1_0\partials\_sidebar.php on line 220
[26-Apr-2026 21:35:27 America/Sao_Paulo] PHP Warning:  Undefined array key "c_sidebar" in C:\xampp\htdocs\marcial_1_0\partials\_sidebar.php on line 221
[26-Apr-2026 21:35:27 America/Sao_Paulo] PHP Warning:  Undefined array key "c_sidebar" in C:\xampp\htdocs\marcial_1_0\partials\_sidebar.php on line 234
[26-Apr-2026 21:35:27 America/Sao_Paulo] PHP Warning:  Undefined array key "c_sidebar" in C:\xampp\htdocs\marcial_1_0\partials\_sidebar.php on line 235
[26-Apr-2026 21:35:27 America/Sao_Paulo] PHP Warning:  Undefined array key "c_sidebar" in C:\xampp\htdocs\marcial_1_0\partials\_sidebar.php on line 236
[26-Apr-2026 21:35:27 America/Sao_Paulo] PHP Warning:  Undefined array key "c_sidebar" in C:\xampp\htdocs\marcial_1_0\partials\_sidebar.php on line 245
[26-Apr-2026 21:35:27 America/Sao_Paulo] PHP Warning:  Undefined array key "c_sidebar" in C:\xampp\htdocs\marcial_1_0\partials\_sidebar.php on line 259
[26-Apr-2026 21:35:27 America/Sao_Paulo] PHP Warning:  Undefined array key "c_sidebar" in C:\xampp\htdocs\marcial_1_0\partials\_sidebar.php on line 260
[26-Apr-2026 21:35:27 America/Sao_Paulo] PHP Warning:  Undefined array key "c_sidebar" in C:\xampp\htdocs\marcial_1_0\partials\_sidebar.php on line 261
[26-Apr-2026 21:35:27 America/Sao_Paulo] PHP Warning:  Undefined array key "c_sidebar" in C:\xampp\htdocs\marcial_1_0\partials\_sidebar.php on line 266
[26-Apr-2026 21:35:27 America/Sao_Paulo] PHP Warning:  Undefined array key "c_sidebar" in C:\xampp\htdocs\marcial_1_0\partials\_sidebar.php on line 271
[26-Apr-2026 21:35:27 America/Sao_Paulo] PHP Warning:  Undefined array key "c_sidebar" in C:\xampp\htdocs\marcial_1_0\partials\_sidebar.php on line 272
[26-Apr-2026 21:35:27 America/Sao_Paulo] PHP Warning:  Undefined array key "c_sidebar" in C:\xampp\htdocs\marcial_1_0\partials\_sidebar.php on line 273
[26-Apr-2026 21:35:27 America/Sao_Paulo] PHP Warning:  Undefined array key "c_sidebar" in C:\xampp\htdocs\marcial_1_0\partials\_sidebar.php on line 285
[26-Apr-2026 21:35:27 America/Sao_Paulo] PHP Warning:  Undefined array key "c_sidebar" in C:\xampp\htdocs\marcial_1_0\partials\_sidebar.php on line 285
[26-Apr-2026 21:35:27 America/Sao_Paulo] PHP Warning:  Undefined array key "c_sidebar" in C:\xampp\htdocs\marcial_1_0\partials\_sidebar.php on line 286
[26-Apr-2026 22:17:37 America/Sao_Paulo] PHP Warning:  Undefined array key "c_sidebar" in C:\xampp\htdocs\marcial_1_0\partials\_sidebar.php on line 135
[26-Apr-2026 22:17:37 America/Sao_Paulo] PHP Warning:  Undefined array key "c_sidebar" in C:\xampp\htdocs\marcial_1_0\partials\_sidebar.php on line 206
[26-Apr-2026 22:17:37 America/Sao_Paulo] PHP Warning:  Undefined array key "c_sidebar" in C:\xampp\htdocs\marcial_1_0\partials\_sidebar.php on line 207
[26-Apr-2026 22:17:37 America/Sao_Paulo] PHP Warning:  Undefined array key "c_sidebar" in C:\xampp\htdocs\marcial_1_0\partials\_sidebar.php on line 208
[26-Apr-2026 22:17:37 America/Sao_Paulo] PHP Warning:  Undefined array key "c_sidebar" in C:\xampp\htdocs\marcial_1_0\partials\_sidebar.php on line 214
[26-Apr-2026 22:17:37 America/Sao_Paulo] PHP Warning:  Undefined array key "c_sidebar" in C:\xampp\htdocs\marcial_1_0\partials\_sidebar.php on line 215
[26-Apr-2026 22:17:37 America/Sao_Paulo] PHP Warning:  Undefined array key "c_sidebar" in C:\xampp\htdocs\marcial_1_0\partials\_sidebar.php on line 216
[26-Apr-2026 22:17:37 America/Sao_Paulo] PHP Warning:  Undefined array key "c_sidebar" in C:\xampp\htdocs\marcial_1_0\partials\_sidebar.php on line 219
[26-Apr-2026 22:17:37 America/Sao_Paulo] PHP Warning:  Undefined array key "c_sidebar" in C:\xampp\htdocs\marcial_1_0\partials\_sidebar.php on line 220
[26-Apr-2026 22:17:37 America/Sao_Paulo] PHP Warning:  Undefined array key "c_sidebar" in C:\xampp\htdocs\marcial_1_0\partials\_sidebar.php on line 221
[26-Apr-2026 22:17:37 America/Sao_Paulo] PHP Warning:  Undefined array key "c_sidebar" in C:\xampp\htdocs\marcial_1_0\partials\_sidebar.php on line 234
[26-Apr-2026 22:17:37 America/Sao_Paulo] PHP Warning:  Undefined array key "c_sidebar" in C:\xampp\htdocs\marcial_1_0\partials\_sidebar.php on line 235
[26-Apr-2026 22:17:37 America/Sao_Paulo] PHP Warning:  Undefined array key "c_sidebar" in C:\xampp\htdocs\marcial_1_0\partials\_sidebar.php on line 236
[26-Apr-2026 22:17:37 America/Sao_Paulo] PHP Warning:  Undefined array key "c_sidebar" in C:\xampp\htdocs\marcial_1_0\partials\_sidebar.php on line 245
[26-Apr-2026 22:17:37 America/Sao_Paulo] PHP Warning:  Undefined array key "c_sidebar" in C:\xampp\htdocs\marcial_1_0\partials\_sidebar.php on line 259
[26-Apr-2026 22:17:37 America/Sao_Paulo] PHP Warning:  Undefined array key "c_sidebar" in C:\xampp\htdocs\marcial_1_0\partials\_sidebar.php on line 260
[26-Apr-2026 22:17:37 America/Sao_Paulo] PHP Warning:  Undefined array key "c_sidebar" in C:\xampp\htdocs\marcial_1_0\partials\_sidebar.php on line 261
[26-Apr-2026 22:17:37 America/Sao_Paulo] PHP Warning:  Undefined array key "c_sidebar" in C:\xampp\htdocs\marcial_1_0\partials\_sidebar.php on line 266
[26-Apr-2026 22:17:37 America/Sao_Paulo] PHP Warning:  Undefined array key "c_sidebar" in C:\xampp\htdocs\marcial_1_0\partials\_sidebar.php on line 271
[26-Apr-2026 22:17:37 America/Sao_Paulo] PHP Warning:  Undefined array key "c_sidebar" in C:\xampp\htdocs\marcial_1_0\partials\_sidebar.php on line 272
[26-Apr-2026 22:17:37 America/Sao_Paulo] PHP Warning:  Undefined array key "c_sidebar" in C:\xampp\htdocs\marcial_1_0\partials\_sidebar.php on line 273
[26-Apr-2026 22:17:37 America/Sao_Paulo] PHP Warning:  Undefined array key "c_sidebar" in C:\xampp\htdocs\marcial_1_0\partials\_sidebar.php on line 285
[26-Apr-2026 22:17:37 America/Sao_Paulo] PHP Warning:  Undefined array key "c_sidebar" in C:\xampp\htdocs\marcial_1_0\partials\_sidebar.php on line 285
[26-Apr-2026 22:17:37 America/Sao_Paulo] PHP Warning:  Undefined array key "c_sidebar" in C:\xampp\htdocs\marcial_1_0\partials\_sidebar.php on line 286
[26-Apr-2026 22:17:40 America/Sao_Paulo] PHP Warning:  Undefined array key "c_sidebar" in C:\xampp\htdocs\marcial_1_0\partials\_sidebar.php on line 135
[26-Apr-2026 22:17:40 America/Sao_Paulo] PHP Warning:  Undefined array key "c_sidebar" in C:\xampp\htdocs\marcial_1_0\partials\_sidebar.php on line 206
[26-Apr-2026 22:17:40 America/Sao_Paulo] PHP Warning:  Undefined array key "c_sidebar" in C:\xampp\htdocs\marcial_1_0\partials\_sidebar.php on line 207
[26-Apr-2026 22:17:40 America/Sao_Paulo] PHP Warning:  Undefined array key "c_sidebar" in C:\xampp\htdocs\marcial_1_0\partials\_sidebar.php on line 208
[26-Apr-2026 22:17:40 America/Sao_Paulo] PHP Warning:  Undefined array key "c_sidebar" in C:\xampp\htdocs\marcial_1_0\partials\_sidebar.php on line 214
[26-Apr-2026 22:17:40 America/Sao_Paulo] PHP Warning:  Undefined array key "c_sidebar" in C:\xampp\htdocs\marcial_1_0\partials\_sidebar.php on line 215
[26-Apr-2026 22:17:40 America/Sao_Paulo] PHP Warning:  Undefined array key "c_sidebar" in C:\xampp\htdocs\marcial_1_0\partials\_sidebar.php on line 216
[26-Apr-2026 22:17:40 America/Sao_Paulo] PHP Warning:  Undefined array key "c_sidebar" in C:\xampp\htdocs\marcial_1_0\partials\_sidebar.php on line 219
[26-Apr-2026 22:17:40 America/Sao_Paulo] PHP Warning:  Undefined array key "c_sidebar" in C:\xampp\htdocs\marcial_1_0\partials\_sidebar.php on line 220
[26-Apr-2026 22:17:40 America/Sao_Paulo] PHP Warning:  Undefined array key "c_sidebar" in C:\xampp\htdocs\marcial_1_0\partials\_sidebar.php on line 221
[26-Apr-2026 22:17:40 America/Sao_Paulo] PHP Warning:  Undefined array key "c_sidebar" in C:\xampp\htdocs\marcial_1_0\partials\_sidebar.php on line 234
[26-Apr-2026 22:17:40 America/Sao_Paulo] PHP Warning:  Undefined array key "c_sidebar" in C:\xampp\htdocs\marcial_1_0\partials\_sidebar.php on line 235
[26-Apr-2026 22:17:40 America/Sao_Paulo] PHP Warning:  Undefined array key "c_sidebar" in C:\xampp\htdocs\marcial_1_0\partials\_sidebar.php on line 236
[26-Apr-2026 22:17:40 America/Sao_Paulo] PHP Warning:  Undefined array key "c_sidebar" in C:\xampp\htdocs\marcial_1_0\partials\_sidebar.php on line 245
[26-Apr-2026 22:17:40 America/Sao_Paulo] PHP Warning:  Undefined array key "c_sidebar" in C:\xampp\htdocs\marcial_1_0\partials\_sidebar.php on line 259
[26-Apr-2026 22:17:40 America/Sao_Paulo] PHP Warning:  Undefined array key "c_sidebar" in C:\xampp\htdocs\marcial_1_0\partials\_sidebar.php on line 260
[26-Apr-2026 22:17:40 America/Sao_Paulo] PHP Warning:  Undefined array key "c_sidebar" in C:\xampp\htdocs\marcial_1_0\partials\_sidebar.php on line 261
[26-Apr-2026 22:17:40 America/Sao_Paulo] PHP Warning:  Undefined array key "c_sidebar" in C:\xampp\htdocs\marcial_1_0\partials\_sidebar.php on line 266
[26-Apr-2026 22:17:40 America/Sao_Paulo] PHP Warning:  Undefined array key "c_sidebar" in C:\xampp\htdocs\marcial_1_0\partials\_sidebar.php on line 271
[26-Apr-2026 22:17:40 America/Sao_Paulo] PHP Warning:  Undefined array key "c_sidebar" in C:\xampp\htdocs\marcial_1_0\partials\_sidebar.php on line 272
[26-Apr-2026 22:17:40 America/Sao_Paulo] PHP Warning:  Undefined array key "c_sidebar" in C:\xampp\htdocs\marcial_1_0\partials\_sidebar.php on line 273
[26-Apr-2026 22:17:40 America/Sao_Paulo] PHP Warning:  Undefined array key "c_sidebar" in C:\xampp\htdocs\marcial_1_0\partials\_sidebar.php on line 285
[26-Apr-2026 22:17:40 America/Sao_Paulo] PHP Warning:  Undefined array key "c_sidebar" in C:\xampp\htdocs\marcial_1_0\partials\_sidebar.php on line 285
[26-Apr-2026 22:17:40 America/Sao_Paulo] PHP Warning:  Undefined array key "c_sidebar" in C:\xampp\htdocs\marcial_1_0\partials\_sidebar.php on line 286
[26-Apr-2026 22:17:42 America/Sao_Paulo] PHP Warning:  Undefined array key "c_sidebar" in C:\xampp\htdocs\marcial_1_0\partials\_sidebar.php on line 135
[26-Apr-2026 22:17:42 America/Sao_Paulo] PHP Warning:  Undefined array key "c_sidebar" in C:\xampp\htdocs\marcial_1_0\partials\_sidebar.php on line 206
[26-Apr-2026 22:17:42 America/Sao_Paulo] PHP Warning:  Undefined array key "c_sidebar" in C:\xampp\htdocs\marcial_1_0\partials\_sidebar.php on line 207
[26-Apr-2026 22:17:42 America/Sao_Paulo] PHP Warning:  Undefined array key "c_sidebar" in C:\xampp\htdocs\marcial_1_0\partials\_sidebar.php on line 208
[26-Apr-2026 22:17:42 America/Sao_Paulo] PHP Warning:  Undefined array key "c_sidebar" in C:\xampp\htdocs\marcial_1_0\partials\_sidebar.php on line 214
[26-Apr-2026 22:17:42 America/Sao_Paulo] PHP Warning:  Undefined array key "c_sidebar" in C:\xampp\htdocs\marcial_1_0\partials\_sidebar.php on line 215
[26-Apr-2026 22:17:42 America/Sao_Paulo] PHP Warning:  Undefined array key "c_sidebar" in C:\xampp\htdocs\marcial_1_0\partials\_sidebar.php on line 216
[26-Apr-2026 22:17:42 America/Sao_Paulo] PHP Warning:  Undefined array key "c_sidebar" in C:\xampp\htdocs\marcial_1_0\partials\_sidebar.php on line 219
[26-Apr-2026 22:17:42 America/Sao_Paulo] PHP Warning:  Undefined array key "c_sidebar" in C:\xampp\htdocs\marcial_1_0\partials\_sidebar.php on line 220
[26-Apr-2026 22:17:42 America/Sao_Paulo] PHP Warning:  Undefined array key "c_sidebar" in C:\xampp\htdocs\marcial_1_0\partials\_sidebar.php on line 221
[26-Apr-2026 22:17:42 America/Sao_Paulo] PHP Warning:  Undefined array key "c_sidebar" in C:\xampp\htdocs\marcial_1_0\partials\_sidebar.php on line 234
[26-Apr-2026 22:17:42 America/Sao_Paulo] PHP Warning:  Undefined array key "c_sidebar" in C:\xampp\htdocs\marcial_1_0\partials\_sidebar.php on line 235
[26-Apr-2026 22:17:42 America/Sao_Paulo] PHP Warning:  Undefined array key "c_sidebar" in C:\xampp\htdocs\marcial_1_0\partials\_sidebar.php on line 236
[26-Apr-2026 22:17:42 America/Sao_Paulo] PHP Warning:  Undefined array key "c_sidebar" in C:\xampp\htdocs\marcial_1_0\partials\_sidebar.php on line 245
[26-Apr-2026 22:17:42 America/Sao_Paulo] PHP Warning:  Undefined array key "c_sidebar" in C:\xampp\htdocs\marcial_1_0\partials\_sidebar.php on line 259
[26-Apr-2026 22:17:42 America/Sao_Paulo] PHP Warning:  Undefined array key "c_sidebar" in C:\xampp\htdocs\marcial_1_0\partials\_sidebar.php on line 260
[26-Apr-2026 22:17:42 America/Sao_Paulo] PHP Warning:  Undefined array key "c_sidebar" in C:\xampp\htdocs\marcial_1_0\partials\_sidebar.php on line 261
[26-Apr-2026 22:17:42 America/Sao_Paulo] PHP Warning:  Undefined array key "c_sidebar" in C:\xampp\htdocs\marcial_1_0\partials\_sidebar.php on line 266
[26-Apr-2026 22:17:42 America/Sao_Paulo] PHP Warning:  Undefined array key "c_sidebar" in C:\xampp\htdocs\marcial_1_0\partials\_sidebar.php on line 271
[26-Apr-2026 22:17:42 America/Sao_Paulo] PHP Warning:  Undefined array key "c_sidebar" in C:\xampp\htdocs\marcial_1_0\partials\_sidebar.php on line 272
[26-Apr-2026 22:17:42 America/Sao_Paulo] PHP Warning:  Undefined array key "c_sidebar" in C:\xampp\htdocs\marcial_1_0\partials\_sidebar.php on line 273
[26-Apr-2026 22:17:42 America/Sao_Paulo] PHP Warning:  Undefined array key "c_sidebar" in C:\xampp\htdocs\marcial_1_0\partials\_sidebar.php on line 285
[26-Apr-2026 22:17:42 America/Sao_Paulo] PHP Warning:  Undefined array key "c_sidebar" in C:\xampp\htdocs\marcial_1_0\partials\_sidebar.php on line 285
[26-Apr-2026 22:17:42 America/Sao_Paulo] PHP Warning:  Undefined array key "c_sidebar" in C:\xampp\htdocs\marcial_1_0\partials\_sidebar.php on line 286
[26-Apr-2026 22:17:45 America/Sao_Paulo] PHP Warning:  Undefined array key "c_sidebar" in C:\xampp\htdocs\marcial_1_0\partials\_sidebar.php on line 135
[26-Apr-2026 22:17:45 America/Sao_Paulo] PHP Warning:  Undefined array key "c_sidebar" in C:\xampp\htdocs\marcial_1_0\partials\_sidebar.php on line 206
[26-Apr-2026 22:17:45 America/Sao_Paulo] PHP Warning:  Undefined array key "c_sidebar" in C:\xampp\htdocs\marcial_1_0\partials\_sidebar.php on line 207
[26-Apr-2026 22:17:45 America/Sao_Paulo] PHP Warning:  Undefined array key "c_sidebar" in C:\xampp\htdocs\marcial_1_0\partials\_sidebar.php on line 208
[26-Apr-2026 22:17:45 America/Sao_Paulo] PHP Warning:  Undefined array key "c_sidebar" in C:\xampp\htdocs\marcial_1_0\partials\_sidebar.php on line 214
[26-Apr-2026 22:17:45 America/Sao_Paulo] PHP Warning:  Undefined array key "c_sidebar" in C:\xampp\htdocs\marcial_1_0\partials\_sidebar.php on line 215
[26-Apr-2026 22:17:45 America/Sao_Paulo] PHP Warning:  Undefined array key "c_sidebar" in C:\xampp\htdocs\marcial_1_0\partials\_sidebar.php on line 216
[26-Apr-2026 22:17:45 America/Sao_Paulo] PHP Warning:  Undefined array key "c_sidebar" in C:\xampp\htdocs\marcial_1_0\partials\_sidebar.php on line 219
[26-Apr-2026 22:17:45 America/Sao_Paulo] PHP Warning:  Undefined array key "c_sidebar" in C:\xampp\htdocs\marcial_1_0\partials\_sidebar.php on line 220
[26-Apr-2026 22:17:45 America/Sao_Paulo] PHP Warning:  Undefined array key "c_sidebar" in C:\xampp\htdocs\marcial_1_0\partials\_sidebar.php on line 221
[26-Apr-2026 22:17:45 America/Sao_Paulo] PHP Warning:  Undefined array key "c_sidebar" in C:\xampp\htdocs\marcial_1_0\partials\_sidebar.php on line 234
[26-Apr-2026 22:17:45 America/Sao_Paulo] PHP Warning:  Undefined array key "c_sidebar" in C:\xampp\htdocs\marcial_1_0\partials\_sidebar.php on line 235
[26-Apr-2026 22:17:45 America/Sao_Paulo] PHP Warning:  Undefined array key "c_sidebar" in C:\xampp\htdocs\marcial_1_0\partials\_sidebar.php on line 236
[26-Apr-2026 22:17:45 America/Sao_Paulo] PHP Warning:  Undefined array key "c_sidebar" in C:\xampp\htdocs\marcial_1_0\partials\_sidebar.php on line 245
[26-Apr-2026 22:17:45 America/Sao_Paulo] PHP Warning:  Undefined array key "c_sidebar" in C:\xampp\htdocs\marcial_1_0\partials\_sidebar.php on line 259
[26-Apr-2026 22:17:45 America/Sao_Paulo] PHP Warning:  Undefined array key "c_sidebar" in C:\xampp\htdocs\marcial_1_0\partials\_sidebar.php on line 260
[26-Apr-2026 22:17:45 America/Sao_Paulo] PHP Warning:  Undefined array key "c_sidebar" in C:\xampp\htdocs\marcial_1_0\partials\_sidebar.php on line 261
[26-Apr-2026 22:17:45 America/Sao_Paulo] PHP Warning:  Undefined array key "c_sidebar" in C:\xampp\htdocs\marcial_1_0\partials\_sidebar.php on line 266
[26-Apr-2026 22:17:45 America/Sao_Paulo] PHP Warning:  Undefined array key "c_sidebar" in C:\xampp\htdocs\marcial_1_0\partials\_sidebar.php on line 271
[26-Apr-2026 22:17:45 America/Sao_Paulo] PHP Warning:  Undefined array key "c_sidebar" in C:\xampp\htdocs\marcial_1_0\partials\_sidebar.php on line 272
[26-Apr-2026 22:17:45 America/Sao_Paulo] PHP Warning:  Undefined array key "c_sidebar" in C:\xampp\htdocs\marcial_1_0\partials\_sidebar.php on line 273
[26-Apr-2026 22:17:45 America/Sao_Paulo] PHP Warning:  Undefined array key "c_sidebar" in C:\xampp\htdocs\marcial_1_0\partials\_sidebar.php on line 285
[26-Apr-2026 22:17:45 America/Sao_Paulo] PHP Warning:  Undefined array key "c_sidebar" in C:\xampp\htdocs\marcial_1_0\partials\_sidebar.php on line 285
[26-Apr-2026 22:17:45 America/Sao_Paulo] PHP Warning:  Undefined array key "c_sidebar" in C:\xampp\htdocs\marcial_1_0\partials\_sidebar.php on line 286
[26-Apr-2026 22:17:47 America/Sao_Paulo] PHP Warning:  Undefined array key "c_sidebar" in C:\xampp\htdocs\marcial_1_0\partials\_sidebar.php on line 135
[26-Apr-2026 22:17:47 America/Sao_Paulo] PHP Warning:  Undefined array key "c_sidebar" in C:\xampp\htdocs\marcial_1_0\partials\_sidebar.php on line 206
[26-Apr-2026 22:17:47 America/Sao_Paulo] PHP Warning:  Undefined array key "c_sidebar" in C:\xampp\htdocs\marcial_1_0\partials\_sidebar.php on line 207
[26-Apr-2026 22:17:47 America/Sao_Paulo] PHP Warning:  Undefined array key "c_sidebar" in C:\xampp\htdocs\marcial_1_0\partials\_sidebar.php on line 208
[26-Apr-2026 22:17:47 America/Sao_Paulo] PHP Warning:  Undefined array key "c_sidebar" in C:\xampp\htdocs\marcial_1_0\partials\_sidebar.php on line 214
[26-Apr-2026 22:17:47 America/Sao_Paulo] PHP Warning:  Undefined array key "c_sidebar" in C:\xampp\htdocs\marcial_1_0\partials\_sidebar.php on line 215
[26-Apr-2026 22:17:47 America/Sao_Paulo] PHP Warning:  Undefined array key "c_sidebar" in C:\xampp\htdocs\marcial_1_0\partials\_sidebar.php on line 216
[26-Apr-2026 22:17:47 America/Sao_Paulo] PHP Warning:  Undefined array key "c_sidebar" in C:\xampp\htdocs\marcial_1_0\partials\_sidebar.php on line 219
[26-Apr-2026 22:17:47 America/Sao_Paulo] PHP Warning:  Undefined array key "c_sidebar" in C:\xampp\htdocs\marcial_1_0\partials\_sidebar.php on line 220
[26-Apr-2026 22:17:47 America/Sao_Paulo] PHP Warning:  Undefined array key "c_sidebar" in C:\xampp\htdocs\marcial_1_0\partials\_sidebar.php on line 221
[26-Apr-2026 22:17:47 America/Sao_Paulo] PHP Warning:  Undefined array key "c_sidebar" in C:\xampp\htdocs\marcial_1_0\partials\_sidebar.php on line 234
[26-Apr-2026 22:17:47 America/Sao_Paulo] PHP Warning:  Undefined array key "c_sidebar" in C:\xampp\htdocs\marcial_1_0\partials\_sidebar.php on line 235
[26-Apr-2026 22:17:47 America/Sao_Paulo] PHP Warning:  Undefined array key "c_sidebar" in C:\xampp\htdocs\marcial_1_0\partials\_sidebar.php on line 236
[26-Apr-2026 22:17:47 America/Sao_Paulo] PHP Warning:  Undefined array key "c_sidebar" in C:\xampp\htdocs\marcial_1_0\partials\_sidebar.php on line 245
[26-Apr-2026 22:17:47 America/Sao_Paulo] PHP Warning:  Undefined array key "c_sidebar" in C:\xampp\htdocs\marcial_1_0\partials\_sidebar.php on line 259
[26-Apr-2026 22:17:47 America/Sao_Paulo] PHP Warning:  Undefined array key "c_sidebar" in C:\xampp\htdocs\marcial_1_0\partials\_sidebar.php on line 260
[26-Apr-2026 22:17:47 America/Sao_Paulo] PHP Warning:  Undefined array key "c_sidebar" in C:\xampp\htdocs\marcial_1_0\partials\_sidebar.php on line 261
[26-Apr-2026 22:17:47 America/Sao_Paulo] PHP Warning:  Undefined array key "c_sidebar" in C:\xampp\htdocs\marcial_1_0\partials\_sidebar.php on line 266
[26-Apr-2026 22:17:47 America/Sao_Paulo] PHP Warning:  Undefined array key "c_sidebar" in C:\xampp\htdocs\marcial_1_0\partials\_sidebar.php on line 271
[26-Apr-2026 22:17:47 America/Sao_Paulo] PHP Warning:  Undefined array key "c_sidebar" in C:\xampp\htdocs\marcial_1_0\partials\_sidebar.php on line 272
[26-Apr-2026 22:17:47 America/Sao_Paulo] PHP Warning:  Undefined array key "c_sidebar" in C:\xampp\htdocs\marcial_1_0\partials\_sidebar.php on line 273
[26-Apr-2026 22:17:47 America/Sao_Paulo] PHP Warning:  Undefined array key "c_sidebar" in C:\xampp\htdocs\marcial_1_0\partials\_sidebar.php on line 285
[26-Apr-2026 22:17:47 America/Sao_Paulo] PHP Warning:  Undefined array key "c_sidebar" in C:\xampp\htdocs\marcial_1_0\partials\_sidebar.php on line 285
[26-Apr-2026 22:17:47 America/Sao_Paulo] PHP Warning:  Undefined array key "c_sidebar" in C:\xampp\htdocs\marcial_1_0\partials\_sidebar.php on line 286
[26-Apr-2026 22:17:48 America/Sao_Paulo] PHP Warning:  Undefined array key "c_sidebar" in C:\xampp\htdocs\marcial_1_0\partials\_sidebar.php on line 135
[26-Apr-2026 22:17:48 America/Sao_Paulo] PHP Warning:  Undefined array key "c_sidebar" in C:\xampp\htdocs\marcial_1_0\partials\_sidebar.php on line 206
[26-Apr-2026 22:17:48 America/Sao_Paulo] PHP Warning:  Undefined array key "c_sidebar" in C:\xampp\htdocs\marcial_1_0\partials\_sidebar.php on line 207
[26-Apr-2026 22:17:48 America/Sao_Paulo] PHP Warning:  Undefined array key "c_sidebar" in C:\xampp\htdocs\marcial_1_0\partials\_sidebar.php on line 208
[26-Apr-2026 22:17:48 America/Sao_Paulo] PHP Warning:  Undefined array key "c_sidebar" in C:\xampp\htdocs\marcial_1_0\partials\_sidebar.php on line 214
[26-Apr-2026 22:17:48 America/Sao_Paulo] PHP Warning:  Undefined array key "c_sidebar" in C:\xampp\htdocs\marcial_1_0\partials\_sidebar.php on line 215
[26-Apr-2026 22:17:48 America/Sao_Paulo] PHP Warning:  Undefined array key "c_sidebar" in C:\xampp\htdocs\marcial_1_0\partials\_sidebar.php on line 216
[26-Apr-2026 22:17:48 America/Sao_Paulo] PHP Warning:  Undefined array key "c_sidebar" in C:\xampp\htdocs\marcial_1_0\partials\_sidebar.php on line 219
[26-Apr-2026 22:17:48 America/Sao_Paulo] PHP Warning:  Undefined array key "c_sidebar" in C:\xampp\htdocs\marcial_1_0\partials\_sidebar.php on line 220
[26-Apr-2026 22:17:48 America/Sao_Paulo] PHP Warning:  Undefined array key "c_sidebar" in C:\xampp\htdocs\marcial_1_0\partials\_sidebar.php on line 221
[26-Apr-2026 22:17:48 America/Sao_Paulo] PHP Warning:  Undefined array key "c_sidebar" in C:\xampp\htdocs\marcial_1_0\partials\_sidebar.php on line 234
[26-Apr-2026 22:17:48 America/Sao_Paulo] PHP Warning:  Undefined array key "c_sidebar" in C:\xampp\htdocs\marcial_1_0\partials\_sidebar.php on line 235
[26-Apr-2026 22:17:48 America/Sao_Paulo] PHP Warning:  Undefined array key "c_sidebar" in C:\xampp\htdocs\marcial_1_0\partials\_sidebar.php on line 236
[26-Apr-2026 22:17:48 America/Sao_Paulo] PHP Warning:  Undefined array key "c_sidebar" in C:\xampp\htdocs\marcial_1_0\partials\_sidebar.php on line 245
[26-Apr-2026 22:17:48 America/Sao_Paulo] PHP Warning:  Undefined array key "c_sidebar" in C:\xampp\htdocs\marcial_1_0\partials\_sidebar.php on line 259
[26-Apr-2026 22:17:48 America/Sao_Paulo] PHP Warning:  Undefined array key "c_sidebar" in C:\xampp\htdocs\marcial_1_0\partials\_sidebar.php on line 260
[26-Apr-2026 22:17:48 America/Sao_Paulo] PHP Warning:  Undefined array key "c_sidebar" in C:\xampp\htdocs\marcial_1_0\partials\_sidebar.php on line 261
[26-Apr-2026 22:17:48 America/Sao_Paulo] PHP Warning:  Undefined array key "c_sidebar" in C:\xampp\htdocs\marcial_1_0\partials\_sidebar.php on line 266
[26-Apr-2026 22:17:48 America/Sao_Paulo] PHP Warning:  Undefined array key "c_sidebar" in C:\xampp\htdocs\marcial_1_0\partials\_sidebar.php on line 271
[26-Apr-2026 22:17:48 America/Sao_Paulo] PHP Warning:  Undefined array key "c_sidebar" in C:\xampp\htdocs\marcial_1_0\partials\_sidebar.php on line 272
[26-Apr-2026 22:17:48 America/Sao_Paulo] PHP Warning:  Undefined array key "c_sidebar" in C:\xampp\htdocs\marcial_1_0\partials\_sidebar.php on line 273
[26-Apr-2026 22:17:48 America/Sao_Paulo] PHP Warning:  Undefined array key "c_sidebar" in C:\xampp\htdocs\marcial_1_0\partials\_sidebar.php on line 285
[26-Apr-2026 22:17:48 America/Sao_Paulo] PHP Warning:  Undefined array key "c_sidebar" in C:\xampp\htdocs\marcial_1_0\partials\_sidebar.php on line 285
[26-Apr-2026 22:17:48 America/Sao_Paulo] PHP Warning:  Undefined array key "c_sidebar" in C:\xampp\htdocs\marcial_1_0\partials\_sidebar.php on line 286
[26-Apr-2026 22:18:49 America/Sao_Paulo] PHP Warning:  Undefined array key "c_sidebar" in C:\xampp\htdocs\marcial_1_0\partials\_sidebar.php on line 135
[26-Apr-2026 22:18:49 America/Sao_Paulo] PHP Warning:  Undefined array key "c_sidebar" in C:\xampp\htdocs\marcial_1_0\partials\_sidebar.php on line 206
[26-Apr-2026 22:18:49 America/Sao_Paulo] PHP Warning:  Undefined array key "c_sidebar" in C:\xampp\htdocs\marcial_1_0\partials\_sidebar.php on line 207
[26-Apr-2026 22:18:49 America/Sao_Paulo] PHP Warning:  Undefined array key "c_sidebar" in C:\xampp\htdocs\marcial_1_0\partials\_sidebar.php on line 208
[26-Apr-2026 22:18:49 America/Sao_Paulo] PHP Warning:  Undefined array key "c_sidebar" in C:\xampp\htdocs\marcial_1_0\partials\_sidebar.php on line 214
[26-Apr-2026 22:18:49 America/Sao_Paulo] PHP Warning:  Undefined array key "c_sidebar" in C:\xampp\htdocs\marcial_1_0\partials\_sidebar.php on line 215
[26-Apr-2026 22:18:49 America/Sao_Paulo] PHP Warning:  Undefined array key "c_sidebar" in C:\xampp\htdocs\marcial_1_0\partials\_sidebar.php on line 216
[26-Apr-2026 22:18:49 America/Sao_Paulo] PHP Warning:  Undefined array key "c_sidebar" in C:\xampp\htdocs\marcial_1_0\partials\_sidebar.php on line 219
[26-Apr-2026 22:18:49 America/Sao_Paulo] PHP Warning:  Undefined array key "c_sidebar" in C:\xampp\htdocs\marcial_1_0\partials\_sidebar.php on line 220
[26-Apr-2026 22:18:49 America/Sao_Paulo] PHP Warning:  Undefined array key "c_sidebar" in C:\xampp\htdocs\marcial_1_0\partials\_sidebar.php on line 221
[26-Apr-2026 22:18:49 America/Sao_Paulo] PHP Warning:  Undefined array key "c_sidebar" in C:\xampp\htdocs\marcial_1_0\partials\_sidebar.php on line 234
[26-Apr-2026 22:18:49 America/Sao_Paulo] PHP Warning:  Undefined array key "c_sidebar" in C:\xampp\htdocs\marcial_1_0\partials\_sidebar.php on line 235
[26-Apr-2026 22:18:49 America/Sao_Paulo] PHP Warning:  Undefined array key "c_sidebar" in C:\xampp\htdocs\marcial_1_0\partials\_sidebar.php on line 236
[26-Apr-2026 22:18:49 America/Sao_Paulo] PHP Warning:  Undefined array key "c_sidebar" in C:\xampp\htdocs\marcial_1_0\partials\_sidebar.php on line 245
[26-Apr-2026 22:18:49 America/Sao_Paulo] PHP Warning:  Undefined array key "c_sidebar" in C:\xampp\htdocs\marcial_1_0\partials\_sidebar.php on line 259
[26-Apr-2026 22:18:49 America/Sao_Paulo] PHP Warning:  Undefined array key "c_sidebar" in C:\xampp\htdocs\marcial_1_0\partials\_sidebar.php on line 260
[26-Apr-2026 22:18:49 America/Sao_Paulo] PHP Warning:  Undefined array key "c_sidebar" in C:\xampp\htdocs\marcial_1_0\partials\_sidebar.php on line 261
[26-Apr-2026 22:18:49 America/Sao_Paulo] PHP Warning:  Undefined array key "c_sidebar" in C:\xampp\htdocs\marcial_1_0\partials\_sidebar.php on line 266
[26-Apr-2026 22:18:49 America/Sao_Paulo] PHP Warning:  Undefined array key "c_sidebar" in C:\xampp\htdocs\marcial_1_0\partials\_sidebar.php on line 271
[26-Apr-2026 22:18:49 America/Sao_Paulo] PHP Warning:  Undefined array key "c_sidebar" in C:\xampp\htdocs\marcial_1_0\partials\_sidebar.php on line 272
[26-Apr-2026 22:18:49 America/Sao_Paulo] PHP Warning:  Undefined array key "c_sidebar" in C:\xampp\htdocs\marcial_1_0\partials\_sidebar.php on line 273
[26-Apr-2026 22:18:49 America/Sao_Paulo] PHP Warning:  Undefined array key "c_sidebar" in C:\xampp\htdocs\marcial_1_0\partials\_sidebar.php on line 285
[26-Apr-2026 22:18:49 America/Sao_Paulo] PHP Warning:  Undefined array key "c_sidebar" in C:\xampp\htdocs\marcial_1_0\partials\_sidebar.php on line 285
[26-Apr-2026 22:18:49 America/Sao_Paulo] PHP Warning:  Undefined array key "c_sidebar" in C:\xampp\htdocs\marcial_1_0\partials\_sidebar.php on line 286
[26-Apr-2026 22:18:51 America/Sao_Paulo] PHP Warning:  Undefined array key "c_sidebar" in C:\xampp\htdocs\marcial_1_0\partials\_sidebar.php on line 135
[26-Apr-2026 22:18:51 America/Sao_Paulo] PHP Warning:  Undefined array key "c_sidebar" in C:\xampp\htdocs\marcial_1_0\partials\_sidebar.php on line 206
[26-Apr-2026 22:18:51 America/Sao_Paulo] PHP Warning:  Undefined array key "c_sidebar" in C:\xampp\htdocs\marcial_1_0\partials\_sidebar.php on line 207
[26-Apr-2026 22:18:51 America/Sao_Paulo] PHP Warning:  Undefined array key "c_sidebar" in C:\xampp\htdocs\marcial_1_0\partials\_sidebar.php on line 208
[26-Apr-2026 22:18:51 America/Sao_Paulo] PHP Warning:  Undefined array key "c_sidebar" in C:\xampp\htdocs\marcial_1_0\partials\_sidebar.php on line 214
[26-Apr-2026 22:18:51 America/Sao_Paulo] PHP Warning:  Undefined array key "c_sidebar" in C:\xampp\htdocs\marcial_1_0\partials\_sidebar.php on line 215
[26-Apr-2026 22:18:51 America/Sao_Paulo] PHP Warning:  Undefined array key "c_sidebar" in C:\xampp\htdocs\marcial_1_0\partials\_sidebar.php on line 216
[26-Apr-2026 22:18:51 America/Sao_Paulo] PHP Warning:  Undefined array key "c_sidebar" in C:\xampp\htdocs\marcial_1_0\partials\_sidebar.php on line 219
[26-Apr-2026 22:18:51 America/Sao_Paulo] PHP Warning:  Undefined array key "c_sidebar" in C:\xampp\htdocs\marcial_1_0\partials\_sidebar.php on line 220
[26-Apr-2026 22:18:51 America/Sao_Paulo] PHP Warning:  Undefined array key "c_sidebar" in C:\xampp\htdocs\marcial_1_0\partials\_sidebar.php on line 221
[26-Apr-2026 22:18:51 America/Sao_Paulo] PHP Warning:  Undefined array key "c_sidebar" in C:\xampp\htdocs\marcial_1_0\partials\_sidebar.php on line 234
[26-Apr-2026 22:18:51 America/Sao_Paulo] PHP Warning:  Undefined array key "c_sidebar" in C:\xampp\htdocs\marcial_1_0\partials\_sidebar.php on line 235
[26-Apr-2026 22:18:51 America/Sao_Paulo] PHP Warning:  Undefined array key "c_sidebar" in C:\xampp\htdocs\marcial_1_0\partials\_sidebar.php on line 236
[26-Apr-2026 22:18:51 America/Sao_Paulo] PHP Warning:  Undefined array key "c_sidebar" in C:\xampp\htdocs\marcial_1_0\partials\_sidebar.php on line 245
[26-Apr-2026 22:18:51 America/Sao_Paulo] PHP Warning:  Undefined array key "c_sidebar" in C:\xampp\htdocs\marcial_1_0\partials\_sidebar.php on line 259
[26-Apr-2026 22:18:51 America/Sao_Paulo] PHP Warning:  Undefined array key "c_sidebar" in C:\xampp\htdocs\marcial_1_0\partials\_sidebar.php on line 260
[26-Apr-2026 22:18:51 America/Sao_Paulo] PHP Warning:  Undefined array key "c_sidebar" in C:\xampp\htdocs\marcial_1_0\partials\_sidebar.php on line 261
[26-Apr-2026 22:18:51 America/Sao_Paulo] PHP Warning:  Undefined array key "c_sidebar" in C:\xampp\htdocs\marcial_1_0\partials\_sidebar.php on line 266
[26-Apr-2026 22:18:51 America/Sao_Paulo] PHP Warning:  Undefined array key "c_sidebar" in C:\xampp\htdocs\marcial_1_0\partials\_sidebar.php on line 271
[26-Apr-2026 22:18:51 America/Sao_Paulo] PHP Warning:  Undefined array key "c_sidebar" in C:\xampp\htdocs\marcial_1_0\partials\_sidebar.php on line 272
[26-Apr-2026 22:18:51 America/Sao_Paulo] PHP Warning:  Undefined array key "c_sidebar" in C:\xampp\htdocs\marcial_1_0\partials\_sidebar.php on line 273
[26-Apr-2026 22:18:51 America/Sao_Paulo] PHP Warning:  Undefined array key "c_sidebar" in C:\xampp\htdocs\marcial_1_0\partials\_sidebar.php on line 285
[26-Apr-2026 22:18:51 America/Sao_Paulo] PHP Warning:  Undefined array key "c_sidebar" in C:\xampp\htdocs\marcial_1_0\partials\_sidebar.php on line 285
[26-Apr-2026 22:18:51 America/Sao_Paulo] PHP Warning:  Undefined array key "c_sidebar" in C:\xampp\htdocs\marcial_1_0\partials\_sidebar.php on line 286
[26-Apr-2026 22:25:22 America/Sao_Paulo] PHP Warning:  Undefined array key "c_sidebar" in C:\xampp\htdocs\marcial_1_0\partials\_sidebar.php on line 135
[26-Apr-2026 22:25:22 America/Sao_Paulo] PHP Warning:  Undefined array key "c_sidebar" in C:\xampp\htdocs\marcial_1_0\partials\_sidebar.php on line 206
[26-Apr-2026 22:25:22 America/Sao_Paulo] PHP Warning:  Undefined array key "c_sidebar" in C:\xampp\htdocs\marcial_1_0\partials\_sidebar.php on line 207
[26-Apr-2026 22:25:22 America/Sao_Paulo] PHP Warning:  Undefined array key "c_sidebar" in C:\xampp\htdocs\marcial_1_0\partials\_sidebar.php on line 208
[26-Apr-2026 22:25:22 America/Sao_Paulo] PHP Warning:  Undefined array key "c_sidebar" in C:\xampp\htdocs\marcial_1_0\partials\_sidebar.php on line 214
[26-Apr-2026 22:25:22 America/Sao_Paulo] PHP Warning:  Undefined array key "c_sidebar" in C:\xampp\htdocs\marcial_1_0\partials\_sidebar.php on line 215
[26-Apr-2026 22:25:22 America/Sao_Paulo] PHP Warning:  Undefined array key "c_sidebar" in C:\xampp\htdocs\marcial_1_0\partials\_sidebar.php on line 216
[26-Apr-2026 22:25:22 America/Sao_Paulo] PHP Warning:  Undefined array key "c_sidebar" in C:\xampp\htdocs\marcial_1_0\partials\_sidebar.php on line 219
[26-Apr-2026 22:25:22 America/Sao_Paulo] PHP Warning:  Undefined array key "c_sidebar" in C:\xampp\htdocs\marcial_1_0\partials\_sidebar.php on line 220
[26-Apr-2026 22:25:22 America/Sao_Paulo] PHP Warning:  Undefined array key "c_sidebar" in C:\xampp\htdocs\marcial_1_0\partials\_sidebar.php on line 221
[26-Apr-2026 22:25:22 America/Sao_Paulo] PHP Warning:  Undefined array key "c_sidebar" in C:\xampp\htdocs\marcial_1_0\partials\_sidebar.php on line 234
[26-Apr-2026 22:25:22 America/Sao_Paulo] PHP Warning:  Undefined array key "c_sidebar" in C:\xampp\htdocs\marcial_1_0\partials\_sidebar.php on line 235
[26-Apr-2026 22:25:22 America/Sao_Paulo] PHP Warning:  Undefined array key "c_sidebar" in C:\xampp\htdocs\marcial_1_0\partials\_sidebar.php on line 236
[26-Apr-2026 22:25:22 America/Sao_Paulo] PHP Warning:  Undefined array key "c_sidebar" in C:\xampp\htdocs\marcial_1_0\partials\_sidebar.php on line 245
[26-Apr-2026 22:25:22 America/Sao_Paulo] PHP Warning:  Undefined array key "c_sidebar" in C:\xampp\htdocs\marcial_1_0\partials\_sidebar.php on line 259
[26-Apr-2026 22:25:22 America/Sao_Paulo] PHP Warning:  Undefined array key "c_sidebar" in C:\xampp\htdocs\marcial_1_0\partials\_sidebar.php on line 260
[26-Apr-2026 22:25:22 America/Sao_Paulo] PHP Warning:  Undefined array key "c_sidebar" in C:\xampp\htdocs\marcial_1_0\partials\_sidebar.php on line 261
[26-Apr-2026 22:25:22 America/Sao_Paulo] PHP Warning:  Undefined array key "c_sidebar" in C:\xampp\htdocs\marcial_1_0\partials\_sidebar.php on line 266
[26-Apr-2026 22:25:22 America/Sao_Paulo] PHP Warning:  Undefined array key "c_sidebar" in C:\xampp\htdocs\marcial_1_0\partials\_sidebar.php on line 271
[26-Apr-2026 22:25:22 America/Sao_Paulo] PHP Warning:  Undefined array key "c_sidebar" in C:\xampp\htdocs\marcial_1_0\partials\_sidebar.php on line 272
[26-Apr-2026 22:25:22 America/Sao_Paulo] PHP Warning:  Undefined array key "c_sidebar" in C:\xampp\htdocs\marcial_1_0\partials\_sidebar.php on line 273
[26-Apr-2026 22:25:22 America/Sao_Paulo] PHP Warning:  Undefined array key "c_sidebar" in C:\xampp\htdocs\marcial_1_0\partials\_sidebar.php on line 285
[26-Apr-2026 22:25:22 America/Sao_Paulo] PHP Warning:  Undefined array key "c_sidebar" in C:\xampp\htdocs\marcial_1_0\partials\_sidebar.php on line 285
[26-Apr-2026 22:25:22 America/Sao_Paulo] PHP Warning:  Undefined array key "c_sidebar" in C:\xampp\htdocs\marcial_1_0\partials\_sidebar.php on line 286
[26-Apr-2026 22:25:33 America/Sao_Paulo] PHP Warning:  Undefined array key "c_sidebar" in C:\xampp\htdocs\marcial_1_0\partials\_sidebar.php on line 135
[26-Apr-2026 22:25:33 America/Sao_Paulo] PHP Warning:  Undefined array key "c_sidebar" in C:\xampp\htdocs\marcial_1_0\partials\_sidebar.php on line 206
[26-Apr-2026 22:25:33 America/Sao_Paulo] PHP Warning:  Undefined array key "c_sidebar" in C:\xampp\htdocs\marcial_1_0\partials\_sidebar.php on line 207
[26-Apr-2026 22:25:33 America/Sao_Paulo] PHP Warning:  Undefined array key "c_sidebar" in C:\xampp\htdocs\marcial_1_0\partials\_sidebar.php on line 208
[26-Apr-2026 22:25:33 America/Sao_Paulo] PHP Warning:  Undefined array key "c_sidebar" in C:\xampp\htdocs\marcial_1_0\partials\_sidebar.php on line 214
[26-Apr-2026 22:25:33 America/Sao_Paulo] PHP Warning:  Undefined array key "c_sidebar" in C:\xampp\htdocs\marcial_1_0\partials\_sidebar.php on line 215
[26-Apr-2026 22:25:33 America/Sao_Paulo] PHP Warning:  Undefined array key "c_sidebar" in C:\xampp\htdocs\marcial_1_0\partials\_sidebar.php on line 216
[26-Apr-2026 22:25:33 America/Sao_Paulo] PHP Warning:  Undefined array key "c_sidebar" in C:\xampp\htdocs\marcial_1_0\partials\_sidebar.php on line 219
[26-Apr-2026 22:25:33 America/Sao_Paulo] PHP Warning:  Undefined array key "c_sidebar" in C:\xampp\htdocs\marcial_1_0\partials\_sidebar.php on line 220
[26-Apr-2026 22:25:33 America/Sao_Paulo] PHP Warning:  Undefined array key "c_sidebar" in C:\xampp\htdocs\marcial_1_0\partials\_sidebar.php on line 221
[26-Apr-2026 22:25:33 America/Sao_Paulo] PHP Warning:  Undefined array key "c_sidebar" in C:\xampp\htdocs\marcial_1_0\partials\_sidebar.php on line 234
[26-Apr-2026 22:25:33 America/Sao_Paulo] PHP Warning:  Undefined array key "c_sidebar" in C:\xampp\htdocs\marcial_1_0\partials\_sidebar.php on line 235
[26-Apr-2026 22:25:33 America/Sao_Paulo] PHP Warning:  Undefined array key "c_sidebar" in C:\xampp\htdocs\marcial_1_0\partials\_sidebar.php on line 236
[26-Apr-2026 22:25:33 America/Sao_Paulo] PHP Warning:  Undefined array key "c_sidebar" in C:\xampp\htdocs\marcial_1_0\partials\_sidebar.php on line 245
[26-Apr-2026 22:25:33 America/Sao_Paulo] PHP Warning:  Undefined array key "c_sidebar" in C:\xampp\htdocs\marcial_1_0\partials\_sidebar.php on line 259
[26-Apr-2026 22:25:33 America/Sao_Paulo] PHP Warning:  Undefined array key "c_sidebar" in C:\xampp\htdocs\marcial_1_0\partials\_sidebar.php on line 260
[26-Apr-2026 22:25:33 America/Sao_Paulo] PHP Warning:  Undefined array key "c_sidebar" in C:\xampp\htdocs\marcial_1_0\partials\_sidebar.php on line 261
[26-Apr-2026 22:25:33 America/Sao_Paulo] PHP Warning:  Undefined array key "c_sidebar" in C:\xampp\htdocs\marcial_1_0\partials\_sidebar.php on line 266
[26-Apr-2026 22:25:33 America/Sao_Paulo] PHP Warning:  Undefined array key "c_sidebar" in C:\xampp\htdocs\marcial_1_0\partials\_sidebar.php on line 271
[26-Apr-2026 22:25:33 America/Sao_Paulo] PHP Warning:  Undefined array key "c_sidebar" in C:\xampp\htdocs\marcial_1_0\partials\_sidebar.php on line 272
[26-Apr-2026 22:25:33 America/Sao_Paulo] PHP Warning:  Undefined array key "c_sidebar" in C:\xampp\htdocs\marcial_1_0\partials\_sidebar.php on line 273
[26-Apr-2026 22:25:33 America/Sao_Paulo] PHP Warning:  Undefined array key "c_sidebar" in C:\xampp\htdocs\marcial_1_0\partials\_sidebar.php on line 285
[26-Apr-2026 22:25:33 America/Sao_Paulo] PHP Warning:  Undefined array key "c_sidebar" in C:\xampp\htdocs\marcial_1_0\partials\_sidebar.php on line 285
[26-Apr-2026 22:25:33 America/Sao_Paulo] PHP Warning:  Undefined array key "c_sidebar" in C:\xampp\htdocs\marcial_1_0\partials\_sidebar.php on line 286
[26-Apr-2026 22:25:46 America/Sao_Paulo] PHP Warning:  Undefined array key "c_sidebar" in C:\xampp\htdocs\marcial_1_0\partials\_sidebar.php on line 135
[26-Apr-2026 22:25:46 America/Sao_Paulo] PHP Warning:  Undefined array key "c_sidebar" in C:\xampp\htdocs\marcial_1_0\partials\_sidebar.php on line 206
[26-Apr-2026 22:25:46 America/Sao_Paulo] PHP Warning:  Undefined array key "c_sidebar" in C:\xampp\htdocs\marcial_1_0\partials\_sidebar.php on line 207
[26-Apr-2026 22:25:46 America/Sao_Paulo] PHP Warning:  Undefined array key "c_sidebar" in C:\xampp\htdocs\marcial_1_0\partials\_sidebar.php on line 208
[26-Apr-2026 22:25:46 America/Sao_Paulo] PHP Warning:  Undefined array key "c_sidebar" in C:\xampp\htdocs\marcial_1_0\partials\_sidebar.php on line 214
[26-Apr-2026 22:25:46 America/Sao_Paulo] PHP Warning:  Undefined array key "c_sidebar" in C:\xampp\htdocs\marcial_1_0\partials\_sidebar.php on line 215
[26-Apr-2026 22:25:46 America/Sao_Paulo] PHP Warning:  Undefined array key "c_sidebar" in C:\xampp\htdocs\marcial_1_0\partials\_sidebar.php on line 216
[26-Apr-2026 22:25:46 America/Sao_Paulo] PHP Warning:  Undefined array key "c_sidebar" in C:\xampp\htdocs\marcial_1_0\partials\_sidebar.php on line 219
[26-Apr-2026 22:25:46 America/Sao_Paulo] PHP Warning:  Undefined array key "c_sidebar" in C:\xampp\htdocs\marcial_1_0\partials\_sidebar.php on line 220
[26-Apr-2026 22:25:46 America/Sao_Paulo] PHP Warning:  Undefined array key "c_sidebar" in C:\xampp\htdocs\marcial_1_0\partials\_sidebar.php on line 221
[26-Apr-2026 22:25:46 America/Sao_Paulo] PHP Warning:  Undefined array key "c_sidebar" in C:\xampp\htdocs\marcial_1_0\partials\_sidebar.php on line 234
[26-Apr-2026 22:25:46 America/Sao_Paulo] PHP Warning:  Undefined array key "c_sidebar" in C:\xampp\htdocs\marcial_1_0\partials\_sidebar.php on line 235
[26-Apr-2026 22:25:46 America/Sao_Paulo] PHP Warning:  Undefined array key "c_sidebar" in C:\xampp\htdocs\marcial_1_0\partials\_sidebar.php on line 236
[26-Apr-2026 22:25:46 America/Sao_Paulo] PHP Warning:  Undefined array key "c_sidebar" in C:\xampp\htdocs\marcial_1_0\partials\_sidebar.php on line 245
[26-Apr-2026 22:25:46 America/Sao_Paulo] PHP Warning:  Undefined array key "c_sidebar" in C:\xampp\htdocs\marcial_1_0\partials\_sidebar.php on line 259
[26-Apr-2026 22:25:46 America/Sao_Paulo] PHP Warning:  Undefined array key "c_sidebar" in C:\xampp\htdocs\marcial_1_0\partials\_sidebar.php on line 260
[26-Apr-2026 22:25:46 America/Sao_Paulo] PHP Warning:  Undefined array key "c_sidebar" in C:\xampp\htdocs\marcial_1_0\partials\_sidebar.php on line 261
[26-Apr-2026 22:25:46 America/Sao_Paulo] PHP Warning:  Undefined array key "c_sidebar" in C:\xampp\htdocs\marcial_1_0\partials\_sidebar.php on line 266
[26-Apr-2026 22:25:46 America/Sao_Paulo] PHP Warning:  Undefined array key "c_sidebar" in C:\xampp\htdocs\marcial_1_0\partials\_sidebar.php on line 271
[26-Apr-2026 22:25:46 America/Sao_Paulo] PHP Warning:  Undefined array key "c_sidebar" in C:\xampp\htdocs\marcial_1_0\partials\_sidebar.php on line 272
[26-Apr-2026 22:25:46 America/Sao_Paulo] PHP Warning:  Undefined array key "c_sidebar" in C:\xampp\htdocs\marcial_1_0\partials\_sidebar.php on line 273
[26-Apr-2026 22:25:46 America/Sao_Paulo] PHP Warning:  Undefined array key "c_sidebar" in C:\xampp\htdocs\marcial_1_0\partials\_sidebar.php on line 285
[26-Apr-2026 22:25:46 America/Sao_Paulo] PHP Warning:  Undefined array key "c_sidebar" in C:\xampp\htdocs\marcial_1_0\partials\_sidebar.php on line 285
[26-Apr-2026 22:25:46 America/Sao_Paulo] PHP Warning:  Undefined array key "c_sidebar" in C:\xampp\htdocs\marcial_1_0\partials\_sidebar.php on line 286
[27-Apr-2026 00:29:03 America/Sao_Paulo] PHP Warning:  Undefined array key "c_sidebar" in C:\xampp\htdocs\marcial_1_0\partials\_sidebar.php on line 135
[27-Apr-2026 00:29:03 America/Sao_Paulo] PHP Warning:  Undefined array key "c_sidebar" in C:\xampp\htdocs\marcial_1_0\partials\_sidebar.php on line 206
[27-Apr-2026 00:29:03 America/Sao_Paulo] PHP Warning:  Undefined array key "c_sidebar" in C:\xampp\htdocs\marcial_1_0\partials\_sidebar.php on line 207
[27-Apr-2026 00:29:03 America/Sao_Paulo] PHP Warning:  Undefined array key "c_sidebar" in C:\xampp\htdocs\marcial_1_0\partials\_sidebar.php on line 208
[27-Apr-2026 00:29:03 America/Sao_Paulo] PHP Warning:  Undefined array key "c_sidebar" in C:\xampp\htdocs\marcial_1_0\partials\_sidebar.php on line 214
[27-Apr-2026 00:29:03 America/Sao_Paulo] PHP Warning:  Undefined array key "c_sidebar" in C:\xampp\htdocs\marcial_1_0\partials\_sidebar.php on line 215
[27-Apr-2026 00:29:03 America/Sao_Paulo] PHP Warning:  Undefined array key "c_sidebar" in C:\xampp\htdocs\marcial_1_0\partials\_sidebar.php on line 216
[27-Apr-2026 00:29:03 America/Sao_Paulo] PHP Warning:  Undefined array key "c_sidebar" in C:\xampp\htdocs\marcial_1_0\partials\_sidebar.php on line 219
[27-Apr-2026 00:29:03 America/Sao_Paulo] PHP Warning:  Undefined array key "c_sidebar" in C:\xampp\htdocs\marcial_1_0\partials\_sidebar.php on line 220
[27-Apr-2026 00:29:03 America/Sao_Paulo] PHP Warning:  Undefined array key "c_sidebar" in C:\xampp\htdocs\marcial_1_0\partials\_sidebar.php on line 221
[27-Apr-2026 00:29:03 America/Sao_Paulo] PHP Warning:  Undefined array key "c_sidebar" in C:\xampp\htdocs\marcial_1_0\partials\_sidebar.php on line 234
[27-Apr-2026 00:29:03 America/Sao_Paulo] PHP Warning:  Undefined array key "c_sidebar" in C:\xampp\htdocs\marcial_1_0\partials\_sidebar.php on line 235
[27-Apr-2026 00:29:03 America/Sao_Paulo] PHP Warning:  Undefined array key "c_sidebar" in C:\xampp\htdocs\marcial_1_0\partials\_sidebar.php on line 236
[27-Apr-2026 00:29:03 America/Sao_Paulo] PHP Warning:  Undefined array key "c_sidebar" in C:\xampp\htdocs\marcial_1_0\partials\_sidebar.php on line 245
[27-Apr-2026 00:29:03 America/Sao_Paulo] PHP Warning:  Undefined array key "c_sidebar" in C:\xampp\htdocs\marcial_1_0\partials\_sidebar.php on line 259
[27-Apr-2026 00:29:03 America/Sao_Paulo] PHP Warning:  Undefined array key "c_sidebar" in C:\xampp\htdocs\marcial_1_0\partials\_sidebar.php on line 260
[27-Apr-2026 00:29:03 America/Sao_Paulo] PHP Warning:  Undefined array key "c_sidebar" in C:\xampp\htdocs\marcial_1_0\partials\_sidebar.php on line 261
[27-Apr-2026 00:29:03 America/Sao_Paulo] PHP Warning:  Undefined array key "c_sidebar" in C:\xampp\htdocs\marcial_1_0\partials\_sidebar.php on line 266
[27-Apr-2026 00:29:03 America/Sao_Paulo] PHP Warning:  Undefined array key "c_sidebar" in C:\xampp\htdocs\marcial_1_0\partials\_sidebar.php on line 271
[27-Apr-2026 00:29:03 America/Sao_Paulo] PHP Warning:  Undefined array key "c_sidebar" in C:\xampp\htdocs\marcial_1_0\partials\_sidebar.php on line 272
[27-Apr-2026 00:29:03 America/Sao_Paulo] PHP Warning:  Undefined array key "c_sidebar" in C:\xampp\htdocs\marcial_1_0\partials\_sidebar.php on line 273
[27-Apr-2026 00:29:03 America/Sao_Paulo] PHP Warning:  Undefined array key "c_sidebar" in C:\xampp\htdocs\marcial_1_0\partials\_sidebar.php on line 285
[27-Apr-2026 00:29:03 America/Sao_Paulo] PHP Warning:  Undefined array key "c_sidebar" in C:\xampp\htdocs\marcial_1_0\partials\_sidebar.php on line 285
[27-Apr-2026 00:29:03 America/Sao_Paulo] PHP Warning:  Undefined array key "c_sidebar" in C:\xampp\htdocs\marcial_1_0\partials\_sidebar.php on line 286
[27-Apr-2026 00:29:08 America/Sao_Paulo] PHP Warning:  Undefined array key "c_sidebar" in C:\xampp\htdocs\marcial_1_0\partials\_sidebar.php on line 135
[27-Apr-2026 00:29:08 America/Sao_Paulo] PHP Warning:  Undefined array key "c_sidebar" in C:\xampp\htdocs\marcial_1_0\partials\_sidebar.php on line 206
[27-Apr-2026 00:29:08 America/Sao_Paulo] PHP Warning:  Undefined array key "c_sidebar" in C:\xampp\htdocs\marcial_1_0\partials\_sidebar.php on line 207
[27-Apr-2026 00:29:08 America/Sao_Paulo] PHP Warning:  Undefined array key "c_sidebar" in C:\xampp\htdocs\marcial_1_0\partials\_sidebar.php on line 208
[27-Apr-2026 00:29:08 America/Sao_Paulo] PHP Warning:  Undefined array key "c_sidebar" in C:\xampp\htdocs\marcial_1_0\partials\_sidebar.php on line 214
[27-Apr-2026 00:29:08 America/Sao_Paulo] PHP Warning:  Undefined array key "c_sidebar" in C:\xampp\htdocs\marcial_1_0\partials\_sidebar.php on line 215
[27-Apr-2026 00:29:08 America/Sao_Paulo] PHP Warning:  Undefined array key "c_sidebar" in C:\xampp\htdocs\marcial_1_0\partials\_sidebar.php on line 216
[27-Apr-2026 00:29:08 America/Sao_Paulo] PHP Warning:  Undefined array key "c_sidebar" in C:\xampp\htdocs\marcial_1_0\partials\_sidebar.php on line 219
[27-Apr-2026 00:29:08 America/Sao_Paulo] PHP Warning:  Undefined array key "c_sidebar" in C:\xampp\htdocs\marcial_1_0\partials\_sidebar.php on line 220
[27-Apr-2026 00:29:08 America/Sao_Paulo] PHP Warning:  Undefined array key "c_sidebar" in C:\xampp\htdocs\marcial_1_0\partials\_sidebar.php on line 221
[27-Apr-2026 00:29:08 America/Sao_Paulo] PHP Warning:  Undefined array key "c_sidebar" in C:\xampp\htdocs\marcial_1_0\partials\_sidebar.php on line 234
[27-Apr-2026 00:29:08 America/Sao_Paulo] PHP Warning:  Undefined array key "c_sidebar" in C:\xampp\htdocs\marcial_1_0\partials\_sidebar.php on line 235
[27-Apr-2026 00:29:08 America/Sao_Paulo] PHP Warning:  Undefined array key "c_sidebar" in C:\xampp\htdocs\marcial_1_0\partials\_sidebar.php on line 236
[27-Apr-2026 00:29:08 America/Sao_Paulo] PHP Warning:  Undefined array key "c_sidebar" in C:\xampp\htdocs\marcial_1_0\partials\_sidebar.php on line 245
[27-Apr-2026 00:29:08 America/Sao_Paulo] PHP Warning:  Undefined array key "c_sidebar" in C:\xampp\htdocs\marcial_1_0\partials\_sidebar.php on line 259
[27-Apr-2026 00:29:08 America/Sao_Paulo] PHP Warning:  Undefined array key "c_sidebar" in C:\xampp\htdocs\marcial_1_0\partials\_sidebar.php on line 260
[27-Apr-2026 00:29:08 America/Sao_Paulo] PHP Warning:  Undefined array key "c_sidebar" in C:\xampp\htdocs\marcial_1_0\partials\_sidebar.php on line 261
[27-Apr-2026 00:29:08 America/Sao_Paulo] PHP Warning:  Undefined array key "c_sidebar" in C:\xampp\htdocs\marcial_1_0\partials\_sidebar.php on line 266
[27-Apr-2026 00:29:08 America/Sao_Paulo] PHP Warning:  Undefined array key "c_sidebar" in C:\xampp\htdocs\marcial_1_0\partials\_sidebar.php on line 271
[27-Apr-2026 00:29:08 America/Sao_Paulo] PHP Warning:  Undefined array key "c_sidebar" in C:\xampp\htdocs\marcial_1_0\partials\_sidebar.php on line 272
[27-Apr-2026 00:29:08 America/Sao_Paulo] PHP Warning:  Undefined array key "c_sidebar" in C:\xampp\htdocs\marcial_1_0\partials\_sidebar.php on line 273
[27-Apr-2026 00:29:08 America/Sao_Paulo] PHP Warning:  Undefined array key "c_sidebar" in C:\xampp\htdocs\marcial_1_0\partials\_sidebar.php on line 285
[27-Apr-2026 00:29:08 America/Sao_Paulo] PHP Warning:  Undefined array key "c_sidebar" in C:\xampp\htdocs\marcial_1_0\partials\_sidebar.php on line 285
[27-Apr-2026 00:29:08 America/Sao_Paulo] PHP Warning:  Undefined array key "c_sidebar" in C:\xampp\htdocs\marcial_1_0\partials\_sidebar.php on line 286
[27-Apr-2026 00:29:12 America/Sao_Paulo] PHP Warning:  Undefined array key "c_sidebar" in C:\xampp\htdocs\marcial_1_0\partials\_sidebar.php on line 135
[27-Apr-2026 00:29:12 America/Sao_Paulo] PHP Warning:  Undefined array key "c_sidebar" in C:\xampp\htdocs\marcial_1_0\partials\_sidebar.php on line 206
[27-Apr-2026 00:29:12 America/Sao_Paulo] PHP Warning:  Undefined array key "c_sidebar" in C:\xampp\htdocs\marcial_1_0\partials\_sidebar.php on line 207
[27-Apr-2026 00:29:12 America/Sao_Paulo] PHP Warning:  Undefined array key "c_sidebar" in C:\xampp\htdocs\marcial_1_0\partials\_sidebar.php on line 208
[27-Apr-2026 00:29:12 America/Sao_Paulo] PHP Warning:  Undefined array key "c_sidebar" in C:\xampp\htdocs\marcial_1_0\partials\_sidebar.php on line 214
[27-Apr-2026 00:29:12 America/Sao_Paulo] PHP Warning:  Undefined array key "c_sidebar" in C:\xampp\htdocs\marcial_1_0\partials\_sidebar.php on line 215
[27-Apr-2026 00:29:12 America/Sao_Paulo] PHP Warning:  Undefined array key "c_sidebar" in C:\xampp\htdocs\marcial_1_0\partials\_sidebar.php on line 216
[27-Apr-2026 00:29:12 America/Sao_Paulo] PHP Warning:  Undefined array key "c_sidebar" in C:\xampp\htdocs\marcial_1_0\partials\_sidebar.php on line 219
[27-Apr-2026 00:29:12 America/Sao_Paulo] PHP Warning:  Undefined array key "c_sidebar" in C:\xampp\htdocs\marcial_1_0\partials\_sidebar.php on line 220
[27-Apr-2026 00:29:12 America/Sao_Paulo] PHP Warning:  Undefined array key "c_sidebar" in C:\xampp\htdocs\marcial_1_0\partials\_sidebar.php on line 221
[27-Apr-2026 00:29:12 America/Sao_Paulo] PHP Warning:  Undefined array key "c_sidebar" in C:\xampp\htdocs\marcial_1_0\partials\_sidebar.php on line 234
[27-Apr-2026 00:29:12 America/Sao_Paulo] PHP Warning:  Undefined array key "c_sidebar" in C:\xampp\htdocs\marcial_1_0\partials\_sidebar.php on line 235
[27-Apr-2026 00:29:12 America/Sao_Paulo] PHP Warning:  Undefined array key "c_sidebar" in C:\xampp\htdocs\marcial_1_0\partials\_sidebar.php on line 236
[27-Apr-2026 00:29:12 America/Sao_Paulo] PHP Warning:  Undefined array key "c_sidebar" in C:\xampp\htdocs\marcial_1_0\partials\_sidebar.php on line 245
[27-Apr-2026 00:29:12 America/Sao_Paulo] PHP Warning:  Undefined array key "c_sidebar" in C:\xampp\htdocs\marcial_1_0\partials\_sidebar.php on line 259
[27-Apr-2026 00:29:12 America/Sao_Paulo] PHP Warning:  Undefined array key "c_sidebar" in C:\xampp\htdocs\marcial_1_0\partials\_sidebar.php on line 260
[27-Apr-2026 00:29:12 America/Sao_Paulo] PHP Warning:  Undefined array key "c_sidebar" in C:\xampp\htdocs\marcial_1_0\partials\_sidebar.php on line 261
[27-Apr-2026 00:29:12 America/Sao_Paulo] PHP Warning:  Undefined array key "c_sidebar" in C:\xampp\htdocs\marcial_1_0\partials\_sidebar.php on line 266
[27-Apr-2026 00:29:12 America/Sao_Paulo] PHP Warning:  Undefined array key "c_sidebar" in C:\xampp\htdocs\marcial_1_0\partials\_sidebar.php on line 271
[27-Apr-2026 00:29:12 America/Sao_Paulo] PHP Warning:  Undefined array key "c_sidebar" in C:\xampp\htdocs\marcial_1_0\partials\_sidebar.php on line 272
[27-Apr-2026 00:29:12 America/Sao_Paulo] PHP Warning:  Undefined array key "c_sidebar" in C:\xampp\htdocs\marcial_1_0\partials\_sidebar.php on line 273
[27-Apr-2026 00:29:12 America/Sao_Paulo] PHP Warning:  Undefined array key "c_sidebar" in C:\xampp\htdocs\marcial_1_0\partials\_sidebar.php on line 285
[27-Apr-2026 00:29:12 America/Sao_Paulo] PHP Warning:  Undefined array key "c_sidebar" in C:\xampp\htdocs\marcial_1_0\partials\_sidebar.php on line 285
[27-Apr-2026 00:29:12 America/Sao_Paulo] PHP Warning:  Undefined array key "c_sidebar" in C:\xampp\htdocs\marcial_1_0\partials\_sidebar.php on line 286
[27-Apr-2026 00:29:20 America/Sao_Paulo] PHP Warning:  Undefined array key "c_sidebar" in C:\xampp\htdocs\marcial_1_0\partials\_sidebar.php on line 135
[27-Apr-2026 00:29:20 America/Sao_Paulo] PHP Warning:  Undefined array key "c_sidebar" in C:\xampp\htdocs\marcial_1_0\partials\_sidebar.php on line 206
[27-Apr-2026 00:29:20 America/Sao_Paulo] PHP Warning:  Undefined array key "c_sidebar" in C:\xampp\htdocs\marcial_1_0\partials\_sidebar.php on line 207
[27-Apr-2026 00:29:20 America/Sao_Paulo] PHP Warning:  Undefined array key "c_sidebar" in C:\xampp\htdocs\marcial_1_0\partials\_sidebar.php on line 208
[27-Apr-2026 00:29:20 America/Sao_Paulo] PHP Warning:  Undefined array key "c_sidebar" in C:\xampp\htdocs\marcial_1_0\partials\_sidebar.php on line 214
[27-Apr-2026 00:29:20 America/Sao_Paulo] PHP Warning:  Undefined array key "c_sidebar" in C:\xampp\htdocs\marcial_1_0\partials\_sidebar.php on line 215
[27-Apr-2026 00:29:20 America/Sao_Paulo] PHP Warning:  Undefined array key "c_sidebar" in C:\xampp\htdocs\marcial_1_0\partials\_sidebar.php on line 216
[27-Apr-2026 00:29:20 America/Sao_Paulo] PHP Warning:  Undefined array key "c_sidebar" in C:\xampp\htdocs\marcial_1_0\partials\_sidebar.php on line 219
[27-Apr-2026 00:29:20 America/Sao_Paulo] PHP Warning:  Undefined array key "c_sidebar" in C:\xampp\htdocs\marcial_1_0\partials\_sidebar.php on line 220
[27-Apr-2026 00:29:20 America/Sao_Paulo] PHP Warning:  Undefined array key "c_sidebar" in C:\xampp\htdocs\marcial_1_0\partials\_sidebar.php on line 221
[27-Apr-2026 00:29:20 America/Sao_Paulo] PHP Warning:  Undefined array key "c_sidebar" in C:\xampp\htdocs\marcial_1_0\partials\_sidebar.php on line 234
[27-Apr-2026 00:29:20 America/Sao_Paulo] PHP Warning:  Undefined array key "c_sidebar" in C:\xampp\htdocs\marcial_1_0\partials\_sidebar.php on line 235
[27-Apr-2026 00:29:20 America/Sao_Paulo] PHP Warning:  Undefined array key "c_sidebar" in C:\xampp\htdocs\marcial_1_0\partials\_sidebar.php on line 236
[27-Apr-2026 00:29:20 America/Sao_Paulo] PHP Warning:  Undefined array key "c_sidebar" in C:\xampp\htdocs\marcial_1_0\partials\_sidebar.php on line 245
[27-Apr-2026 00:29:20 America/Sao_Paulo] PHP Warning:  Undefined array key "c_sidebar" in C:\xampp\htdocs\marcial_1_0\partials\_sidebar.php on line 259
[27-Apr-2026 00:29:20 America/Sao_Paulo] PHP Warning:  Undefined array key "c_sidebar" in C:\xampp\htdocs\marcial_1_0\partials\_sidebar.php on line 260
[27-Apr-2026 00:29:20 America/Sao_Paulo] PHP Warning:  Undefined array key "c_sidebar" in C:\xampp\htdocs\marcial_1_0\partials\_sidebar.php on line 261
[27-Apr-2026 00:29:20 America/Sao_Paulo] PHP Warning:  Undefined array key "c_sidebar" in C:\xampp\htdocs\marcial_1_0\partials\_sidebar.php on line 266
[27-Apr-2026 00:29:20 America/Sao_Paulo] PHP Warning:  Undefined array key "c_sidebar" in C:\xampp\htdocs\marcial_1_0\partials\_sidebar.php on line 271
[27-Apr-2026 00:29:20 America/Sao_Paulo] PHP Warning:  Undefined array key "c_sidebar" in C:\xampp\htdocs\marcial_1_0\partials\_sidebar.php on line 272
[27-Apr-2026 00:29:20 America/Sao_Paulo] PHP Warning:  Undefined array key "c_sidebar" in C:\xampp\htdocs\marcial_1_0\partials\_sidebar.php on line 273
[27-Apr-2026 00:29:20 America/Sao_Paulo] PHP Warning:  Undefined array key "c_sidebar" in C:\xampp\htdocs\marcial_1_0\partials\_sidebar.php on line 285
[27-Apr-2026 00:29:20 America/Sao_Paulo] PHP Warning:  Undefined array key "c_sidebar" in C:\xampp\htdocs\marcial_1_0\partials\_sidebar.php on line 285
[27-Apr-2026 00:29:20 America/Sao_Paulo] PHP Warning:  Undefined array key "c_sidebar" in C:\xampp\htdocs\marcial_1_0\partials\_sidebar.php on line 286
[27-Apr-2026 00:29:27 America/Sao_Paulo] PHP Warning:  Undefined array key "c_sidebar" in C:\xampp\htdocs\marcial_1_0\partials\_sidebar.php on line 135
[27-Apr-2026 00:29:27 America/Sao_Paulo] PHP Warning:  Undefined array key "c_sidebar" in C:\xampp\htdocs\marcial_1_0\partials\_sidebar.php on line 206
[27-Apr-2026 00:29:27 America/Sao_Paulo] PHP Warning:  Undefined array key "c_sidebar" in C:\xampp\htdocs\marcial_1_0\partials\_sidebar.php on line 207
[27-Apr-2026 00:29:27 America/Sao_Paulo] PHP Warning:  Undefined array key "c_sidebar" in C:\xampp\htdocs\marcial_1_0\partials\_sidebar.php on line 208
[27-Apr-2026 00:29:27 America/Sao_Paulo] PHP Warning:  Undefined array key "c_sidebar" in C:\xampp\htdocs\marcial_1_0\partials\_sidebar.php on line 214
[27-Apr-2026 00:29:27 America/Sao_Paulo] PHP Warning:  Undefined array key "c_sidebar" in C:\xampp\htdocs\marcial_1_0\partials\_sidebar.php on line 215
[27-Apr-2026 00:29:27 America/Sao_Paulo] PHP Warning:  Undefined array key "c_sidebar" in C:\xampp\htdocs\marcial_1_0\partials\_sidebar.php on line 216
[27-Apr-2026 00:29:27 America/Sao_Paulo] PHP Warning:  Undefined array key "c_sidebar" in C:\xampp\htdocs\marcial_1_0\partials\_sidebar.php on line 219
[27-Apr-2026 00:29:27 America/Sao_Paulo] PHP Warning:  Undefined array key "c_sidebar" in C:\xampp\htdocs\marcial_1_0\partials\_sidebar.php on line 220
[27-Apr-2026 00:29:27 America/Sao_Paulo] PHP Warning:  Undefined array key "c_sidebar" in C:\xampp\htdocs\marcial_1_0\partials\_sidebar.php on line 221
[27-Apr-2026 00:29:27 America/Sao_Paulo] PHP Warning:  Undefined array key "c_sidebar" in C:\xampp\htdocs\marcial_1_0\partials\_sidebar.php on line 234
[27-Apr-2026 00:29:27 America/Sao_Paulo] PHP Warning:  Undefined array key "c_sidebar" in C:\xampp\htdocs\marcial_1_0\partials\_sidebar.php on line 235
[27-Apr-2026 00:29:27 America/Sao_Paulo] PHP Warning:  Undefined array key "c_sidebar" in C:\xampp\htdocs\marcial_1_0\partials\_sidebar.php on line 236
[27-Apr-2026 00:29:27 America/Sao_Paulo] PHP Warning:  Undefined array key "c_sidebar" in C:\xampp\htdocs\marcial_1_0\partials\_sidebar.php on line 245
[27-Apr-2026 00:29:27 America/Sao_Paulo] PHP Warning:  Undefined array key "c_sidebar" in C:\xampp\htdocs\marcial_1_0\partials\_sidebar.php on line 259
[27-Apr-2026 00:29:27 America/Sao_Paulo] PHP Warning:  Undefined array key "c_sidebar" in C:\xampp\htdocs\marcial_1_0\partials\_sidebar.php on line 260
[27-Apr-2026 00:29:27 America/Sao_Paulo] PHP Warning:  Undefined array key "c_sidebar" in C:\xampp\htdocs\marcial_1_0\partials\_sidebar.php on line 261
[27-Apr-2026 00:29:27 America/Sao_Paulo] PHP Warning:  Undefined array key "c_sidebar" in C:\xampp\htdocs\marcial_1_0\partials\_sidebar.php on line 266
[27-Apr-2026 00:29:27 America/Sao_Paulo] PHP Warning:  Undefined array key "c_sidebar" in C:\xampp\htdocs\marcial_1_0\partials\_sidebar.php on line 271
[27-Apr-2026 00:29:27 America/Sao_Paulo] PHP Warning:  Undefined array key "c_sidebar" in C:\xampp\htdocs\marcial_1_0\partials\_sidebar.php on line 272
[27-Apr-2026 00:29:27 America/Sao_Paulo] PHP Warning:  Undefined array key "c_sidebar" in C:\xampp\htdocs\marcial_1_0\partials\_sidebar.php on line 273
[27-Apr-2026 00:29:27 America/Sao_Paulo] PHP Warning:  Undefined array key "c_sidebar" in C:\xampp\htdocs\marcial_1_0\partials\_sidebar.php on line 285
[27-Apr-2026 00:29:27 America/Sao_Paulo] PHP Warning:  Undefined array key "c_sidebar" in C:\xampp\htdocs\marcial_1_0\partials\_sidebar.php on line 285
[27-Apr-2026 00:29:27 America/Sao_Paulo] PHP Warning:  Undefined array key "c_sidebar" in C:\xampp\htdocs\marcial_1_0\partials\_sidebar.php on line 286
[27-Apr-2026 00:30:13 America/Sao_Paulo] PHP Warning:  Undefined array key "c_sidebar" in C:\xampp\htdocs\marcial_1_0\partials\_sidebar.php on line 135
[27-Apr-2026 00:30:13 America/Sao_Paulo] PHP Warning:  Undefined array key "c_sidebar" in C:\xampp\htdocs\marcial_1_0\partials\_sidebar.php on line 206
[27-Apr-2026 00:30:13 America/Sao_Paulo] PHP Warning:  Undefined array key "c_sidebar" in C:\xampp\htdocs\marcial_1_0\partials\_sidebar.php on line 207
[27-Apr-2026 00:30:13 America/Sao_Paulo] PHP Warning:  Undefined array key "c_sidebar" in C:\xampp\htdocs\marcial_1_0\partials\_sidebar.php on line 208
[27-Apr-2026 00:30:13 America/Sao_Paulo] PHP Warning:  Undefined array key "c_sidebar" in C:\xampp\htdocs\marcial_1_0\partials\_sidebar.php on line 214
[27-Apr-2026 00:30:13 America/Sao_Paulo] PHP Warning:  Undefined array key "c_sidebar" in C:\xampp\htdocs\marcial_1_0\partials\_sidebar.php on line 215
[27-Apr-2026 00:30:13 America/Sao_Paulo] PHP Warning:  Undefined array key "c_sidebar" in C:\xampp\htdocs\marcial_1_0\partials\_sidebar.php on line 216
[27-Apr-2026 00:30:13 America/Sao_Paulo] PHP Warning:  Undefined array key "c_sidebar" in C:\xampp\htdocs\marcial_1_0\partials\_sidebar.php on line 219
[27-Apr-2026 00:30:13 America/Sao_Paulo] PHP Warning:  Undefined array key "c_sidebar" in C:\xampp\htdocs\marcial_1_0\partials\_sidebar.php on line 220
[27-Apr-2026 00:30:13 America/Sao_Paulo] PHP Warning:  Undefined array key "c_sidebar" in C:\xampp\htdocs\marcial_1_0\partials\_sidebar.php on line 221
[27-Apr-2026 00:30:13 America/Sao_Paulo] PHP Warning:  Undefined array key "c_sidebar" in C:\xampp\htdocs\marcial_1_0\partials\_sidebar.php on line 234
[27-Apr-2026 00:30:13 America/Sao_Paulo] PHP Warning:  Undefined array key "c_sidebar" in C:\xampp\htdocs\marcial_1_0\partials\_sidebar.php on line 235
[27-Apr-2026 00:30:13 America/Sao_Paulo] PHP Warning:  Undefined array key "c_sidebar" in C:\xampp\htdocs\marcial_1_0\partials\_sidebar.php on line 236
[27-Apr-2026 00:30:13 America/Sao_Paulo] PHP Warning:  Undefined array key "c_sidebar" in C:\xampp\htdocs\marcial_1_0\partials\_sidebar.php on line 245
[27-Apr-2026 00:30:13 America/Sao_Paulo] PHP Warning:  Undefined array key "c_sidebar" in C:\xampp\htdocs\marcial_1_0\partials\_sidebar.php on line 259
[27-Apr-2026 00:30:13 America/Sao_Paulo] PHP Warning:  Undefined array key "c_sidebar" in C:\xampp\htdocs\marcial_1_0\partials\_sidebar.php on line 260
[27-Apr-2026 00:30:13 America/Sao_Paulo] PHP Warning:  Undefined array key "c_sidebar" in C:\xampp\htdocs\marcial_1_0\partials\_sidebar.php on line 261
[27-Apr-2026 00:30:13 America/Sao_Paulo] PHP Warning:  Undefined array key "c_sidebar" in C:\xampp\htdocs\marcial_1_0\partials\_sidebar.php on line 266
[27-Apr-2026 00:30:13 America/Sao_Paulo] PHP Warning:  Undefined array key "c_sidebar" in C:\xampp\htdocs\marcial_1_0\partials\_sidebar.php on line 271
[27-Apr-2026 00:30:13 America/Sao_Paulo] PHP Warning:  Undefined array key "c_sidebar" in C:\xampp\htdocs\marcial_1_0\partials\_sidebar.php on line 272
[27-Apr-2026 00:30:13 America/Sao_Paulo] PHP Warning:  Undefined array key "c_sidebar" in C:\xampp\htdocs\marcial_1_0\partials\_sidebar.php on line 273
[27-Apr-2026 00:30:13 America/Sao_Paulo] PHP Warning:  Undefined array key "c_sidebar" in C:\xampp\htdocs\marcial_1_0\partials\_sidebar.php on line 285
[27-Apr-2026 00:30:13 America/Sao_Paulo] PHP Warning:  Undefined array key "c_sidebar" in C:\xampp\htdocs\marcial_1_0\partials\_sidebar.php on line 285
[27-Apr-2026 00:30:13 America/Sao_Paulo] PHP Warning:  Undefined array key "c_sidebar" in C:\xampp\htdocs\marcial_1_0\partials\_sidebar.php on line 286
[26-Jul-2026 00:36:55 America/Sao_Paulo] PHP Warning:  Undefined array key "c_sidebar" in C:\xampp\htdocs\marcial_1_0\partials\_sidebar.php on line 135
[26-Jul-2026 00:36:55 America/Sao_Paulo] PHP Warning:  Undefined array key "c_sidebar" in C:\xampp\htdocs\marcial_1_0\partials\_sidebar.php on line 206
[26-Jul-2026 00:36:55 America/Sao_Paulo] PHP Warning:  Undefined array key "c_sidebar" in C:\xampp\htdocs\marcial_1_0\partials\_sidebar.php on line 207
[26-Jul-2026 00:36:55 America/Sao_Paulo] PHP Warning:  Undefined array key "c_sidebar" in C:\xampp\htdocs\marcial_1_0\partials\_sidebar.php on line 208
[26-Jul-2026 00:36:55 America/Sao_Paulo] PHP Warning:  Undefined array key "c_sidebar" in C:\xampp\htdocs\marcial_1_0\partials\_sidebar.php on line 214
[26-Jul-2026 00:36:55 America/Sao_Paulo] PHP Warning:  Undefined array key "c_sidebar" in C:\xampp\htdocs\marcial_1_0\partials\_sidebar.php on line 215
[26-Jul-2026 00:36:55 America/Sao_Paulo] PHP Warning:  Undefined array key "c_sidebar" in C:\xampp\htdocs\marcial_1_0\partials\_sidebar.php on line 216
[26-Jul-2026 00:36:55 America/Sao_Paulo] PHP Warning:  Undefined array key "c_sidebar" in C:\xampp\htdocs\marcial_1_0\partials\_sidebar.php on line 219
[26-Jul-2026 00:36:55 America/Sao_Paulo] PHP Warning:  Undefined array key "c_sidebar" in C:\xampp\htdocs\marcial_1_0\partials\_sidebar.php on line 220
[26-Jul-2026 00:36:55 America/Sao_Paulo] PHP Warning:  Undefined array key "c_sidebar" in C:\xampp\htdocs\marcial_1_0\partials\_sidebar.php on line 221
[26-Jul-2026 00:36:55 America/Sao_Paulo] PHP Warning:  Undefined array key "c_sidebar" in C:\xampp\htdocs\marcial_1_0\partials\_sidebar.php on line 234
[26-Jul-2026 00:36:55 America/Sao_Paulo] PHP Warning:  Undefined array key "c_sidebar" in C:\xampp\htdocs\marcial_1_0\partials\_sidebar.php on line 235
[26-Jul-2026 00:36:55 America/Sao_Paulo] PHP Warning:  Undefined array key "c_sidebar" in C:\xampp\htdocs\marcial_1_0\partials\_sidebar.php on line 236
[26-Jul-2026 00:36:55 America/Sao_Paulo] PHP Warning:  Undefined array key "c_sidebar" in C:\xampp\htdocs\marcial_1_0\partials\_sidebar.php on line 245
[26-Jul-2026 00:36:55 America/Sao_Paulo] PHP Warning:  Undefined array key "c_sidebar" in C:\xampp\htdocs\marcial_1_0\partials\_sidebar.php on line 259
[26-Jul-2026 00:36:55 America/Sao_Paulo] PHP Warning:  Undefined array key "c_sidebar" in C:\xampp\htdocs\marcial_1_0\partials\_sidebar.php on line 260
[26-Jul-2026 00:36:55 America/Sao_Paulo] PHP Warning:  Undefined array key "c_sidebar" in C:\xampp\htdocs\marcial_1_0\partials\_sidebar.php on line 261
[26-Jul-2026 00:36:55 America/Sao_Paulo] PHP Warning:  Undefined array key "c_sidebar" in C:\xampp\htdocs\marcial_1_0\partials\_sidebar.php on line 266
[26-Jul-2026 00:36:55 America/Sao_Paulo] PHP Warning:  Undefined array key "c_sidebar" in C:\xampp\htdocs\marcial_1_0\partials\_sidebar.php on line 271
[26-Jul-2026 00:36:55 America/Sao_Paulo] PHP Warning:  Undefined array key "c_sidebar" in C:\xampp\htdocs\marcial_1_0\partials\_sidebar.php on line 272
[26-Jul-2026 00:36:55 America/Sao_Paulo] PHP Warning:  Undefined array key "c_sidebar" in C:\xampp\htdocs\marcial_1_0\partials\_sidebar.php on line 273
[26-Jul-2026 00:36:55 America/Sao_Paulo] PHP Warning:  Undefined array key "c_sidebar" in C:\xampp\htdocs\marcial_1_0\partials\_sidebar.php on line 285
[26-Jul-2026 00:36:55 America/Sao_Paulo] PHP Warning:  Undefined array key "c_sidebar" in C:\xampp\htdocs\marcial_1_0\partials\_sidebar.php on line 285
[26-Jul-2026 00:36:55 America/Sao_Paulo] PHP Warning:  Undefined array key "c_sidebar" in C:\xampp\htdocs\marcial_1_0\partials\_sidebar.php on line 286
[26-Jul-2026 00:37:03 America/Sao_Paulo] PHP Warning:  Undefined array key "c_sidebar" in C:\xampp\htdocs\marcial_1_0\partials\_sidebar.php on line 135
[26-Jul-2026 00:37:03 America/Sao_Paulo] PHP Warning:  Undefined array key "c_sidebar" in C:\xampp\htdocs\marcial_1_0\partials\_sidebar.php on line 206
[26-Jul-2026 00:37:03 America/Sao_Paulo] PHP Warning:  Undefined array key "c_sidebar" in C:\xampp\htdocs\marcial_1_0\partials\_sidebar.php on line 207
[26-Jul-2026 00:37:03 America/Sao_Paulo] PHP Warning:  Undefined array key "c_sidebar" in C:\xampp\htdocs\marcial_1_0\partials\_sidebar.php on line 208
[26-Jul-2026 00:37:03 America/Sao_Paulo] PHP Warning:  Undefined array key "c_sidebar" in C:\xampp\htdocs\marcial_1_0\partials\_sidebar.php on line 214
[26-Jul-2026 00:37:03 America/Sao_Paulo] PHP Warning:  Undefined array key "c_sidebar" in C:\xampp\htdocs\marcial_1_0\partials\_sidebar.php on line 215
[26-Jul-2026 00:37:03 America/Sao_Paulo] PHP Warning:  Undefined array key "c_sidebar" in C:\xampp\htdocs\marcial_1_0\partials\_sidebar.php on line 216
[26-Jul-2026 00:37:03 America/Sao_Paulo] PHP Warning:  Undefined array key "c_sidebar" in C:\xampp\htdocs\marcial_1_0\partials\_sidebar.php on line 219
[26-Jul-2026 00:37:03 America/Sao_Paulo] PHP Warning:  Undefined array key "c_sidebar" in C:\xampp\htdocs\marcial_1_0\partials\_sidebar.php on line 220
[26-Jul-2026 00:37:03 America/Sao_Paulo] PHP Warning:  Undefined array key "c_sidebar" in C:\xampp\htdocs\marcial_1_0\partials\_sidebar.php on line 221
[26-Jul-2026 00:37:03 America/Sao_Paulo] PHP Warning:  Undefined array key "c_sidebar" in C:\xampp\htdocs\marcial_1_0\partials\_sidebar.php on line 234
[26-Jul-2026 00:37:03 America/Sao_Paulo] PHP Warning:  Undefined array key "c_sidebar" in C:\xampp\htdocs\marcial_1_0\partials\_sidebar.php on line 235
[26-Jul-2026 00:37:03 America/Sao_Paulo] PHP Warning:  Undefined array key "c_sidebar" in C:\xampp\htdocs\marcial_1_0\partials\_sidebar.php on line 236
[26-Jul-2026 00:37:03 America/Sao_Paulo] PHP Warning:  Undefined array key "c_sidebar" in C:\xampp\htdocs\marcial_1_0\partials\_sidebar.php on line 245
[26-Jul-2026 00:37:03 America/Sao_Paulo] PHP Warning:  Undefined array key "c_sidebar" in C:\xampp\htdocs\marcial_1_0\partials\_sidebar.php on line 259
[26-Jul-2026 00:37:03 America/Sao_Paulo] PHP Warning:  Undefined array key "c_sidebar" in C:\xampp\htdocs\marcial_1_0\partials\_sidebar.php on line 260
[26-Jul-2026 00:37:03 America/Sao_Paulo] PHP Warning:  Undefined array key "c_sidebar" in C:\xampp\htdocs\marcial_1_0\partials\_sidebar.php on line 261
[26-Jul-2026 00:37:03 America/Sao_Paulo] PHP Warning:  Undefined array key "c_sidebar" in C:\xampp\htdocs\marcial_1_0\partials\_sidebar.php on line 266
[26-Jul-2026 00:37:03 America/Sao_Paulo] PHP Warning:  Undefined array key "c_sidebar" in C:\xampp\htdocs\marcial_1_0\partials\_sidebar.php on line 271
[26-Jul-2026 00:37:03 America/Sao_Paulo] PHP Warning:  Undefined array key "c_sidebar" in C:\xampp\htdocs\marcial_1_0\partials\_sidebar.php on line 272
[26-Jul-2026 00:37:03 America/Sao_Paulo] PHP Warning:  Undefined array key "c_sidebar" in C:\xampp\htdocs\marcial_1_0\partials\_sidebar.php on line 273
[26-Jul-2026 00:37:03 America/Sao_Paulo] PHP Warning:  Undefined array key "c_sidebar" in C:\xampp\htdocs\marcial_1_0\partials\_sidebar.php on line 285
[26-Jul-2026 00:37:03 America/Sao_Paulo] PHP Warning:  Undefined array key "c_sidebar" in C:\xampp\htdocs\marcial_1_0\partials\_sidebar.php on line 285
[26-Jul-2026 00:37:03 America/Sao_Paulo] PHP Warning:  Undefined array key "c_sidebar" in C:\xampp\htdocs\marcial_1_0\partials\_sidebar.php on line 286
[26-Jul-2026 00:37:23 America/Sao_Paulo] PHP Warning:  Undefined array key "logo_empresa" in C:\xampp\htdocs\marcial_1_0\pages\md_rel_visita\relatorios_visita.php on line 31
[26-Jul-2026 00:37:23 America/Sao_Paulo] PHP Warning:  Undefined array key "c_sidebar" in C:\xampp\htdocs\marcial_1_0\partials\_sidebar.php on line 135
[26-Jul-2026 00:37:23 America/Sao_Paulo] PHP Warning:  Undefined array key "c_sidebar" in C:\xampp\htdocs\marcial_1_0\partials\_sidebar.php on line 206
[26-Jul-2026 00:37:23 America/Sao_Paulo] PHP Warning:  Undefined array key "c_sidebar" in C:\xampp\htdocs\marcial_1_0\partials\_sidebar.php on line 207
[26-Jul-2026 00:37:23 America/Sao_Paulo] PHP Warning:  Undefined array key "c_sidebar" in C:\xampp\htdocs\marcial_1_0\partials\_sidebar.php on line 208
[26-Jul-2026 00:37:23 America/Sao_Paulo] PHP Warning:  Undefined array key "c_sidebar" in C:\xampp\htdocs\marcial_1_0\partials\_sidebar.php on line 214
[26-Jul-2026 00:37:23 America/Sao_Paulo] PHP Warning:  Undefined array key "c_sidebar" in C:\xampp\htdocs\marcial_1_0\partials\_sidebar.php on line 215
[26-Jul-2026 00:37:23 America/Sao_Paulo] PHP Warning:  Undefined array key "c_sidebar" in C:\xampp\htdocs\marcial_1_0\partials\_sidebar.php on line 216
[26-Jul-2026 00:37:23 America/Sao_Paulo] PHP Warning:  Undefined array key "c_sidebar" in C:\xampp\htdocs\marcial_1_0\partials\_sidebar.php on line 219
[26-Jul-2026 00:37:23 America/Sao_Paulo] PHP Warning:  Undefined array key "c_sidebar" in C:\xampp\htdocs\marcial_1_0\partials\_sidebar.php on line 220
[26-Jul-2026 00:37:23 America/Sao_Paulo] PHP Warning:  Undefined array key "c_sidebar" in C:\xampp\htdocs\marcial_1_0\partials\_sidebar.php on line 221
[26-Jul-2026 00:37:23 America/Sao_Paulo] PHP Warning:  Undefined array key "c_sidebar" in C:\xampp\htdocs\marcial_1_0\partials\_sidebar.php on line 234
[26-Jul-2026 00:37:23 America/Sao_Paulo] PHP Warning:  Undefined array key "c_sidebar" in C:\xampp\htdocs\marcial_1_0\partials\_sidebar.php on line 235
[26-Jul-2026 00:37:23 America/Sao_Paulo] PHP Warning:  Undefined array key "c_sidebar" in C:\xampp\htdocs\marcial_1_0\partials\_sidebar.php on line 236
[26-Jul-2026 00:37:23 America/Sao_Paulo] PHP Warning:  Undefined array key "c_sidebar" in C:\xampp\htdocs\marcial_1_0\partials\_sidebar.php on line 245
[26-Jul-2026 00:37:23 America/Sao_Paulo] PHP Warning:  Undefined array key "c_sidebar" in C:\xampp\htdocs\marcial_1_0\partials\_sidebar.php on line 259
[26-Jul-2026 00:37:23 America/Sao_Paulo] PHP Warning:  Undefined array key "c_sidebar" in C:\xampp\htdocs\marcial_1_0\partials\_sidebar.php on line 260
[26-Jul-2026 00:37:23 America/Sao_Paulo] PHP Warning:  Undefined array key "c_sidebar" in C:\xampp\htdocs\marcial_1_0\partials\_sidebar.php on line 261
[26-Jul-2026 00:37:23 America/Sao_Paulo] PHP Warning:  Undefined array key "c_sidebar" in C:\xampp\htdocs\marcial_1_0\partials\_sidebar.php on line 266
[26-Jul-2026 00:37:23 America/Sao_Paulo] PHP Warning:  Undefined array key "c_sidebar" in C:\xampp\htdocs\marcial_1_0\partials\_sidebar.php on line 271
[26-Jul-2026 00:37:23 America/Sao_Paulo] PHP Warning:  Undefined array key "c_sidebar" in C:\xampp\htdocs\marcial_1_0\partials\_sidebar.php on line 272
[26-Jul-2026 00:37:23 America/Sao_Paulo] PHP Warning:  Undefined array key "c_sidebar" in C:\xampp\htdocs\marcial_1_0\partials\_sidebar.php on line 273
[26-Jul-2026 00:37:23 America/Sao_Paulo] PHP Warning:  Undefined array key "c_sidebar" in C:\xampp\htdocs\marcial_1_0\partials\_sidebar.php on line 285
[26-Jul-2026 00:37:23 America/Sao_Paulo] PHP Warning:  Undefined array key "c_sidebar" in C:\xampp\htdocs\marcial_1_0\partials\_sidebar.php on line 285
[26-Jul-2026 00:37:23 America/Sao_Paulo] PHP Warning:  Undefined array key "c_sidebar" in C:\xampp\htdocs\marcial_1_0\partials\_sidebar.php on line 286
[26-Jul-2026 00:57:12 America/Sao_Paulo] PHP Warning:  Undefined array key "c_sidebar" in C:\xampp\htdocs\ativisoft_1_0\marcial_1_0\partials\_sidebar.php on line 135
[26-Jul-2026 00:57:12 America/Sao_Paulo] PHP Warning:  Undefined array key "c_sidebar" in C:\xampp\htdocs\ativisoft_1_0\marcial_1_0\partials\_sidebar.php on line 206
[26-Jul-2026 00:57:12 America/Sao_Paulo] PHP Warning:  Undefined array key "c_sidebar" in C:\xampp\htdocs\ativisoft_1_0\marcial_1_0\partials\_sidebar.php on line 207
[26-Jul-2026 00:57:12 America/Sao_Paulo] PHP Warning:  Undefined array key "c_sidebar" in C:\xampp\htdocs\ativisoft_1_0\marcial_1_0\partials\_sidebar.php on line 208
[26-Jul-2026 00:57:12 America/Sao_Paulo] PHP Warning:  Undefined array key "c_sidebar" in C:\xampp\htdocs\ativisoft_1_0\marcial_1_0\partials\_sidebar.php on line 214
[26-Jul-2026 00:57:12 America/Sao_Paulo] PHP Warning:  Undefined array key "c_sidebar" in C:\xampp\htdocs\ativisoft_1_0\marcial_1_0\partials\_sidebar.php on line 215
[26-Jul-2026 00:57:12 America/Sao_Paulo] PHP Warning:  Undefined array key "c_sidebar" in C:\xampp\htdocs\ativisoft_1_0\marcial_1_0\partials\_sidebar.php on line 216
[26-Jul-2026 00:57:12 America/Sao_Paulo] PHP Warning:  Undefined array key "c_sidebar" in C:\xampp\htdocs\ativisoft_1_0\marcial_1_0\partials\_sidebar.php on line 219
[26-Jul-2026 00:57:12 America/Sao_Paulo] PHP Warning:  Undefined array key "c_sidebar" in C:\xampp\htdocs\ativisoft_1_0\marcial_1_0\partials\_sidebar.php on line 220
[26-Jul-2026 00:57:12 America/Sao_Paulo] PHP Warning:  Undefined array key "c_sidebar" in C:\xampp\htdocs\ativisoft_1_0\marcial_1_0\partials\_sidebar.php on line 221
[26-Jul-2026 00:57:12 America/Sao_Paulo] PHP Warning:  Undefined array key "c_sidebar" in C:\xampp\htdocs\ativisoft_1_0\marcial_1_0\partials\_sidebar.php on line 234
[26-Jul-2026 00:57:12 America/Sao_Paulo] PHP Warning:  Undefined array key "c_sidebar" in C:\xampp\htdocs\ativisoft_1_0\marcial_1_0\partials\_sidebar.php on line 235
[26-Jul-2026 00:57:12 America/Sao_Paulo] PHP Warning:  Undefined array key "c_sidebar" in C:\xampp\htdocs\ativisoft_1_0\marcial_1_0\partials\_sidebar.php on line 236
[26-Jul-2026 00:57:12 America/Sao_Paulo] PHP Warning:  Undefined array key "c_sidebar" in C:\xampp\htdocs\ativisoft_1_0\marcial_1_0\partials\_sidebar.php on line 245
[26-Jul-2026 00:57:12 America/Sao_Paulo] PHP Warning:  Undefined array key "c_sidebar" in C:\xampp\htdocs\ativisoft_1_0\marcial_1_0\partials\_sidebar.php on line 259
[26-Jul-2026 00:57:12 America/Sao_Paulo] PHP Warning:  Undefined array key "c_sidebar" in C:\xampp\htdocs\ativisoft_1_0\marcial_1_0\partials\_sidebar.php on line 260
[26-Jul-2026 00:57:12 America/Sao_Paulo] PHP Warning:  Undefined array key "c_sidebar" in C:\xampp\htdocs\ativisoft_1_0\marcial_1_0\partials\_sidebar.php on line 261
[26-Jul-2026 00:57:12 America/Sao_Paulo] PHP Warning:  Undefined array key "c_sidebar" in C:\xampp\htdocs\ativisoft_1_0\marcial_1_0\partials\_sidebar.php on line 266
[26-Jul-2026 00:57:12 America/Sao_Paulo] PHP Warning:  Undefined array key "c_sidebar" in C:\xampp\htdocs\ativisoft_1_0\marcial_1_0\partials\_sidebar.php on line 271
[26-Jul-2026 00:57:12 America/Sao_Paulo] PHP Warning:  Undefined array key "c_sidebar" in C:\xampp\htdocs\ativisoft_1_0\marcial_1_0\partials\_sidebar.php on line 272
[26-Jul-2026 00:57:12 America/Sao_Paulo] PHP Warning:  Undefined array key "c_sidebar" in C:\xampp\htdocs\ativisoft_1_0\marcial_1_0\partials\_sidebar.php on line 273
[26-Jul-2026 00:57:12 America/Sao_Paulo] PHP Warning:  Undefined array key "c_sidebar" in C:\xampp\htdocs\ativisoft_1_0\marcial_1_0\partials\_sidebar.php on line 285
[26-Jul-2026 00:57:12 America/Sao_Paulo] PHP Warning:  Undefined array key "c_sidebar" in C:\xampp\htdocs\ativisoft_1_0\marcial_1_0\partials\_sidebar.php on line 285
[26-Jul-2026 00:57:12 America/Sao_Paulo] PHP Warning:  Undefined array key "c_sidebar" in C:\xampp\htdocs\ativisoft_1_0\marcial_1_0\partials\_sidebar.php on line 286
[26-Jul-2026 00:59:03 America/Sao_Paulo] PHP Warning:  Undefined array key "c_sidebar" in C:\xampp\htdocs\ativisoft_1_0\marcial_1_0\partials\_sidebar.php on line 135
[26-Jul-2026 00:59:03 America/Sao_Paulo] PHP Warning:  Undefined array key "c_sidebar" in C:\xampp\htdocs\ativisoft_1_0\marcial_1_0\partials\_sidebar.php on line 206
[26-Jul-2026 00:59:03 America/Sao_Paulo] PHP Warning:  Undefined array key "c_sidebar" in C:\xampp\htdocs\ativisoft_1_0\marcial_1_0\partials\_sidebar.php on line 207
[26-Jul-2026 00:59:03 America/Sao_Paulo] PHP Warning:  Undefined array key "c_sidebar" in C:\xampp\htdocs\ativisoft_1_0\marcial_1_0\partials\_sidebar.php on line 208
[26-Jul-2026 00:59:03 America/Sao_Paulo] PHP Warning:  Undefined array key "c_sidebar" in C:\xampp\htdocs\ativisoft_1_0\marcial_1_0\partials\_sidebar.php on line 214
[26-Jul-2026 00:59:03 America/Sao_Paulo] PHP Warning:  Undefined array key "c_sidebar" in C:\xampp\htdocs\ativisoft_1_0\marcial_1_0\partials\_sidebar.php on line 215
[26-Jul-2026 00:59:03 America/Sao_Paulo] PHP Warning:  Undefined array key "c_sidebar" in C:\xampp\htdocs\ativisoft_1_0\marcial_1_0\partials\_sidebar.php on line 216
[26-Jul-2026 00:59:03 America/Sao_Paulo] PHP Warning:  Undefined array key "c_sidebar" in C:\xampp\htdocs\ativisoft_1_0\marcial_1_0\partials\_sidebar.php on line 219
[26-Jul-2026 00:59:03 America/Sao_Paulo] PHP Warning:  Undefined array key "c_sidebar" in C:\xampp\htdocs\ativisoft_1_0\marcial_1_0\partials\_sidebar.php on line 220
[26-Jul-2026 00:59:03 America/Sao_Paulo] PHP Warning:  Undefined array key "c_sidebar" in C:\xampp\htdocs\ativisoft_1_0\marcial_1_0\partials\_sidebar.php on line 221
[26-Jul-2026 00:59:03 America/Sao_Paulo] PHP Warning:  Undefined array key "c_sidebar" in C:\xampp\htdocs\ativisoft_1_0\marcial_1_0\partials\_sidebar.php on line 234
[26-Jul-2026 00:59:03 America/Sao_Paulo] PHP Warning:  Undefined array key "c_sidebar" in C:\xampp\htdocs\ativisoft_1_0\marcial_1_0\partials\_sidebar.php on line 235
[26-Jul-2026 00:59:03 America/Sao_Paulo] PHP Warning:  Undefined array key "c_sidebar" in C:\xampp\htdocs\ativisoft_1_0\marcial_1_0\partials\_sidebar.php on line 236
[26-Jul-2026 00:59:03 America/Sao_Paulo] PHP Warning:  Undefined array key "c_sidebar" in C:\xampp\htdocs\ativisoft_1_0\marcial_1_0\partials\_sidebar.php on line 245
[26-Jul-2026 00:59:03 America/Sao_Paulo] PHP Warning:  Undefined array key "c_sidebar" in C:\xampp\htdocs\ativisoft_1_0\marcial_1_0\partials\_sidebar.php on line 259
[26-Jul-2026 00:59:03 America/Sao_Paulo] PHP Warning:  Undefined array key "c_sidebar" in C:\xampp\htdocs\ativisoft_1_0\marcial_1_0\partials\_sidebar.php on line 260
[26-Jul-2026 00:59:03 America/Sao_Paulo] PHP Warning:  Undefined array key "c_sidebar" in C:\xampp\htdocs\ativisoft_1_0\marcial_1_0\partials\_sidebar.php on line 261
[26-Jul-2026 00:59:03 America/Sao_Paulo] PHP Warning:  Undefined array key "c_sidebar" in C:\xampp\htdocs\ativisoft_1_0\marcial_1_0\partials\_sidebar.php on line 266
[26-Jul-2026 00:59:03 America/Sao_Paulo] PHP Warning:  Undefined array key "c_sidebar" in C:\xampp\htdocs\ativisoft_1_0\marcial_1_0\partials\_sidebar.php on line 271
[26-Jul-2026 00:59:03 America/Sao_Paulo] PHP Warning:  Undefined array key "c_sidebar" in C:\xampp\htdocs\ativisoft_1_0\marcial_1_0\partials\_sidebar.php on line 272
[26-Jul-2026 00:59:03 America/Sao_Paulo] PHP Warning:  Undefined array key "c_sidebar" in C:\xampp\htdocs\ativisoft_1_0\marcial_1_0\partials\_sidebar.php on line 273
[26-Jul-2026 00:59:03 America/Sao_Paulo] PHP Warning:  Undefined array key "c_sidebar" in C:\xampp\htdocs\ativisoft_1_0\marcial_1_0\partials\_sidebar.php on line 285
[26-Jul-2026 00:59:03 America/Sao_Paulo] PHP Warning:  Undefined array key "c_sidebar" in C:\xampp\htdocs\ativisoft_1_0\marcial_1_0\partials\_sidebar.php on line 285
[26-Jul-2026 00:59:03 America/Sao_Paulo] PHP Warning:  Undefined array key "c_sidebar" in C:\xampp\htdocs\ativisoft_1_0\marcial_1_0\partials\_sidebar.php on line 286
[26-Jul-2026 00:59:05 America/Sao_Paulo] PHP Warning:  Undefined array key "c_sidebar" in C:\xampp\htdocs\ativisoft_1_0\marcial_1_0\partials\_sidebar.php on line 135
[26-Jul-2026 00:59:05 America/Sao_Paulo] PHP Warning:  Undefined array key "c_sidebar" in C:\xampp\htdocs\ativisoft_1_0\marcial_1_0\partials\_sidebar.php on line 206
[26-Jul-2026 00:59:05 America/Sao_Paulo] PHP Warning:  Undefined array key "c_sidebar" in C:\xampp\htdocs\ativisoft_1_0\marcial_1_0\partials\_sidebar.php on line 207
[26-Jul-2026 00:59:05 America/Sao_Paulo] PHP Warning:  Undefined array key "c_sidebar" in C:\xampp\htdocs\ativisoft_1_0\marcial_1_0\partials\_sidebar.php on line 208
[26-Jul-2026 00:59:05 America/Sao_Paulo] PHP Warning:  Undefined array key "c_sidebar" in C:\xampp\htdocs\ativisoft_1_0\marcial_1_0\partials\_sidebar.php on line 214
[26-Jul-2026 00:59:05 America/Sao_Paulo] PHP Warning:  Undefined array key "c_sidebar" in C:\xampp\htdocs\ativisoft_1_0\marcial_1_0\partials\_sidebar.php on line 215
[26-Jul-2026 00:59:05 America/Sao_Paulo] PHP Warning:  Undefined array key "c_sidebar" in C:\xampp\htdocs\ativisoft_1_0\marcial_1_0\partials\_sidebar.php on line 216
[26-Jul-2026 00:59:05 America/Sao_Paulo] PHP Warning:  Undefined array key "c_sidebar" in C:\xampp\htdocs\ativisoft_1_0\marcial_1_0\partials\_sidebar.php on line 219
[26-Jul-2026 00:59:05 America/Sao_Paulo] PHP Warning:  Undefined array key "c_sidebar" in C:\xampp\htdocs\ativisoft_1_0\marcial_1_0\partials\_sidebar.php on line 220
[26-Jul-2026 00:59:05 America/Sao_Paulo] PHP Warning:  Undefined array key "c_sidebar" in C:\xampp\htdocs\ativisoft_1_0\marcial_1_0\partials\_sidebar.php on line 221
[26-Jul-2026 00:59:05 America/Sao_Paulo] PHP Warning:  Undefined array key "c_sidebar" in C:\xampp\htdocs\ativisoft_1_0\marcial_1_0\partials\_sidebar.php on line 234
[26-Jul-2026 00:59:05 America/Sao_Paulo] PHP Warning:  Undefined array key "c_sidebar" in C:\xampp\htdocs\ativisoft_1_0\marcial_1_0\partials\_sidebar.php on line 235
[26-Jul-2026 00:59:05 America/Sao_Paulo] PHP Warning:  Undefined array key "c_sidebar" in C:\xampp\htdocs\ativisoft_1_0\marcial_1_0\partials\_sidebar.php on line 236
[26-Jul-2026 00:59:05 America/Sao_Paulo] PHP Warning:  Undefined array key "c_sidebar" in C:\xampp\htdocs\ativisoft_1_0\marcial_1_0\partials\_sidebar.php on line 245
[26-Jul-2026 00:59:05 America/Sao_Paulo] PHP Warning:  Undefined array key "c_sidebar" in C:\xampp\htdocs\ativisoft_1_0\marcial_1_0\partials\_sidebar.php on line 259
[26-Jul-2026 00:59:05 America/Sao_Paulo] PHP Warning:  Undefined array key "c_sidebar" in C:\xampp\htdocs\ativisoft_1_0\marcial_1_0\partials\_sidebar.php on line 260
[26-Jul-2026 00:59:05 America/Sao_Paulo] PHP Warning:  Undefined array key "c_sidebar" in C:\xampp\htdocs\ativisoft_1_0\marcial_1_0\partials\_sidebar.php on line 261
[26-Jul-2026 00:59:05 America/Sao_Paulo] PHP Warning:  Undefined array key "c_sidebar" in C:\xampp\htdocs\ativisoft_1_0\marcial_1_0\partials\_sidebar.php on line 266
[26-Jul-2026 00:59:05 America/Sao_Paulo] PHP Warning:  Undefined array key "c_sidebar" in C:\xampp\htdocs\ativisoft_1_0\marcial_1_0\partials\_sidebar.php on line 271
[26-Jul-2026 00:59:05 America/Sao_Paulo] PHP Warning:  Undefined array key "c_sidebar" in C:\xampp\htdocs\ativisoft_1_0\marcial_1_0\partials\_sidebar.php on line 272
[26-Jul-2026 00:59:05 America/Sao_Paulo] PHP Warning:  Undefined array key "c_sidebar" in C:\xampp\htdocs\ativisoft_1_0\marcial_1_0\partials\_sidebar.php on line 273
[26-Jul-2026 00:59:05 America/Sao_Paulo] PHP Warning:  Undefined array key "c_sidebar" in C:\xampp\htdocs\ativisoft_1_0\marcial_1_0\partials\_sidebar.php on line 285
[26-Jul-2026 00:59:05 America/Sao_Paulo] PHP Warning:  Undefined array key "c_sidebar" in C:\xampp\htdocs\ativisoft_1_0\marcial_1_0\partials\_sidebar.php on line 285
[26-Jul-2026 00:59:05 America/Sao_Paulo] PHP Warning:  Undefined array key "c_sidebar" in C:\xampp\htdocs\ativisoft_1_0\marcial_1_0\partials\_sidebar.php on line 286
[26-Jul-2026 00:59:17 America/Sao_Paulo] PHP Warning:  Undefined array key "c_sidebar" in C:\xampp\htdocs\ativisoft_1_0\marcial_1_0\partials\_sidebar.php on line 135
[26-Jul-2026 00:59:17 America/Sao_Paulo] PHP Warning:  Undefined array key "c_sidebar" in C:\xampp\htdocs\ativisoft_1_0\marcial_1_0\partials\_sidebar.php on line 206
[26-Jul-2026 00:59:17 America/Sao_Paulo] PHP Warning:  Undefined array key "c_sidebar" in C:\xampp\htdocs\ativisoft_1_0\marcial_1_0\partials\_sidebar.php on line 207
[26-Jul-2026 00:59:17 America/Sao_Paulo] PHP Warning:  Undefined array key "c_sidebar" in C:\xampp\htdocs\ativisoft_1_0\marcial_1_0\partials\_sidebar.php on line 208
[26-Jul-2026 00:59:17 America/Sao_Paulo] PHP Warning:  Undefined array key "c_sidebar" in C:\xampp\htdocs\ativisoft_1_0\marcial_1_0\partials\_sidebar.php on line 214
[26-Jul-2026 00:59:17 America/Sao_Paulo] PHP Warning:  Undefined array key "c_sidebar" in C:\xampp\htdocs\ativisoft_1_0\marcial_1_0\partials\_sidebar.php on line 215
[26-Jul-2026 00:59:17 America/Sao_Paulo] PHP Warning:  Undefined array key "c_sidebar" in C:\xampp\htdocs\ativisoft_1_0\marcial_1_0\partials\_sidebar.php on line 216
[26-Jul-2026 00:59:17 America/Sao_Paulo] PHP Warning:  Undefined array key "c_sidebar" in C:\xampp\htdocs\ativisoft_1_0\marcial_1_0\partials\_sidebar.php on line 219
[26-Jul-2026 00:59:17 America/Sao_Paulo] PHP Warning:  Undefined array key "c_sidebar" in C:\xampp\htdocs\ativisoft_1_0\marcial_1_0\partials\_sidebar.php on line 220
[26-Jul-2026 00:59:17 America/Sao_Paulo] PHP Warning:  Undefined array key "c_sidebar" in C:\xampp\htdocs\ativisoft_1_0\marcial_1_0\partials\_sidebar.php on line 221
[26-Jul-2026 00:59:17 America/Sao_Paulo] PHP Warning:  Undefined array key "c_sidebar" in C:\xampp\htdocs\ativisoft_1_0\marcial_1_0\partials\_sidebar.php on line 234
[26-Jul-2026 00:59:17 America/Sao_Paulo] PHP Warning:  Undefined array key "c_sidebar" in C:\xampp\htdocs\ativisoft_1_0\marcial_1_0\partials\_sidebar.php on line 235
[26-Jul-2026 00:59:17 America/Sao_Paulo] PHP Warning:  Undefined array key "c_sidebar" in C:\xampp\htdocs\ativisoft_1_0\marcial_1_0\partials\_sidebar.php on line 236
[26-Jul-2026 00:59:17 America/Sao_Paulo] PHP Warning:  Undefined array key "c_sidebar" in C:\xampp\htdocs\ativisoft_1_0\marcial_1_0\partials\_sidebar.php on line 245
[26-Jul-2026 00:59:17 America/Sao_Paulo] PHP Warning:  Undefined array key "c_sidebar" in C:\xampp\htdocs\ativisoft_1_0\marcial_1_0\partials\_sidebar.php on line 259
[26-Jul-2026 00:59:17 America/Sao_Paulo] PHP Warning:  Undefined array key "c_sidebar" in C:\xampp\htdocs\ativisoft_1_0\marcial_1_0\partials\_sidebar.php on line 260
[26-Jul-2026 00:59:17 America/Sao_Paulo] PHP Warning:  Undefined array key "c_sidebar" in C:\xampp\htdocs\ativisoft_1_0\marcial_1_0\partials\_sidebar.php on line 261
[26-Jul-2026 00:59:17 America/Sao_Paulo] PHP Warning:  Undefined array key "c_sidebar" in C:\xampp\htdocs\ativisoft_1_0\marcial_1_0\partials\_sidebar.php on line 266
[26-Jul-2026 00:59:17 America/Sao_Paulo] PHP Warning:  Undefined array key "c_sidebar" in C:\xampp\htdocs\ativisoft_1_0\marcial_1_0\partials\_sidebar.php on line 271
[26-Jul-2026 00:59:17 America/Sao_Paulo] PHP Warning:  Undefined array key "c_sidebar" in C:\xampp\htdocs\ativisoft_1_0\marcial_1_0\partials\_sidebar.php on line 272
[26-Jul-2026 00:59:17 America/Sao_Paulo] PHP Warning:  Undefined array key "c_sidebar" in C:\xampp\htdocs\ativisoft_1_0\marcial_1_0\partials\_sidebar.php on line 273
[26-Jul-2026 00:59:17 America/Sao_Paulo] PHP Warning:  Undefined array key "c_sidebar" in C:\xampp\htdocs\ativisoft_1_0\marcial_1_0\partials\_sidebar.php on line 285
[26-Jul-2026 00:59:17 America/Sao_Paulo] PHP Warning:  Undefined array key "c_sidebar" in C:\xampp\htdocs\ativisoft_1_0\marcial_1_0\partials\_sidebar.php on line 285
[26-Jul-2026 00:59:17 America/Sao_Paulo] PHP Warning:  Undefined array key "c_sidebar" in C:\xampp\htdocs\ativisoft_1_0\marcial_1_0\partials\_sidebar.php on line 286
[26-Jul-2026 00:59:26 America/Sao_Paulo] PHP Warning:  Undefined array key "c_sidebar" in C:\xampp\htdocs\ativisoft_1_0\marcial_1_0\partials\_sidebar.php on line 135
[26-Jul-2026 00:59:26 America/Sao_Paulo] PHP Warning:  Undefined array key "c_sidebar" in C:\xampp\htdocs\ativisoft_1_0\marcial_1_0\partials\_sidebar.php on line 206
[26-Jul-2026 00:59:26 America/Sao_Paulo] PHP Warning:  Undefined array key "c_sidebar" in C:\xampp\htdocs\ativisoft_1_0\marcial_1_0\partials\_sidebar.php on line 207
[26-Jul-2026 00:59:26 America/Sao_Paulo] PHP Warning:  Undefined array key "c_sidebar" in C:\xampp\htdocs\ativisoft_1_0\marcial_1_0\partials\_sidebar.php on line 208
[26-Jul-2026 00:59:26 America/Sao_Paulo] PHP Warning:  Undefined array key "c_sidebar" in C:\xampp\htdocs\ativisoft_1_0\marcial_1_0\partials\_sidebar.php on line 214
[26-Jul-2026 00:59:26 America/Sao_Paulo] PHP Warning:  Undefined array key "c_sidebar" in C:\xampp\htdocs\ativisoft_1_0\marcial_1_0\partials\_sidebar.php on line 215
[26-Jul-2026 00:59:26 America/Sao_Paulo] PHP Warning:  Undefined array key "c_sidebar" in C:\xampp\htdocs\ativisoft_1_0\marcial_1_0\partials\_sidebar.php on line 216
[26-Jul-2026 00:59:26 America/Sao_Paulo] PHP Warning:  Undefined array key "c_sidebar" in C:\xampp\htdocs\ativisoft_1_0\marcial_1_0\partials\_sidebar.php on line 219
[26-Jul-2026 00:59:26 America/Sao_Paulo] PHP Warning:  Undefined array key "c_sidebar" in C:\xampp\htdocs\ativisoft_1_0\marcial_1_0\partials\_sidebar.php on line 220
[26-Jul-2026 00:59:26 America/Sao_Paulo] PHP Warning:  Undefined array key "c_sidebar" in C:\xampp\htdocs\ativisoft_1_0\marcial_1_0\partials\_sidebar.php on line 221
[26-Jul-2026 00:59:26 America/Sao_Paulo] PHP Warning:  Undefined array key "c_sidebar" in C:\xampp\htdocs\ativisoft_1_0\marcial_1_0\partials\_sidebar.php on line 234
[26-Jul-2026 00:59:26 America/Sao_Paulo] PHP Warning:  Undefined array key "c_sidebar" in C:\xampp\htdocs\ativisoft_1_0\marcial_1_0\partials\_sidebar.php on line 235
[26-Jul-2026 00:59:26 America/Sao_Paulo] PHP Warning:  Undefined array key "c_sidebar" in C:\xampp\htdocs\ativisoft_1_0\marcial_1_0\partials\_sidebar.php on line 236
[26-Jul-2026 00:59:26 America/Sao_Paulo] PHP Warning:  Undefined array key "c_sidebar" in C:\xampp\htdocs\ativisoft_1_0\marcial_1_0\partials\_sidebar.php on line 245
[26-Jul-2026 00:59:26 America/Sao_Paulo] PHP Warning:  Undefined array key "c_sidebar" in C:\xampp\htdocs\ativisoft_1_0\marcial_1_0\partials\_sidebar.php on line 259
[26-Jul-2026 00:59:26 America/Sao_Paulo] PHP Warning:  Undefined array key "c_sidebar" in C:\xampp\htdocs\ativisoft_1_0\marcial_1_0\partials\_sidebar.php on line 260
[26-Jul-2026 00:59:26 America/Sao_Paulo] PHP Warning:  Undefined array key "c_sidebar" in C:\xampp\htdocs\ativisoft_1_0\marcial_1_0\partials\_sidebar.php on line 261
[26-Jul-2026 00:59:26 America/Sao_Paulo] PHP Warning:  Undefined array key "c_sidebar" in C:\xampp\htdocs\ativisoft_1_0\marcial_1_0\partials\_sidebar.php on line 266
[26-Jul-2026 00:59:26 America/Sao_Paulo] PHP Warning:  Undefined array key "c_sidebar" in C:\xampp\htdocs\ativisoft_1_0\marcial_1_0\partials\_sidebar.php on line 271
[26-Jul-2026 00:59:26 America/Sao_Paulo] PHP Warning:  Undefined array key "c_sidebar" in C:\xampp\htdocs\ativisoft_1_0\marcial_1_0\partials\_sidebar.php on line 272
[26-Jul-2026 00:59:26 America/Sao_Paulo] PHP Warning:  Undefined array key "c_sidebar" in C:\xampp\htdocs\ativisoft_1_0\marcial_1_0\partials\_sidebar.php on line 273
[26-Jul-2026 00:59:26 America/Sao_Paulo] PHP Warning:  Undefined array key "c_sidebar" in C:\xampp\htdocs\ativisoft_1_0\marcial_1_0\partials\_sidebar.php on line 285
[26-Jul-2026 00:59:26 America/Sao_Paulo] PHP Warning:  Undefined array key "c_sidebar" in C:\xampp\htdocs\ativisoft_1_0\marcial_1_0\partials\_sidebar.php on line 285
[26-Jul-2026 00:59:26 America/Sao_Paulo] PHP Warning:  Undefined array key "c_sidebar" in C:\xampp\htdocs\ativisoft_1_0\marcial_1_0\partials\_sidebar.php on line 286
[26-Jul-2026 00:59:46 America/Sao_Paulo] PHP Warning:  Undefined array key "c_sidebar" in C:\xampp\htdocs\ativisoft_1_0\marcial_1_0\partials\_sidebar.php on line 135
[26-Jul-2026 00:59:46 America/Sao_Paulo] PHP Warning:  Undefined array key "c_sidebar" in C:\xampp\htdocs\ativisoft_1_0\marcial_1_0\partials\_sidebar.php on line 206
[26-Jul-2026 00:59:46 America/Sao_Paulo] PHP Warning:  Undefined array key "c_sidebar" in C:\xampp\htdocs\ativisoft_1_0\marcial_1_0\partials\_sidebar.php on line 207
[26-Jul-2026 00:59:46 America/Sao_Paulo] PHP Warning:  Undefined array key "c_sidebar" in C:\xampp\htdocs\ativisoft_1_0\marcial_1_0\partials\_sidebar.php on line 208
[26-Jul-2026 00:59:46 America/Sao_Paulo] PHP Warning:  Undefined array key "c_sidebar" in C:\xampp\htdocs\ativisoft_1_0\marcial_1_0\partials\_sidebar.php on line 214
[26-Jul-2026 00:59:46 America/Sao_Paulo] PHP Warning:  Undefined array key "c_sidebar" in C:\xampp\htdocs\ativisoft_1_0\marcial_1_0\partials\_sidebar.php on line 215
[26-Jul-2026 00:59:46 America/Sao_Paulo] PHP Warning:  Undefined array key "c_sidebar" in C:\xampp\htdocs\ativisoft_1_0\marcial_1_0\partials\_sidebar.php on line 216
[26-Jul-2026 00:59:46 America/Sao_Paulo] PHP Warning:  Undefined array key "c_sidebar" in C:\xampp\htdocs\ativisoft_1_0\marcial_1_0\partials\_sidebar.php on line 219
[26-Jul-2026 00:59:46 America/Sao_Paulo] PHP Warning:  Undefined array key "c_sidebar" in C:\xampp\htdocs\ativisoft_1_0\marcial_1_0\partials\_sidebar.php on line 220
[26-Jul-2026 00:59:46 America/Sao_Paulo] PHP Warning:  Undefined array key "c_sidebar" in C:\xampp\htdocs\ativisoft_1_0\marcial_1_0\partials\_sidebar.php on line 221
[26-Jul-2026 00:59:46 America/Sao_Paulo] PHP Warning:  Undefined array key "c_sidebar" in C:\xampp\htdocs\ativisoft_1_0\marcial_1_0\partials\_sidebar.php on line 234
[26-Jul-2026 00:59:46 America/Sao_Paulo] PHP Warning:  Undefined array key "c_sidebar" in C:\xampp\htdocs\ativisoft_1_0\marcial_1_0\partials\_sidebar.php on line 235
[26-Jul-2026 00:59:46 America/Sao_Paulo] PHP Warning:  Undefined array key "c_sidebar" in C:\xampp\htdocs\ativisoft_1_0\marcial_1_0\partials\_sidebar.php on line 236
[26-Jul-2026 00:59:46 America/Sao_Paulo] PHP Warning:  Undefined array key "c_sidebar" in C:\xampp\htdocs\ativisoft_1_0\marcial_1_0\partials\_sidebar.php on line 245
[26-Jul-2026 00:59:46 America/Sao_Paulo] PHP Warning:  Undefined array key "c_sidebar" in C:\xampp\htdocs\ativisoft_1_0\marcial_1_0\partials\_sidebar.php on line 259
[26-Jul-2026 00:59:46 America/Sao_Paulo] PHP Warning:  Undefined array key "c_sidebar" in C:\xampp\htdocs\ativisoft_1_0\marcial_1_0\partials\_sidebar.php on line 260
[26-Jul-2026 00:59:46 America/Sao_Paulo] PHP Warning:  Undefined array key "c_sidebar" in C:\xampp\htdocs\ativisoft_1_0\marcial_1_0\partials\_sidebar.php on line 261
[26-Jul-2026 00:59:46 America/Sao_Paulo] PHP Warning:  Undefined array key "c_sidebar" in C:\xampp\htdocs\ativisoft_1_0\marcial_1_0\partials\_sidebar.php on line 266
[26-Jul-2026 00:59:46 America/Sao_Paulo] PHP Warning:  Undefined array key "c_sidebar" in C:\xampp\htdocs\ativisoft_1_0\marcial_1_0\partials\_sidebar.php on line 271
[26-Jul-2026 00:59:46 America/Sao_Paulo] PHP Warning:  Undefined array key "c_sidebar" in C:\xampp\htdocs\ativisoft_1_0\marcial_1_0\partials\_sidebar.php on line 272
[26-Jul-2026 00:59:46 America/Sao_Paulo] PHP Warning:  Undefined array key "c_sidebar" in C:\xampp\htdocs\ativisoft_1_0\marcial_1_0\partials\_sidebar.php on line 273
[26-Jul-2026 00:59:46 America/Sao_Paulo] PHP Warning:  Undefined array key "c_sidebar" in C:\xampp\htdocs\ativisoft_1_0\marcial_1_0\partials\_sidebar.php on line 285
[26-Jul-2026 00:59:46 America/Sao_Paulo] PHP Warning:  Undefined array key "c_sidebar" in C:\xampp\htdocs\ativisoft_1_0\marcial_1_0\partials\_sidebar.php on line 285
[26-Jul-2026 00:59:46 America/Sao_Paulo] PHP Warning:  Undefined array key "c_sidebar" in C:\xampp\htdocs\ativisoft_1_0\marcial_1_0\partials\_sidebar.php on line 286
[26-Jul-2026 00:59:48 America/Sao_Paulo] PHP Warning:  Undefined array key "c_sidebar" in C:\xampp\htdocs\ativisoft_1_0\marcial_1_0\partials\_sidebar.php on line 135
[26-Jul-2026 00:59:48 America/Sao_Paulo] PHP Warning:  Undefined array key "c_sidebar" in C:\xampp\htdocs\ativisoft_1_0\marcial_1_0\partials\_sidebar.php on line 206
[26-Jul-2026 00:59:48 America/Sao_Paulo] PHP Warning:  Undefined array key "c_sidebar" in C:\xampp\htdocs\ativisoft_1_0\marcial_1_0\partials\_sidebar.php on line 207
[26-Jul-2026 00:59:48 America/Sao_Paulo] PHP Warning:  Undefined array key "c_sidebar" in C:\xampp\htdocs\ativisoft_1_0\marcial_1_0\partials\_sidebar.php on line 208
[26-Jul-2026 00:59:48 America/Sao_Paulo] PHP Warning:  Undefined array key "c_sidebar" in C:\xampp\htdocs\ativisoft_1_0\marcial_1_0\partials\_sidebar.php on line 214
[26-Jul-2026 00:59:48 America/Sao_Paulo] PHP Warning:  Undefined array key "c_sidebar" in C:\xampp\htdocs\ativisoft_1_0\marcial_1_0\partials\_sidebar.php on line 215
[26-Jul-2026 00:59:48 America/Sao_Paulo] PHP Warning:  Undefined array key "c_sidebar" in C:\xampp\htdocs\ativisoft_1_0\marcial_1_0\partials\_sidebar.php on line 216
[26-Jul-2026 00:59:48 America/Sao_Paulo] PHP Warning:  Undefined array key "c_sidebar" in C:\xampp\htdocs\ativisoft_1_0\marcial_1_0\partials\_sidebar.php on line 219
[26-Jul-2026 00:59:48 America/Sao_Paulo] PHP Warning:  Undefined array key "c_sidebar" in C:\xampp\htdocs\ativisoft_1_0\marcial_1_0\partials\_sidebar.php on line 220
[26-Jul-2026 00:59:48 America/Sao_Paulo] PHP Warning:  Undefined array key "c_sidebar" in C:\xampp\htdocs\ativisoft_1_0\marcial_1_0\partials\_sidebar.php on line 221
[26-Jul-2026 00:59:48 America/Sao_Paulo] PHP Warning:  Undefined array key "c_sidebar" in C:\xampp\htdocs\ativisoft_1_0\marcial_1_0\partials\_sidebar.php on line 234
[26-Jul-2026 00:59:48 America/Sao_Paulo] PHP Warning:  Undefined array key "c_sidebar" in C:\xampp\htdocs\ativisoft_1_0\marcial_1_0\partials\_sidebar.php on line 235
[26-Jul-2026 00:59:48 America/Sao_Paulo] PHP Warning:  Undefined array key "c_sidebar" in C:\xampp\htdocs\ativisoft_1_0\marcial_1_0\partials\_sidebar.php on line 236
[26-Jul-2026 00:59:48 America/Sao_Paulo] PHP Warning:  Undefined array key "c_sidebar" in C:\xampp\htdocs\ativisoft_1_0\marcial_1_0\partials\_sidebar.php on line 245
[26-Jul-2026 00:59:48 America/Sao_Paulo] PHP Warning:  Undefined array key "c_sidebar" in C:\xampp\htdocs\ativisoft_1_0\marcial_1_0\partials\_sidebar.php on line 259
[26-Jul-2026 00:59:48 America/Sao_Paulo] PHP Warning:  Undefined array key "c_sidebar" in C:\xampp\htdocs\ativisoft_1_0\marcial_1_0\partials\_sidebar.php on line 260
[26-Jul-2026 00:59:48 America/Sao_Paulo] PHP Warning:  Undefined array key "c_sidebar" in C:\xampp\htdocs\ativisoft_1_0\marcial_1_0\partials\_sidebar.php on line 261
[26-Jul-2026 00:59:48 America/Sao_Paulo] PHP Warning:  Undefined array key "c_sidebar" in C:\xampp\htdocs\ativisoft_1_0\marcial_1_0\partials\_sidebar.php on line 266
[26-Jul-2026 00:59:48 America/Sao_Paulo] PHP Warning:  Undefined array key "c_sidebar" in C:\xampp\htdocs\ativisoft_1_0\marcial_1_0\partials\_sidebar.php on line 271
[26-Jul-2026 00:59:48 America/Sao_Paulo] PHP Warning:  Undefined array key "c_sidebar" in C:\xampp\htdocs\ativisoft_1_0\marcial_1_0\partials\_sidebar.php on line 272
[26-Jul-2026 00:59:48 America/Sao_Paulo] PHP Warning:  Undefined array key "c_sidebar" in C:\xampp\htdocs\ativisoft_1_0\marcial_1_0\partials\_sidebar.php on line 273
[26-Jul-2026 00:59:48 America/Sao_Paulo] PHP Warning:  Undefined array key "c_sidebar" in C:\xampp\htdocs\ativisoft_1_0\marcial_1_0\partials\_sidebar.php on line 285
[26-Jul-2026 00:59:48 America/Sao_Paulo] PHP Warning:  Undefined array key "c_sidebar" in C:\xampp\htdocs\ativisoft_1_0\marcial_1_0\partials\_sidebar.php on line 285
[26-Jul-2026 00:59:48 America/Sao_Paulo] PHP Warning:  Undefined array key "c_sidebar" in C:\xampp\htdocs\ativisoft_1_0\marcial_1_0\partials\_sidebar.php on line 286
[26-Jul-2026 00:59:49 America/Sao_Paulo] PHP Warning:  Undefined array key "c_sidebar" in C:\xampp\htdocs\ativisoft_1_0\marcial_1_0\partials\_sidebar.php on line 135
[26-Jul-2026 00:59:49 America/Sao_Paulo] PHP Warning:  Undefined array key "c_sidebar" in C:\xampp\htdocs\ativisoft_1_0\marcial_1_0\partials\_sidebar.php on line 206
[26-Jul-2026 00:59:49 America/Sao_Paulo] PHP Warning:  Undefined array key "c_sidebar" in C:\xampp\htdocs\ativisoft_1_0\marcial_1_0\partials\_sidebar.php on line 207
[26-Jul-2026 00:59:49 America/Sao_Paulo] PHP Warning:  Undefined array key "c_sidebar" in C:\xampp\htdocs\ativisoft_1_0\marcial_1_0\partials\_sidebar.php on line 208
[26-Jul-2026 00:59:49 America/Sao_Paulo] PHP Warning:  Undefined array key "c_sidebar" in C:\xampp\htdocs\ativisoft_1_0\marcial_1_0\partials\_sidebar.php on line 214
[26-Jul-2026 00:59:49 America/Sao_Paulo] PHP Warning:  Undefined array key "c_sidebar" in C:\xampp\htdocs\ativisoft_1_0\marcial_1_0\partials\_sidebar.php on line 215
[26-Jul-2026 00:59:49 America/Sao_Paulo] PHP Warning:  Undefined array key "c_sidebar" in C:\xampp\htdocs\ativisoft_1_0\marcial_1_0\partials\_sidebar.php on line 216
[26-Jul-2026 00:59:49 America/Sao_Paulo] PHP Warning:  Undefined array key "c_sidebar" in C:\xampp\htdocs\ativisoft_1_0\marcial_1_0\partials\_sidebar.php on line 219
[26-Jul-2026 00:59:49 America/Sao_Paulo] PHP Warning:  Undefined array key "c_sidebar" in C:\xampp\htdocs\ativisoft_1_0\marcial_1_0\partials\_sidebar.php on line 220
[26-Jul-2026 00:59:49 America/Sao_Paulo] PHP Warning:  Undefined array key "c_sidebar" in C:\xampp\htdocs\ativisoft_1_0\marcial_1_0\partials\_sidebar.php on line 221
[26-Jul-2026 00:59:49 America/Sao_Paulo] PHP Warning:  Undefined array key "c_sidebar" in C:\xampp\htdocs\ativisoft_1_0\marcial_1_0\partials\_sidebar.php on line 234
[26-Jul-2026 00:59:49 America/Sao_Paulo] PHP Warning:  Undefined array key "c_sidebar" in C:\xampp\htdocs\ativisoft_1_0\marcial_1_0\partials\_sidebar.php on line 235
[26-Jul-2026 00:59:49 America/Sao_Paulo] PHP Warning:  Undefined array key "c_sidebar" in C:\xampp\htdocs\ativisoft_1_0\marcial_1_0\partials\_sidebar.php on line 236
[26-Jul-2026 00:59:49 America/Sao_Paulo] PHP Warning:  Undefined array key "c_sidebar" in C:\xampp\htdocs\ativisoft_1_0\marcial_1_0\partials\_sidebar.php on line 245
[26-Jul-2026 00:59:49 America/Sao_Paulo] PHP Warning:  Undefined array key "c_sidebar" in C:\xampp\htdocs\ativisoft_1_0\marcial_1_0\partials\_sidebar.php on line 259
[26-Jul-2026 00:59:49 America/Sao_Paulo] PHP Warning:  Undefined array key "c_sidebar" in C:\xampp\htdocs\ativisoft_1_0\marcial_1_0\partials\_sidebar.php on line 260
[26-Jul-2026 00:59:49 America/Sao_Paulo] PHP Warning:  Undefined array key "c_sidebar" in C:\xampp\htdocs\ativisoft_1_0\marcial_1_0\partials\_sidebar.php on line 261
[26-Jul-2026 00:59:49 America/Sao_Paulo] PHP Warning:  Undefined array key "c_sidebar" in C:\xampp\htdocs\ativisoft_1_0\marcial_1_0\partials\_sidebar.php on line 266
[26-Jul-2026 00:59:49 America/Sao_Paulo] PHP Warning:  Undefined array key "c_sidebar" in C:\xampp\htdocs\ativisoft_1_0\marcial_1_0\partials\_sidebar.php on line 271
[26-Jul-2026 00:59:49 America/Sao_Paulo] PHP Warning:  Undefined array key "c_sidebar" in C:\xampp\htdocs\ativisoft_1_0\marcial_1_0\partials\_sidebar.php on line 272
[26-Jul-2026 00:59:49 America/Sao_Paulo] PHP Warning:  Undefined array key "c_sidebar" in C:\xampp\htdocs\ativisoft_1_0\marcial_1_0\partials\_sidebar.php on line 273
[26-Jul-2026 00:59:49 America/Sao_Paulo] PHP Warning:  Undefined array key "c_sidebar" in C:\xampp\htdocs\ativisoft_1_0\marcial_1_0\partials\_sidebar.php on line 285
[26-Jul-2026 00:59:49 America/Sao_Paulo] PHP Warning:  Undefined array key "c_sidebar" in C:\xampp\htdocs\ativisoft_1_0\marcial_1_0\partials\_sidebar.php on line 285
[26-Jul-2026 00:59:49 America/Sao_Paulo] PHP Warning:  Undefined array key "c_sidebar" in C:\xampp\htdocs\ativisoft_1_0\marcial_1_0\partials\_sidebar.php on line 286
[26-Jul-2026 01:00:17 America/Sao_Paulo] PHP Warning:  Undefined array key "c_sidebar" in C:\xampp\htdocs\ativisoft_1_0\marcial_1_0\partials\_sidebar.php on line 135
[26-Jul-2026 01:00:17 America/Sao_Paulo] PHP Warning:  Undefined array key "c_sidebar" in C:\xampp\htdocs\ativisoft_1_0\marcial_1_0\partials\_sidebar.php on line 206
[26-Jul-2026 01:00:17 America/Sao_Paulo] PHP Warning:  Undefined array key "c_sidebar" in C:\xampp\htdocs\ativisoft_1_0\marcial_1_0\partials\_sidebar.php on line 207
[26-Jul-2026 01:00:17 America/Sao_Paulo] PHP Warning:  Undefined array key "c_sidebar" in C:\xampp\htdocs\ativisoft_1_0\marcial_1_0\partials\_sidebar.php on line 208
[26-Jul-2026 01:00:17 America/Sao_Paulo] PHP Warning:  Undefined array key "c_sidebar" in C:\xampp\htdocs\ativisoft_1_0\marcial_1_0\partials\_sidebar.php on line 214
[26-Jul-2026 01:00:17 America/Sao_Paulo] PHP Warning:  Undefined array key "c_sidebar" in C:\xampp\htdocs\ativisoft_1_0\marcial_1_0\partials\_sidebar.php on line 215
[26-Jul-2026 01:00:17 America/Sao_Paulo] PHP Warning:  Undefined array key "c_sidebar" in C:\xampp\htdocs\ativisoft_1_0\marcial_1_0\partials\_sidebar.php on line 216
[26-Jul-2026 01:00:17 America/Sao_Paulo] PHP Warning:  Undefined array key "c_sidebar" in C:\xampp\htdocs\ativisoft_1_0\marcial_1_0\partials\_sidebar.php on line 219
[26-Jul-2026 01:00:17 America/Sao_Paulo] PHP Warning:  Undefined array key "c_sidebar" in C:\xampp\htdocs\ativisoft_1_0\marcial_1_0\partials\_sidebar.php on line 220
[26-Jul-2026 01:00:17 America/Sao_Paulo] PHP Warning:  Undefined array key "c_sidebar" in C:\xampp\htdocs\ativisoft_1_0\marcial_1_0\partials\_sidebar.php on line 221
[26-Jul-2026 01:00:17 America/Sao_Paulo] PHP Warning:  Undefined array key "c_sidebar" in C:\xampp\htdocs\ativisoft_1_0\marcial_1_0\partials\_sidebar.php on line 234
[26-Jul-2026 01:00:17 America/Sao_Paulo] PHP Warning:  Undefined array key "c_sidebar" in C:\xampp\htdocs\ativisoft_1_0\marcial_1_0\partials\_sidebar.php on line 235
[26-Jul-2026 01:00:17 America/Sao_Paulo] PHP Warning:  Undefined array key "c_sidebar" in C:\xampp\htdocs\ativisoft_1_0\marcial_1_0\partials\_sidebar.php on line 236
[26-Jul-2026 01:00:17 America/Sao_Paulo] PHP Warning:  Undefined array key "c_sidebar" in C:\xampp\htdocs\ativisoft_1_0\marcial_1_0\partials\_sidebar.php on line 245
[26-Jul-2026 01:00:17 America/Sao_Paulo] PHP Warning:  Undefined array key "c_sidebar" in C:\xampp\htdocs\ativisoft_1_0\marcial_1_0\partials\_sidebar.php on line 259
[26-Jul-2026 01:00:17 America/Sao_Paulo] PHP Warning:  Undefined array key "c_sidebar" in C:\xampp\htdocs\ativisoft_1_0\marcial_1_0\partials\_sidebar.php on line 260
[26-Jul-2026 01:00:17 America/Sao_Paulo] PHP Warning:  Undefined array key "c_sidebar" in C:\xampp\htdocs\ativisoft_1_0\marcial_1_0\partials\_sidebar.php on line 261
[26-Jul-2026 01:00:17 America/Sao_Paulo] PHP Warning:  Undefined array key "c_sidebar" in C:\xampp\htdocs\ativisoft_1_0\marcial_1_0\partials\_sidebar.php on line 266
[26-Jul-2026 01:00:17 America/Sao_Paulo] PHP Warning:  Undefined array key "c_sidebar" in C:\xampp\htdocs\ativisoft_1_0\marcial_1_0\partials\_sidebar.php on line 271
[26-Jul-2026 01:00:17 America/Sao_Paulo] PHP Warning:  Undefined array key "c_sidebar" in C:\xampp\htdocs\ativisoft_1_0\marcial_1_0\partials\_sidebar.php on line 272
[26-Jul-2026 01:00:17 America/Sao_Paulo] PHP Warning:  Undefined array key "c_sidebar" in C:\xampp\htdocs\ativisoft_1_0\marcial_1_0\partials\_sidebar.php on line 273
[26-Jul-2026 01:00:17 America/Sao_Paulo] PHP Warning:  Undefined array key "c_sidebar" in C:\xampp\htdocs\ativisoft_1_0\marcial_1_0\partials\_sidebar.php on line 285
[26-Jul-2026 01:00:17 America/Sao_Paulo] PHP Warning:  Undefined array key "c_sidebar" in C:\xampp\htdocs\ativisoft_1_0\marcial_1_0\partials\_sidebar.php on line 285
[26-Jul-2026 01:00:17 America/Sao_Paulo] PHP Warning:  Undefined array key "c_sidebar" in C:\xampp\htdocs\ativisoft_1_0\marcial_1_0\partials\_sidebar.php on line 286
[26-Jul-2026 01:00:56 America/Sao_Paulo] PHP Warning:  Undefined array key "c_sidebar" in C:\xampp\htdocs\ativisoft_1_0\marcial_1_0\partials\_sidebar.php on line 135
[26-Jul-2026 01:00:56 America/Sao_Paulo] PHP Warning:  Undefined array key "c_sidebar" in C:\xampp\htdocs\ativisoft_1_0\marcial_1_0\partials\_sidebar.php on line 206
[26-Jul-2026 01:00:56 America/Sao_Paulo] PHP Warning:  Undefined array key "c_sidebar" in C:\xampp\htdocs\ativisoft_1_0\marcial_1_0\partials\_sidebar.php on line 207
[26-Jul-2026 01:00:56 America/Sao_Paulo] PHP Warning:  Undefined array key "c_sidebar" in C:\xampp\htdocs\ativisoft_1_0\marcial_1_0\partials\_sidebar.php on line 208
[26-Jul-2026 01:00:56 America/Sao_Paulo] PHP Warning:  Undefined array key "c_sidebar" in C:\xampp\htdocs\ativisoft_1_0\marcial_1_0\partials\_sidebar.php on line 214
[26-Jul-2026 01:00:56 America/Sao_Paulo] PHP Warning:  Undefined array key "c_sidebar" in C:\xampp\htdocs\ativisoft_1_0\marcial_1_0\partials\_sidebar.php on line 215
[26-Jul-2026 01:00:56 America/Sao_Paulo] PHP Warning:  Undefined array key "c_sidebar" in C:\xampp\htdocs\ativisoft_1_0\marcial_1_0\partials\_sidebar.php on line 216
[26-Jul-2026 01:00:56 America/Sao_Paulo] PHP Warning:  Undefined array key "c_sidebar" in C:\xampp\htdocs\ativisoft_1_0\marcial_1_0\partials\_sidebar.php on line 219
[26-Jul-2026 01:00:56 America/Sao_Paulo] PHP Warning:  Undefined array key "c_sidebar" in C:\xampp\htdocs\ativisoft_1_0\marcial_1_0\partials\_sidebar.php on line 220
[26-Jul-2026 01:00:56 America/Sao_Paulo] PHP Warning:  Undefined array key "c_sidebar" in C:\xampp\htdocs\ativisoft_1_0\marcial_1_0\partials\_sidebar.php on line 221
[26-Jul-2026 01:00:56 America/Sao_Paulo] PHP Warning:  Undefined array key "c_sidebar" in C:\xampp\htdocs\ativisoft_1_0\marcial_1_0\partials\_sidebar.php on line 234
[26-Jul-2026 01:00:56 America/Sao_Paulo] PHP Warning:  Undefined array key "c_sidebar" in C:\xampp\htdocs\ativisoft_1_0\marcial_1_0\partials\_sidebar.php on line 235
[26-Jul-2026 01:00:56 America/Sao_Paulo] PHP Warning:  Undefined array key "c_sidebar" in C:\xampp\htdocs\ativisoft_1_0\marcial_1_0\partials\_sidebar.php on line 236
[26-Jul-2026 01:00:56 America/Sao_Paulo] PHP Warning:  Undefined array key "c_sidebar" in C:\xampp\htdocs\ativisoft_1_0\marcial_1_0\partials\_sidebar.php on line 245
[26-Jul-2026 01:00:56 America/Sao_Paulo] PHP Warning:  Undefined array key "c_sidebar" in C:\xampp\htdocs\ativisoft_1_0\marcial_1_0\partials\_sidebar.php on line 259
[26-Jul-2026 01:00:56 America/Sao_Paulo] PHP Warning:  Undefined array key "c_sidebar" in C:\xampp\htdocs\ativisoft_1_0\marcial_1_0\partials\_sidebar.php on line 260
[26-Jul-2026 01:00:56 America/Sao_Paulo] PHP Warning:  Undefined array key "c_sidebar" in C:\xampp\htdocs\ativisoft_1_0\marcial_1_0\partials\_sidebar.php on line 261
[26-Jul-2026 01:00:56 America/Sao_Paulo] PHP Warning:  Undefined array key "c_sidebar" in C:\xampp\htdocs\ativisoft_1_0\marcial_1_0\partials\_sidebar.php on line 266
[26-Jul-2026 01:00:56 America/Sao_Paulo] PHP Warning:  Undefined array key "c_sidebar" in C:\xampp\htdocs\ativisoft_1_0\marcial_1_0\partials\_sidebar.php on line 271
[26-Jul-2026 01:00:56 America/Sao_Paulo] PHP Warning:  Undefined array key "c_sidebar" in C:\xampp\htdocs\ativisoft_1_0\marcial_1_0\partials\_sidebar.php on line 272
[26-Jul-2026 01:00:56 America/Sao_Paulo] PHP Warning:  Undefined array key "c_sidebar" in C:\xampp\htdocs\ativisoft_1_0\marcial_1_0\partials\_sidebar.php on line 273
[26-Jul-2026 01:00:56 America/Sao_Paulo] PHP Warning:  Undefined array key "c_sidebar" in C:\xampp\htdocs\ativisoft_1_0\marcial_1_0\partials\_sidebar.php on line 285
[26-Jul-2026 01:00:56 America/Sao_Paulo] PHP Warning:  Undefined array key "c_sidebar" in C:\xampp\htdocs\ativisoft_1_0\marcial_1_0\partials\_sidebar.php on line 285
[26-Jul-2026 01:00:56 America/Sao_Paulo] PHP Warning:  Undefined array key "c_sidebar" in C:\xampp\htdocs\ativisoft_1_0\marcial_1_0\partials\_sidebar.php on line 286
[26-Jul-2026 01:01:04 America/Sao_Paulo] PHP Warning:  Undefined array key "c_sidebar" in C:\xampp\htdocs\ativisoft_1_0\marcial_1_0\partials\_sidebar.php on line 135
[26-Jul-2026 01:01:04 America/Sao_Paulo] PHP Warning:  Undefined array key "c_sidebar" in C:\xampp\htdocs\ativisoft_1_0\marcial_1_0\partials\_sidebar.php on line 206
[26-Jul-2026 01:01:04 America/Sao_Paulo] PHP Warning:  Undefined array key "c_sidebar" in C:\xampp\htdocs\ativisoft_1_0\marcial_1_0\partials\_sidebar.php on line 207
[26-Jul-2026 01:01:04 America/Sao_Paulo] PHP Warning:  Undefined array key "c_sidebar" in C:\xampp\htdocs\ativisoft_1_0\marcial_1_0\partials\_sidebar.php on line 208
[26-Jul-2026 01:01:04 America/Sao_Paulo] PHP Warning:  Undefined array key "c_sidebar" in C:\xampp\htdocs\ativisoft_1_0\marcial_1_0\partials\_sidebar.php on line 214
[26-Jul-2026 01:01:04 America/Sao_Paulo] PHP Warning:  Undefined array key "c_sidebar" in C:\xampp\htdocs\ativisoft_1_0\marcial_1_0\partials\_sidebar.php on line 215
[26-Jul-2026 01:01:04 America/Sao_Paulo] PHP Warning:  Undefined array key "c_sidebar" in C:\xampp\htdocs\ativisoft_1_0\marcial_1_0\partials\_sidebar.php on line 216
[26-Jul-2026 01:01:04 America/Sao_Paulo] PHP Warning:  Undefined array key "c_sidebar" in C:\xampp\htdocs\ativisoft_1_0\marcial_1_0\partials\_sidebar.php on line 219
[26-Jul-2026 01:01:04 America/Sao_Paulo] PHP Warning:  Undefined array key "c_sidebar" in C:\xampp\htdocs\ativisoft_1_0\marcial_1_0\partials\_sidebar.php on line 220
[26-Jul-2026 01:01:04 America/Sao_Paulo] PHP Warning:  Undefined array key "c_sidebar" in C:\xampp\htdocs\ativisoft_1_0\marcial_1_0\partials\_sidebar.php on line 221
[26-Jul-2026 01:01:04 America/Sao_Paulo] PHP Warning:  Undefined array key "c_sidebar" in C:\xampp\htdocs\ativisoft_1_0\marcial_1_0\partials\_sidebar.php on line 234
[26-Jul-2026 01:01:04 America/Sao_Paulo] PHP Warning:  Undefined array key "c_sidebar" in C:\xampp\htdocs\ativisoft_1_0\marcial_1_0\partials\_sidebar.php on line 235
[26-Jul-2026 01:01:04 America/Sao_Paulo] PHP Warning:  Undefined array key "c_sidebar" in C:\xampp\htdocs\ativisoft_1_0\marcial_1_0\partials\_sidebar.php on line 236
[26-Jul-2026 01:01:04 America/Sao_Paulo] PHP Warning:  Undefined array key "c_sidebar" in C:\xampp\htdocs\ativisoft_1_0\marcial_1_0\partials\_sidebar.php on line 245
[26-Jul-2026 01:01:04 America/Sao_Paulo] PHP Warning:  Undefined array key "c_sidebar" in C:\xampp\htdocs\ativisoft_1_0\marcial_1_0\partials\_sidebar.php on line 259
[26-Jul-2026 01:01:04 America/Sao_Paulo] PHP Warning:  Undefined array key "c_sidebar" in C:\xampp\htdocs\ativisoft_1_0\marcial_1_0\partials\_sidebar.php on line 260
[26-Jul-2026 01:01:04 America/Sao_Paulo] PHP Warning:  Undefined array key "c_sidebar" in C:\xampp\htdocs\ativisoft_1_0\marcial_1_0\partials\_sidebar.php on line 261
[26-Jul-2026 01:01:04 America/Sao_Paulo] PHP Warning:  Undefined array key "c_sidebar" in C:\xampp\htdocs\ativisoft_1_0\marcial_1_0\partials\_sidebar.php on line 266
[26-Jul-2026 01:01:04 America/Sao_Paulo] PHP Warning:  Undefined array key "c_sidebar" in C:\xampp\htdocs\ativisoft_1_0\marcial_1_0\partials\_sidebar.php on line 271
[26-Jul-2026 01:01:04 America/Sao_Paulo] PHP Warning:  Undefined array key "c_sidebar" in C:\xampp\htdocs\ativisoft_1_0\marcial_1_0\partials\_sidebar.php on line 272
[26-Jul-2026 01:01:04 America/Sao_Paulo] PHP Warning:  Undefined array key "c_sidebar" in C:\xampp\htdocs\ativisoft_1_0\marcial_1_0\partials\_sidebar.php on line 273
[26-Jul-2026 01:01:04 America/Sao_Paulo] PHP Warning:  Undefined array key "c_sidebar" in C:\xampp\htdocs\ativisoft_1_0\marcial_1_0\partials\_sidebar.php on line 285
[26-Jul-2026 01:01:04 America/Sao_Paulo] PHP Warning:  Undefined array key "c_sidebar" in C:\xampp\htdocs\ativisoft_1_0\marcial_1_0\partials\_sidebar.php on line 285
[26-Jul-2026 01:01:04 America/Sao_Paulo] PHP Warning:  Undefined array key "c_sidebar" in C:\xampp\htdocs\ativisoft_1_0\marcial_1_0\partials\_sidebar.php on line 286
[26-Jul-2026 01:06:22 America/Sao_Paulo] PHP Warning:  Undefined array key "c_sidebar" in C:\xampp\htdocs\ativisoft_1_0\marcial_1_0\partials\_sidebar.php on line 135
[26-Jul-2026 01:06:22 America/Sao_Paulo] PHP Warning:  Undefined array key "c_sidebar" in C:\xampp\htdocs\ativisoft_1_0\marcial_1_0\partials\_sidebar.php on line 206
[26-Jul-2026 01:06:22 America/Sao_Paulo] PHP Warning:  Undefined array key "c_sidebar" in C:\xampp\htdocs\ativisoft_1_0\marcial_1_0\partials\_sidebar.php on line 207
[26-Jul-2026 01:06:22 America/Sao_Paulo] PHP Warning:  Undefined array key "c_sidebar" in C:\xampp\htdocs\ativisoft_1_0\marcial_1_0\partials\_sidebar.php on line 208
[26-Jul-2026 01:06:22 America/Sao_Paulo] PHP Warning:  Undefined array key "c_sidebar" in C:\xampp\htdocs\ativisoft_1_0\marcial_1_0\partials\_sidebar.php on line 214
[26-Jul-2026 01:06:22 America/Sao_Paulo] PHP Warning:  Undefined array key "c_sidebar" in C:\xampp\htdocs\ativisoft_1_0\marcial_1_0\partials\_sidebar.php on line 215
[26-Jul-2026 01:06:22 America/Sao_Paulo] PHP Warning:  Undefined array key "c_sidebar" in C:\xampp\htdocs\ativisoft_1_0\marcial_1_0\partials\_sidebar.php on line 216
[26-Jul-2026 01:06:22 America/Sao_Paulo] PHP Warning:  Undefined array key "c_sidebar" in C:\xampp\htdocs\ativisoft_1_0\marcial_1_0\partials\_sidebar.php on line 219
[26-Jul-2026 01:06:22 America/Sao_Paulo] PHP Warning:  Undefined array key "c_sidebar" in C:\xampp\htdocs\ativisoft_1_0\marcial_1_0\partials\_sidebar.php on line 220
[26-Jul-2026 01:06:22 America/Sao_Paulo] PHP Warning:  Undefined array key "c_sidebar" in C:\xampp\htdocs\ativisoft_1_0\marcial_1_0\partials\_sidebar.php on line 221
[26-Jul-2026 01:06:22 America/Sao_Paulo] PHP Warning:  Undefined array key "c_sidebar" in C:\xampp\htdocs\ativisoft_1_0\marcial_1_0\partials\_sidebar.php on line 234
[26-Jul-2026 01:06:22 America/Sao_Paulo] PHP Warning:  Undefined array key "c_sidebar" in C:\xampp\htdocs\ativisoft_1_0\marcial_1_0\partials\_sidebar.php on line 235
[26-Jul-2026 01:06:22 America/Sao_Paulo] PHP Warning:  Undefined array key "c_sidebar" in C:\xampp\htdocs\ativisoft_1_0\marcial_1_0\partials\_sidebar.php on line 236
[26-Jul-2026 01:06:22 America/Sao_Paulo] PHP Warning:  Undefined array key "c_sidebar" in C:\xampp\htdocs\ativisoft_1_0\marcial_1_0\partials\_sidebar.php on line 245
[26-Jul-2026 01:06:22 America/Sao_Paulo] PHP Warning:  Undefined array key "c_sidebar" in C:\xampp\htdocs\ativisoft_1_0\marcial_1_0\partials\_sidebar.php on line 259
[26-Jul-2026 01:06:22 America/Sao_Paulo] PHP Warning:  Undefined array key "c_sidebar" in C:\xampp\htdocs\ativisoft_1_0\marcial_1_0\partials\_sidebar.php on line 260
[26-Jul-2026 01:06:22 America/Sao_Paulo] PHP Warning:  Undefined array key "c_sidebar" in C:\xampp\htdocs\ativisoft_1_0\marcial_1_0\partials\_sidebar.php on line 261
[26-Jul-2026 01:06:22 America/Sao_Paulo] PHP Warning:  Undefined array key "c_sidebar" in C:\xampp\htdocs\ativisoft_1_0\marcial_1_0\partials\_sidebar.php on line 266
[26-Jul-2026 01:06:22 America/Sao_Paulo] PHP Warning:  Undefined array key "c_sidebar" in C:\xampp\htdocs\ativisoft_1_0\marcial_1_0\partials\_sidebar.php on line 271
[26-Jul-2026 01:06:22 America/Sao_Paulo] PHP Warning:  Undefined array key "c_sidebar" in C:\xampp\htdocs\ativisoft_1_0\marcial_1_0\partials\_sidebar.php on line 272
[26-Jul-2026 01:06:22 America/Sao_Paulo] PHP Warning:  Undefined array key "c_sidebar" in C:\xampp\htdocs\ativisoft_1_0\marcial_1_0\partials\_sidebar.php on line 273
[26-Jul-2026 01:06:22 America/Sao_Paulo] PHP Warning:  Undefined array key "c_sidebar" in C:\xampp\htdocs\ativisoft_1_0\marcial_1_0\partials\_sidebar.php on line 285
[26-Jul-2026 01:06:22 America/Sao_Paulo] PHP Warning:  Undefined array key "c_sidebar" in C:\xampp\htdocs\ativisoft_1_0\marcial_1_0\partials\_sidebar.php on line 285
[26-Jul-2026 01:06:22 America/Sao_Paulo] PHP Warning:  Undefined array key "c_sidebar" in C:\xampp\htdocs\ativisoft_1_0\marcial_1_0\partials\_sidebar.php on line 286
[26-Jul-2026 01:06:27 America/Sao_Paulo] PHP Warning:  Undefined array key "c_sidebar" in C:\xampp\htdocs\ativisoft_1_0\marcial_1_0\partials\_sidebar.php on line 135
[26-Jul-2026 01:06:27 America/Sao_Paulo] PHP Warning:  Undefined array key "c_sidebar" in C:\xampp\htdocs\ativisoft_1_0\marcial_1_0\partials\_sidebar.php on line 206
[26-Jul-2026 01:06:27 America/Sao_Paulo] PHP Warning:  Undefined array key "c_sidebar" in C:\xampp\htdocs\ativisoft_1_0\marcial_1_0\partials\_sidebar.php on line 207
[26-Jul-2026 01:06:27 America/Sao_Paulo] PHP Warning:  Undefined array key "c_sidebar" in C:\xampp\htdocs\ativisoft_1_0\marcial_1_0\partials\_sidebar.php on line 208
[26-Jul-2026 01:06:27 America/Sao_Paulo] PHP Warning:  Undefined array key "c_sidebar" in C:\xampp\htdocs\ativisoft_1_0\marcial_1_0\partials\_sidebar.php on line 214
[26-Jul-2026 01:06:27 America/Sao_Paulo] PHP Warning:  Undefined array key "c_sidebar" in C:\xampp\htdocs\ativisoft_1_0\marcial_1_0\partials\_sidebar.php on line 215
[26-Jul-2026 01:06:27 America/Sao_Paulo] PHP Warning:  Undefined array key "c_sidebar" in C:\xampp\htdocs\ativisoft_1_0\marcial_1_0\partials\_sidebar.php on line 216
[26-Jul-2026 01:06:27 America/Sao_Paulo] PHP Warning:  Undefined array key "c_sidebar" in C:\xampp\htdocs\ativisoft_1_0\marcial_1_0\partials\_sidebar.php on line 219
[26-Jul-2026 01:06:27 America/Sao_Paulo] PHP Warning:  Undefined array key "c_sidebar" in C:\xampp\htdocs\ativisoft_1_0\marcial_1_0\partials\_sidebar.php on line 220
[26-Jul-2026 01:06:27 America/Sao_Paulo] PHP Warning:  Undefined array key "c_sidebar" in C:\xampp\htdocs\ativisoft_1_0\marcial_1_0\partials\_sidebar.php on line 221
[26-Jul-2026 01:06:27 America/Sao_Paulo] PHP Warning:  Undefined array key "c_sidebar" in C:\xampp\htdocs\ativisoft_1_0\marcial_1_0\partials\_sidebar.php on line 234
[26-Jul-2026 01:06:27 America/Sao_Paulo] PHP Warning:  Undefined array key "c_sidebar" in C:\xampp\htdocs\ativisoft_1_0\marcial_1_0\partials\_sidebar.php on line 235
[26-Jul-2026 01:06:27 America/Sao_Paulo] PHP Warning:  Undefined array key "c_sidebar" in C:\xampp\htdocs\ativisoft_1_0\marcial_1_0\partials\_sidebar.php on line 236
[26-Jul-2026 01:06:27 America/Sao_Paulo] PHP Warning:  Undefined array key "c_sidebar" in C:\xampp\htdocs\ativisoft_1_0\marcial_1_0\partials\_sidebar.php on line 245
[26-Jul-2026 01:06:27 America/Sao_Paulo] PHP Warning:  Undefined array key "c_sidebar" in C:\xampp\htdocs\ativisoft_1_0\marcial_1_0\partials\_sidebar.php on line 259
[26-Jul-2026 01:06:27 America/Sao_Paulo] PHP Warning:  Undefined array key "c_sidebar" in C:\xampp\htdocs\ativisoft_1_0\marcial_1_0\partials\_sidebar.php on line 260
[26-Jul-2026 01:06:27 America/Sao_Paulo] PHP Warning:  Undefined array key "c_sidebar" in C:\xampp\htdocs\ativisoft_1_0\marcial_1_0\partials\_sidebar.php on line 261
[26-Jul-2026 01:06:27 America/Sao_Paulo] PHP Warning:  Undefined array key "c_sidebar" in C:\xampp\htdocs\ativisoft_1_0\marcial_1_0\partials\_sidebar.php on line 266
[26-Jul-2026 01:06:27 America/Sao_Paulo] PHP Warning:  Undefined array key "c_sidebar" in C:\xampp\htdocs\ativisoft_1_0\marcial_1_0\partials\_sidebar.php on line 271
[26-Jul-2026 01:06:27 America/Sao_Paulo] PHP Warning:  Undefined array key "c_sidebar" in C:\xampp\htdocs\ativisoft_1_0\marcial_1_0\partials\_sidebar.php on line 272
[26-Jul-2026 01:06:27 America/Sao_Paulo] PHP Warning:  Undefined array key "c_sidebar" in C:\xampp\htdocs\ativisoft_1_0\marcial_1_0\partials\_sidebar.php on line 273
[26-Jul-2026 01:06:27 America/Sao_Paulo] PHP Warning:  Undefined array key "c_sidebar" in C:\xampp\htdocs\ativisoft_1_0\marcial_1_0\partials\_sidebar.php on line 285
[26-Jul-2026 01:06:27 America/Sao_Paulo] PHP Warning:  Undefined array key "c_sidebar" in C:\xampp\htdocs\ativisoft_1_0\marcial_1_0\partials\_sidebar.php on line 285
[26-Jul-2026 01:06:27 America/Sao_Paulo] PHP Warning:  Undefined array key "c_sidebar" in C:\xampp\htdocs\ativisoft_1_0\marcial_1_0\partials\_sidebar.php on line 286
[26-Jul-2026 01:06:32 America/Sao_Paulo] PHP Warning:  Undefined array key "c_sidebar" in C:\xampp\htdocs\ativisoft_1_0\marcial_1_0\partials\_sidebar.php on line 135
[26-Jul-2026 01:06:32 America/Sao_Paulo] PHP Warning:  Undefined array key "c_sidebar" in C:\xampp\htdocs\ativisoft_1_0\marcial_1_0\partials\_sidebar.php on line 206
[26-Jul-2026 01:06:32 America/Sao_Paulo] PHP Warning:  Undefined array key "c_sidebar" in C:\xampp\htdocs\ativisoft_1_0\marcial_1_0\partials\_sidebar.php on line 207
[26-Jul-2026 01:06:32 America/Sao_Paulo] PHP Warning:  Undefined array key "c_sidebar" in C:\xampp\htdocs\ativisoft_1_0\marcial_1_0\partials\_sidebar.php on line 208
[26-Jul-2026 01:06:32 America/Sao_Paulo] PHP Warning:  Undefined array key "c_sidebar" in C:\xampp\htdocs\ativisoft_1_0\marcial_1_0\partials\_sidebar.php on line 214
[26-Jul-2026 01:06:32 America/Sao_Paulo] PHP Warning:  Undefined array key "c_sidebar" in C:\xampp\htdocs\ativisoft_1_0\marcial_1_0\partials\_sidebar.php on line 215
[26-Jul-2026 01:06:32 America/Sao_Paulo] PHP Warning:  Undefined array key "c_sidebar" in C:\xampp\htdocs\ativisoft_1_0\marcial_1_0\partials\_sidebar.php on line 216
[26-Jul-2026 01:06:32 America/Sao_Paulo] PHP Warning:  Undefined array key "c_sidebar" in C:\xampp\htdocs\ativisoft_1_0\marcial_1_0\partials\_sidebar.php on line 219
[26-Jul-2026 01:06:32 America/Sao_Paulo] PHP Warning:  Undefined array key "c_sidebar" in C:\xampp\htdocs\ativisoft_1_0\marcial_1_0\partials\_sidebar.php on line 220
[26-Jul-2026 01:06:32 America/Sao_Paulo] PHP Warning:  Undefined array key "c_sidebar" in C:\xampp\htdocs\ativisoft_1_0\marcial_1_0\partials\_sidebar.php on line 221
[26-Jul-2026 01:06:32 America/Sao_Paulo] PHP Warning:  Undefined array key "c_sidebar" in C:\xampp\htdocs\ativisoft_1_0\marcial_1_0\partials\_sidebar.php on line 234
[26-Jul-2026 01:06:32 America/Sao_Paulo] PHP Warning:  Undefined array key "c_sidebar" in C:\xampp\htdocs\ativisoft_1_0\marcial_1_0\partials\_sidebar.php on line 235
[26-Jul-2026 01:06:32 America/Sao_Paulo] PHP Warning:  Undefined array key "c_sidebar" in C:\xampp\htdocs\ativisoft_1_0\marcial_1_0\partials\_sidebar.php on line 236
[26-Jul-2026 01:06:32 America/Sao_Paulo] PHP Warning:  Undefined array key "c_sidebar" in C:\xampp\htdocs\ativisoft_1_0\marcial_1_0\partials\_sidebar.php on line 245
[26-Jul-2026 01:06:32 America/Sao_Paulo] PHP Warning:  Undefined array key "c_sidebar" in C:\xampp\htdocs\ativisoft_1_0\marcial_1_0\partials\_sidebar.php on line 259
[26-Jul-2026 01:06:32 America/Sao_Paulo] PHP Warning:  Undefined array key "c_sidebar" in C:\xampp\htdocs\ativisoft_1_0\marcial_1_0\partials\_sidebar.php on line 260
[26-Jul-2026 01:06:32 America/Sao_Paulo] PHP Warning:  Undefined array key "c_sidebar" in C:\xampp\htdocs\ativisoft_1_0\marcial_1_0\partials\_sidebar.php on line 261
[26-Jul-2026 01:06:32 America/Sao_Paulo] PHP Warning:  Undefined array key "c_sidebar" in C:\xampp\htdocs\ativisoft_1_0\marcial_1_0\partials\_sidebar.php on line 266
[26-Jul-2026 01:06:32 America/Sao_Paulo] PHP Warning:  Undefined array key "c_sidebar" in C:\xampp\htdocs\ativisoft_1_0\marcial_1_0\partials\_sidebar.php on line 271
[26-Jul-2026 01:06:32 America/Sao_Paulo] PHP Warning:  Undefined array key "c_sidebar" in C:\xampp\htdocs\ativisoft_1_0\marcial_1_0\partials\_sidebar.php on line 272
[26-Jul-2026 01:06:32 America/Sao_Paulo] PHP Warning:  Undefined array key "c_sidebar" in C:\xampp\htdocs\ativisoft_1_0\marcial_1_0\partials\_sidebar.php on line 273
[26-Jul-2026 01:06:32 America/Sao_Paulo] PHP Warning:  Undefined array key "c_sidebar" in C:\xampp\htdocs\ativisoft_1_0\marcial_1_0\partials\_sidebar.php on line 285
[26-Jul-2026 01:06:32 America/Sao_Paulo] PHP Warning:  Undefined array key "c_sidebar" in C:\xampp\htdocs\ativisoft_1_0\marcial_1_0\partials\_sidebar.php on line 285
[26-Jul-2026 01:06:32 America/Sao_Paulo] PHP Warning:  Undefined array key "c_sidebar" in C:\xampp\htdocs\ativisoft_1_0\marcial_1_0\partials\_sidebar.php on line 286
[26-Jul-2026 09:17:02 America/Sao_Paulo] PHP Warning:  Undefined array key "c_sidebar" in C:\xampp\htdocs\ativisoft_1_0\marcial_1_0\partials\_sidebar.php on line 135
[26-Jul-2026 09:17:02 America/Sao_Paulo] PHP Warning:  Undefined array key "c_sidebar" in C:\xampp\htdocs\ativisoft_1_0\marcial_1_0\partials\_sidebar.php on line 206
[26-Jul-2026 09:17:02 America/Sao_Paulo] PHP Warning:  Undefined array key "c_sidebar" in C:\xampp\htdocs\ativisoft_1_0\marcial_1_0\partials\_sidebar.php on line 207
[26-Jul-2026 09:17:02 America/Sao_Paulo] PHP Warning:  Undefined array key "c_sidebar" in C:\xampp\htdocs\ativisoft_1_0\marcial_1_0\partials\_sidebar.php on line 208
[26-Jul-2026 09:17:02 America/Sao_Paulo] PHP Warning:  Undefined array key "c_sidebar" in C:\xampp\htdocs\ativisoft_1_0\marcial_1_0\partials\_sidebar.php on line 214
[26-Jul-2026 09:17:02 America/Sao_Paulo] PHP Warning:  Undefined array key "c_sidebar" in C:\xampp\htdocs\ativisoft_1_0\marcial_1_0\partials\_sidebar.php on line 215
[26-Jul-2026 09:17:02 America/Sao_Paulo] PHP Warning:  Undefined array key "c_sidebar" in C:\xampp\htdocs\ativisoft_1_0\marcial_1_0\partials\_sidebar.php on line 216
[26-Jul-2026 09:17:02 America/Sao_Paulo] PHP Warning:  Undefined array key "c_sidebar" in C:\xampp\htdocs\ativisoft_1_0\marcial_1_0\partials\_sidebar.php on line 219
[26-Jul-2026 09:17:02 America/Sao_Paulo] PHP Warning:  Undefined array key "c_sidebar" in C:\xampp\htdocs\ativisoft_1_0\marcial_1_0\partials\_sidebar.php on line 220
[26-Jul-2026 09:17:02 America/Sao_Paulo] PHP Warning:  Undefined array key "c_sidebar" in C:\xampp\htdocs\ativisoft_1_0\marcial_1_0\partials\_sidebar.php on line 221
[26-Jul-2026 09:17:02 America/Sao_Paulo] PHP Warning:  Undefined array key "c_sidebar" in C:\xampp\htdocs\ativisoft_1_0\marcial_1_0\partials\_sidebar.php on line 234
[26-Jul-2026 09:17:02 America/Sao_Paulo] PHP Warning:  Undefined array key "c_sidebar" in C:\xampp\htdocs\ativisoft_1_0\marcial_1_0\partials\_sidebar.php on line 235
[26-Jul-2026 09:17:02 America/Sao_Paulo] PHP Warning:  Undefined array key "c_sidebar" in C:\xampp\htdocs\ativisoft_1_0\marcial_1_0\partials\_sidebar.php on line 236
[26-Jul-2026 09:17:02 America/Sao_Paulo] PHP Warning:  Undefined array key "c_sidebar" in C:\xampp\htdocs\ativisoft_1_0\marcial_1_0\partials\_sidebar.php on line 245
[26-Jul-2026 09:17:02 America/Sao_Paulo] PHP Warning:  Undefined array key "c_sidebar" in C:\xampp\htdocs\ativisoft_1_0\marcial_1_0\partials\_sidebar.php on line 259
[26-Jul-2026 09:17:02 America/Sao_Paulo] PHP Warning:  Undefined array key "c_sidebar" in C:\xampp\htdocs\ativisoft_1_0\marcial_1_0\partials\_sidebar.php on line 260
[26-Jul-2026 09:17:02 America/Sao_Paulo] PHP Warning:  Undefined array key "c_sidebar" in C:\xampp\htdocs\ativisoft_1_0\marcial_1_0\partials\_sidebar.php on line 261
[26-Jul-2026 09:17:02 America/Sao_Paulo] PHP Warning:  Undefined array key "c_sidebar" in C:\xampp\htdocs\ativisoft_1_0\marcial_1_0\partials\_sidebar.php on line 266
[26-Jul-2026 09:17:02 America/Sao_Paulo] PHP Warning:  Undefined array key "c_sidebar" in C:\xampp\htdocs\ativisoft_1_0\marcial_1_0\partials\_sidebar.php on line 271
[26-Jul-2026 09:17:02 America/Sao_Paulo] PHP Warning:  Undefined array key "c_sidebar" in C:\xampp\htdocs\ativisoft_1_0\marcial_1_0\partials\_sidebar.php on line 272
[26-Jul-2026 09:17:02 America/Sao_Paulo] PHP Warning:  Undefined array key "c_sidebar" in C:\xampp\htdocs\ativisoft_1_0\marcial_1_0\partials\_sidebar.php on line 273
[26-Jul-2026 09:17:02 America/Sao_Paulo] PHP Warning:  Undefined array key "c_sidebar" in C:\xampp\htdocs\ativisoft_1_0\marcial_1_0\partials\_sidebar.php on line 285
[26-Jul-2026 09:17:02 America/Sao_Paulo] PHP Warning:  Undefined array key "c_sidebar" in C:\xampp\htdocs\ativisoft_1_0\marcial_1_0\partials\_sidebar.php on line 285
[26-Jul-2026 09:17:02 America/Sao_Paulo] PHP Warning:  Undefined array key "c_sidebar" in C:\xampp\htdocs\ativisoft_1_0\marcial_1_0\partials\_sidebar.php on line 286
[26-Jul-2026 09:20:12 America/Sao_Paulo] PHP Warning:  Undefined array key "c_sidebar" in C:\xampp\htdocs\ativisoft_1_0\marcial_1_0\partials\_sidebar.php on line 135
[26-Jul-2026 09:20:12 America/Sao_Paulo] PHP Warning:  Undefined array key "c_sidebar" in C:\xampp\htdocs\ativisoft_1_0\marcial_1_0\partials\_sidebar.php on line 206
[26-Jul-2026 09:20:12 America/Sao_Paulo] PHP Warning:  Undefined array key "c_sidebar" in C:\xampp\htdocs\ativisoft_1_0\marcial_1_0\partials\_sidebar.php on line 207
[26-Jul-2026 09:20:12 America/Sao_Paulo] PHP Warning:  Undefined array key "c_sidebar" in C:\xampp\htdocs\ativisoft_1_0\marcial_1_0\partials\_sidebar.php on line 208
[26-Jul-2026 09:20:12 America/Sao_Paulo] PHP Warning:  Undefined array key "c_sidebar" in C:\xampp\htdocs\ativisoft_1_0\marcial_1_0\partials\_sidebar.php on line 214
[26-Jul-2026 09:20:12 America/Sao_Paulo] PHP Warning:  Undefined array key "c_sidebar" in C:\xampp\htdocs\ativisoft_1_0\marcial_1_0\partials\_sidebar.php on line 215
[26-Jul-2026 09:20:12 America/Sao_Paulo] PHP Warning:  Undefined array key "c_sidebar" in C:\xampp\htdocs\ativisoft_1_0\marcial_1_0\partials\_sidebar.php on line 216
[26-Jul-2026 09:20:12 America/Sao_Paulo] PHP Warning:  Undefined array key "c_sidebar" in C:\xampp\htdocs\ativisoft_1_0\marcial_1_0\partials\_sidebar.php on line 219
[26-Jul-2026 09:20:12 America/Sao_Paulo] PHP Warning:  Undefined array key "c_sidebar" in C:\xampp\htdocs\ativisoft_1_0\marcial_1_0\partials\_sidebar.php on line 220
[26-Jul-2026 09:20:12 America/Sao_Paulo] PHP Warning:  Undefined array key "c_sidebar" in C:\xampp\htdocs\ativisoft_1_0\marcial_1_0\partials\_sidebar.php on line 221
[26-Jul-2026 09:20:12 America/Sao_Paulo] PHP Warning:  Undefined array key "c_sidebar" in C:\xampp\htdocs\ativisoft_1_0\marcial_1_0\partials\_sidebar.php on line 234
[26-Jul-2026 09:20:12 America/Sao_Paulo] PHP Warning:  Undefined array key "c_sidebar" in C:\xampp\htdocs\ativisoft_1_0\marcial_1_0\partials\_sidebar.php on line 235
[26-Jul-2026 09:20:12 America/Sao_Paulo] PHP Warning:  Undefined array key "c_sidebar" in C:\xampp\htdocs\ativisoft_1_0\marcial_1_0\partials\_sidebar.php on line 236
[26-Jul-2026 09:20:12 America/Sao_Paulo] PHP Warning:  Undefined array key "c_sidebar" in C:\xampp\htdocs\ativisoft_1_0\marcial_1_0\partials\_sidebar.php on line 245
[26-Jul-2026 09:20:12 America/Sao_Paulo] PHP Warning:  Undefined array key "c_sidebar" in C:\xampp\htdocs\ativisoft_1_0\marcial_1_0\partials\_sidebar.php on line 259
[26-Jul-2026 09:20:12 America/Sao_Paulo] PHP Warning:  Undefined array key "c_sidebar" in C:\xampp\htdocs\ativisoft_1_0\marcial_1_0\partials\_sidebar.php on line 260
[26-Jul-2026 09:20:12 America/Sao_Paulo] PHP Warning:  Undefined array key "c_sidebar" in C:\xampp\htdocs\ativisoft_1_0\marcial_1_0\partials\_sidebar.php on line 261
[26-Jul-2026 09:20:12 America/Sao_Paulo] PHP Warning:  Undefined array key "c_sidebar" in C:\xampp\htdocs\ativisoft_1_0\marcial_1_0\partials\_sidebar.php on line 266
[26-Jul-2026 09:20:12 America/Sao_Paulo] PHP Warning:  Undefined array key "c_sidebar" in C:\xampp\htdocs\ativisoft_1_0\marcial_1_0\partials\_sidebar.php on line 271
[26-Jul-2026 09:20:12 America/Sao_Paulo] PHP Warning:  Undefined array key "c_sidebar" in C:\xampp\htdocs\ativisoft_1_0\marcial_1_0\partials\_sidebar.php on line 272
[26-Jul-2026 09:20:12 America/Sao_Paulo] PHP Warning:  Undefined array key "c_sidebar" in C:\xampp\htdocs\ativisoft_1_0\marcial_1_0\partials\_sidebar.php on line 273
[26-Jul-2026 09:20:12 America/Sao_Paulo] PHP Warning:  Undefined array key "c_sidebar" in C:\xampp\htdocs\ativisoft_1_0\marcial_1_0\partials\_sidebar.php on line 285
[26-Jul-2026 09:20:12 America/Sao_Paulo] PHP Warning:  Undefined array key "c_sidebar" in C:\xampp\htdocs\ativisoft_1_0\marcial_1_0\partials\_sidebar.php on line 285
[26-Jul-2026 09:20:12 America/Sao_Paulo] PHP Warning:  Undefined array key "c_sidebar" in C:\xampp\htdocs\ativisoft_1_0\marcial_1_0\partials\_sidebar.php on line 286
[26-Jul-2026 09:37:19 America/Sao_Paulo] PHP Warning:  Undefined array key "c_sidebar" in C:\xampp\htdocs\ativisoft_1_0\marcial_1_0\partials\_sidebar.php on line 135
[26-Jul-2026 09:37:19 America/Sao_Paulo] PHP Warning:  Undefined array key "c_sidebar" in C:\xampp\htdocs\ativisoft_1_0\marcial_1_0\partials\_sidebar.php on line 206
[26-Jul-2026 09:37:19 America/Sao_Paulo] PHP Warning:  Undefined array key "c_sidebar" in C:\xampp\htdocs\ativisoft_1_0\marcial_1_0\partials\_sidebar.php on line 207
[26-Jul-2026 09:37:19 America/Sao_Paulo] PHP Warning:  Undefined array key "c_sidebar" in C:\xampp\htdocs\ativisoft_1_0\marcial_1_0\partials\_sidebar.php on line 208
[26-Jul-2026 09:37:19 America/Sao_Paulo] PHP Warning:  Undefined array key "c_sidebar" in C:\xampp\htdocs\ativisoft_1_0\marcial_1_0\partials\_sidebar.php on line 214
[26-Jul-2026 09:37:19 America/Sao_Paulo] PHP Warning:  Undefined array key "c_sidebar" in C:\xampp\htdocs\ativisoft_1_0\marcial_1_0\partials\_sidebar.php on line 215
[26-Jul-2026 09:37:19 America/Sao_Paulo] PHP Warning:  Undefined array key "c_sidebar" in C:\xampp\htdocs\ativisoft_1_0\marcial_1_0\partials\_sidebar.php on line 216
[26-Jul-2026 09:37:19 America/Sao_Paulo] PHP Warning:  Undefined array key "c_sidebar" in C:\xampp\htdocs\ativisoft_1_0\marcial_1_0\partials\_sidebar.php on line 219
[26-Jul-2026 09:37:19 America/Sao_Paulo] PHP Warning:  Undefined array key "c_sidebar" in C:\xampp\htdocs\ativisoft_1_0\marcial_1_0\partials\_sidebar.php on line 220
[26-Jul-2026 09:37:19 America/Sao_Paulo] PHP Warning:  Undefined array key "c_sidebar" in C:\xampp\htdocs\ativisoft_1_0\marcial_1_0\partials\_sidebar.php on line 221
[26-Jul-2026 09:37:19 America/Sao_Paulo] PHP Warning:  Undefined array key "c_sidebar" in C:\xampp\htdocs\ativisoft_1_0\marcial_1_0\partials\_sidebar.php on line 234
[26-Jul-2026 09:37:19 America/Sao_Paulo] PHP Warning:  Undefined array key "c_sidebar" in C:\xampp\htdocs\ativisoft_1_0\marcial_1_0\partials\_sidebar.php on line 235
[26-Jul-2026 09:37:19 America/Sao_Paulo] PHP Warning:  Undefined array key "c_sidebar" in C:\xampp\htdocs\ativisoft_1_0\marcial_1_0\partials\_sidebar.php on line 236
[26-Jul-2026 09:37:19 America/Sao_Paulo] PHP Warning:  Undefined array key "c_sidebar" in C:\xampp\htdocs\ativisoft_1_0\marcial_1_0\partials\_sidebar.php on line 245
[26-Jul-2026 09:37:19 America/Sao_Paulo] PHP Warning:  Undefined array key "c_sidebar" in C:\xampp\htdocs\ativisoft_1_0\marcial_1_0\partials\_sidebar.php on line 259
[26-Jul-2026 09:37:19 America/Sao_Paulo] PHP Warning:  Undefined array key "c_sidebar" in C:\xampp\htdocs\ativisoft_1_0\marcial_1_0\partials\_sidebar.php on line 260
[26-Jul-2026 09:37:19 America/Sao_Paulo] PHP Warning:  Undefined array key "c_sidebar" in C:\xampp\htdocs\ativisoft_1_0\marcial_1_0\partials\_sidebar.php on line 261
[26-Jul-2026 09:37:19 America/Sao_Paulo] PHP Warning:  Undefined array key "c_sidebar" in C:\xampp\htdocs\ativisoft_1_0\marcial_1_0\partials\_sidebar.php on line 266
[26-Jul-2026 09:37:19 America/Sao_Paulo] PHP Warning:  Undefined array key "c_sidebar" in C:\xampp\htdocs\ativisoft_1_0\marcial_1_0\partials\_sidebar.php on line 271
[26-Jul-2026 09:37:19 America/Sao_Paulo] PHP Warning:  Undefined array key "c_sidebar" in C:\xampp\htdocs\ativisoft_1_0\marcial_1_0\partials\_sidebar.php on line 272
[26-Jul-2026 09:37:19 America/Sao_Paulo] PHP Warning:  Undefined array key "c_sidebar" in C:\xampp\htdocs\ativisoft_1_0\marcial_1_0\partials\_sidebar.php on line 273
[26-Jul-2026 09:37:19 America/Sao_Paulo] PHP Warning:  Undefined array key "c_sidebar" in C:\xampp\htdocs\ativisoft_1_0\marcial_1_0\partials\_sidebar.php on line 285
[26-Jul-2026 09:37:19 America/Sao_Paulo] PHP Warning:  Undefined array key "c_sidebar" in C:\xampp\htdocs\ativisoft_1_0\marcial_1_0\partials\_sidebar.php on line 285
[26-Jul-2026 09:37:19 America/Sao_Paulo] PHP Warning:  Undefined array key "c_sidebar" in C:\xampp\htdocs\ativisoft_1_0\marcial_1_0\partials\_sidebar.php on line 286
[26-Jul-2026 09:44:58 America/Sao_Paulo] PHP Warning:  Undefined array key "c_sidebar" in C:\xampp\htdocs\ativisoft_1_0\marcial_1_0\partials\_sidebar.php on line 135
[26-Jul-2026 09:44:58 America/Sao_Paulo] PHP Warning:  Undefined array key "c_sidebar" in C:\xampp\htdocs\ativisoft_1_0\marcial_1_0\partials\_sidebar.php on line 206
[26-Jul-2026 09:44:58 America/Sao_Paulo] PHP Warning:  Undefined array key "c_sidebar" in C:\xampp\htdocs\ativisoft_1_0\marcial_1_0\partials\_sidebar.php on line 207
[26-Jul-2026 09:44:58 America/Sao_Paulo] PHP Warning:  Undefined array key "c_sidebar" in C:\xampp\htdocs\ativisoft_1_0\marcial_1_0\partials\_sidebar.php on line 208
[26-Jul-2026 09:44:58 America/Sao_Paulo] PHP Warning:  Undefined array key "c_sidebar" in C:\xampp\htdocs\ativisoft_1_0\marcial_1_0\partials\_sidebar.php on line 214
[26-Jul-2026 09:44:58 America/Sao_Paulo] PHP Warning:  Undefined array key "c_sidebar" in C:\xampp\htdocs\ativisoft_1_0\marcial_1_0\partials\_sidebar.php on line 215
[26-Jul-2026 09:44:58 America/Sao_Paulo] PHP Warning:  Undefined array key "c_sidebar" in C:\xampp\htdocs\ativisoft_1_0\marcial_1_0\partials\_sidebar.php on line 216
[26-Jul-2026 09:44:58 America/Sao_Paulo] PHP Warning:  Undefined array key "c_sidebar" in C:\xampp\htdocs\ativisoft_1_0\marcial_1_0\partials\_sidebar.php on line 219
[26-Jul-2026 09:44:58 America/Sao_Paulo] PHP Warning:  Undefined array key "c_sidebar" in C:\xampp\htdocs\ativisoft_1_0\marcial_1_0\partials\_sidebar.php on line 220
[26-Jul-2026 09:44:58 America/Sao_Paulo] PHP Warning:  Undefined array key "c_sidebar" in C:\xampp\htdocs\ativisoft_1_0\marcial_1_0\partials\_sidebar.php on line 221
[26-Jul-2026 09:44:58 America/Sao_Paulo] PHP Warning:  Undefined array key "c_sidebar" in C:\xampp\htdocs\ativisoft_1_0\marcial_1_0\partials\_sidebar.php on line 234
[26-Jul-2026 09:44:58 America/Sao_Paulo] PHP Warning:  Undefined array key "c_sidebar" in C:\xampp\htdocs\ativisoft_1_0\marcial_1_0\partials\_sidebar.php on line 235
[26-Jul-2026 09:44:58 America/Sao_Paulo] PHP Warning:  Undefined array key "c_sidebar" in C:\xampp\htdocs\ativisoft_1_0\marcial_1_0\partials\_sidebar.php on line 236
[26-Jul-2026 09:44:58 America/Sao_Paulo] PHP Warning:  Undefined array key "c_sidebar" in C:\xampp\htdocs\ativisoft_1_0\marcial_1_0\partials\_sidebar.php on line 245
[26-Jul-2026 09:44:58 America/Sao_Paulo] PHP Warning:  Undefined array key "c_sidebar" in C:\xampp\htdocs\ativisoft_1_0\marcial_1_0\partials\_sidebar.php on line 259
[26-Jul-2026 09:44:58 America/Sao_Paulo] PHP Warning:  Undefined array key "c_sidebar" in C:\xampp\htdocs\ativisoft_1_0\marcial_1_0\partials\_sidebar.php on line 260
[26-Jul-2026 09:44:58 America/Sao_Paulo] PHP Warning:  Undefined array key "c_sidebar" in C:\xampp\htdocs\ativisoft_1_0\marcial_1_0\partials\_sidebar.php on line 261
[26-Jul-2026 09:44:58 America/Sao_Paulo] PHP Warning:  Undefined array key "c_sidebar" in C:\xampp\htdocs\ativisoft_1_0\marcial_1_0\partials\_sidebar.php on line 266
[26-Jul-2026 09:44:58 America/Sao_Paulo] PHP Warning:  Undefined array key "c_sidebar" in C:\xampp\htdocs\ativisoft_1_0\marcial_1_0\partials\_sidebar.php on line 271
[26-Jul-2026 09:44:58 America/Sao_Paulo] PHP Warning:  Undefined array key "c_sidebar" in C:\xampp\htdocs\ativisoft_1_0\marcial_1_0\partials\_sidebar.php on line 272
[26-Jul-2026 09:44:58 America/Sao_Paulo] PHP Warning:  Undefined array key "c_sidebar" in C:\xampp\htdocs\ativisoft_1_0\marcial_1_0\partials\_sidebar.php on line 273
[26-Jul-2026 09:44:58 America/Sao_Paulo] PHP Warning:  Undefined array key "c_sidebar" in C:\xampp\htdocs\ativisoft_1_0\marcial_1_0\partials\_sidebar.php on line 285
[26-Jul-2026 09:44:58 America/Sao_Paulo] PHP Warning:  Undefined array key "c_sidebar" in C:\xampp\htdocs\ativisoft_1_0\marcial_1_0\partials\_sidebar.php on line 285
[26-Jul-2026 09:44:58 America/Sao_Paulo] PHP Warning:  Undefined array key "c_sidebar" in C:\xampp\htdocs\ativisoft_1_0\marcial_1_0\partials\_sidebar.php on line 286
[26-Jul-2026 09:45:19 America/Sao_Paulo] PHP Warning:  Undefined array key "c_sidebar" in C:\xampp\htdocs\ativisoft_1_0\marcial_1_0\partials\_sidebar.php on line 135
[26-Jul-2026 09:45:19 America/Sao_Paulo] PHP Warning:  Undefined array key "c_sidebar" in C:\xampp\htdocs\ativisoft_1_0\marcial_1_0\partials\_sidebar.php on line 206
[26-Jul-2026 09:45:19 America/Sao_Paulo] PHP Warning:  Undefined array key "c_sidebar" in C:\xampp\htdocs\ativisoft_1_0\marcial_1_0\partials\_sidebar.php on line 207
[26-Jul-2026 09:45:19 America/Sao_Paulo] PHP Warning:  Undefined array key "c_sidebar" in C:\xampp\htdocs\ativisoft_1_0\marcial_1_0\partials\_sidebar.php on line 208
[26-Jul-2026 09:45:19 America/Sao_Paulo] PHP Warning:  Undefined array key "c_sidebar" in C:\xampp\htdocs\ativisoft_1_0\marcial_1_0\partials\_sidebar.php on line 214
[26-Jul-2026 09:45:19 America/Sao_Paulo] PHP Warning:  Undefined array key "c_sidebar" in C:\xampp\htdocs\ativisoft_1_0\marcial_1_0\partials\_sidebar.php on line 215
[26-Jul-2026 09:45:19 America/Sao_Paulo] PHP Warning:  Undefined array key "c_sidebar" in C:\xampp\htdocs\ativisoft_1_0\marcial_1_0\partials\_sidebar.php on line 216
[26-Jul-2026 09:45:19 America/Sao_Paulo] PHP Warning:  Undefined array key "c_sidebar" in C:\xampp\htdocs\ativisoft_1_0\marcial_1_0\partials\_sidebar.php on line 219
[26-Jul-2026 09:45:19 America/Sao_Paulo] PHP Warning:  Undefined array key "c_sidebar" in C:\xampp\htdocs\ativisoft_1_0\marcial_1_0\partials\_sidebar.php on line 220
[26-Jul-2026 09:45:19 America/Sao_Paulo] PHP Warning:  Undefined array key "c_sidebar" in C:\xampp\htdocs\ativisoft_1_0\marcial_1_0\partials\_sidebar.php on line 221
[26-Jul-2026 09:45:19 America/Sao_Paulo] PHP Warning:  Undefined array key "c_sidebar" in C:\xampp\htdocs\ativisoft_1_0\marcial_1_0\partials\_sidebar.php on line 234
[26-Jul-2026 09:45:19 America/Sao_Paulo] PHP Warning:  Undefined array key "c_sidebar" in C:\xampp\htdocs\ativisoft_1_0\marcial_1_0\partials\_sidebar.php on line 235
[26-Jul-2026 09:45:19 America/Sao_Paulo] PHP Warning:  Undefined array key "c_sidebar" in C:\xampp\htdocs\ativisoft_1_0\marcial_1_0\partials\_sidebar.php on line 236
[26-Jul-2026 09:45:19 America/Sao_Paulo] PHP Warning:  Undefined array key "c_sidebar" in C:\xampp\htdocs\ativisoft_1_0\marcial_1_0\partials\_sidebar.php on line 245
[26-Jul-2026 09:45:19 America/Sao_Paulo] PHP Warning:  Undefined array key "c_sidebar" in C:\xampp\htdocs\ativisoft_1_0\marcial_1_0\partials\_sidebar.php on line 259
[26-Jul-2026 09:45:19 America/Sao_Paulo] PHP Warning:  Undefined array key "c_sidebar" in C:\xampp\htdocs\ativisoft_1_0\marcial_1_0\partials\_sidebar.php on line 260
[26-Jul-2026 09:45:19 America/Sao_Paulo] PHP Warning:  Undefined array key "c_sidebar" in C:\xampp\htdocs\ativisoft_1_0\marcial_1_0\partials\_sidebar.php on line 261
[26-Jul-2026 09:45:19 America/Sao_Paulo] PHP Warning:  Undefined array key "c_sidebar" in C:\xampp\htdocs\ativisoft_1_0\marcial_1_0\partials\_sidebar.php on line 266
[26-Jul-2026 09:45:19 America/Sao_Paulo] PHP Warning:  Undefined array key "c_sidebar" in C:\xampp\htdocs\ativisoft_1_0\marcial_1_0\partials\_sidebar.php on line 271
[26-Jul-2026 09:45:19 America/Sao_Paulo] PHP Warning:  Undefined array key "c_sidebar" in C:\xampp\htdocs\ativisoft_1_0\marcial_1_0\partials\_sidebar.php on line 272
[26-Jul-2026 09:45:19 America/Sao_Paulo] PHP Warning:  Undefined array key "c_sidebar" in C:\xampp\htdocs\ativisoft_1_0\marcial_1_0\partials\_sidebar.php on line 273
[26-Jul-2026 09:45:19 America/Sao_Paulo] PHP Warning:  Undefined array key "c_sidebar" in C:\xampp\htdocs\ativisoft_1_0\marcial_1_0\partials\_sidebar.php on line 285
[26-Jul-2026 09:45:19 America/Sao_Paulo] PHP Warning:  Undefined array key "c_sidebar" in C:\xampp\htdocs\ativisoft_1_0\marcial_1_0\partials\_sidebar.php on line 285
[26-Jul-2026 09:45:19 America/Sao_Paulo] PHP Warning:  Undefined array key "c_sidebar" in C:\xampp\htdocs\ativisoft_1_0\marcial_1_0\partials\_sidebar.php on line 286
[26-Jul-2026 10:28:32 America/Sao_Paulo] PHP Warning:  Undefined array key "c_sidebar" in C:\xampp\htdocs\ativisoft_1_0\marcial_1_0\partials\_sidebar.php on line 135
[26-Jul-2026 10:28:32 America/Sao_Paulo] PHP Warning:  Undefined array key "c_sidebar" in C:\xampp\htdocs\ativisoft_1_0\marcial_1_0\partials\_sidebar.php on line 206
[26-Jul-2026 10:28:32 America/Sao_Paulo] PHP Warning:  Undefined array key "c_sidebar" in C:\xampp\htdocs\ativisoft_1_0\marcial_1_0\partials\_sidebar.php on line 207
[26-Jul-2026 10:28:32 America/Sao_Paulo] PHP Warning:  Undefined array key "c_sidebar" in C:\xampp\htdocs\ativisoft_1_0\marcial_1_0\partials\_sidebar.php on line 208
[26-Jul-2026 10:28:32 America/Sao_Paulo] PHP Warning:  Undefined array key "c_sidebar" in C:\xampp\htdocs\ativisoft_1_0\marcial_1_0\partials\_sidebar.php on line 214
[26-Jul-2026 10:28:32 America/Sao_Paulo] PHP Warning:  Undefined array key "c_sidebar" in C:\xampp\htdocs\ativisoft_1_0\marcial_1_0\partials\_sidebar.php on line 215
[26-Jul-2026 10:28:32 America/Sao_Paulo] PHP Warning:  Undefined array key "c_sidebar" in C:\xampp\htdocs\ativisoft_1_0\marcial_1_0\partials\_sidebar.php on line 216
[26-Jul-2026 10:28:32 America/Sao_Paulo] PHP Warning:  Undefined array key "c_sidebar" in C:\xampp\htdocs\ativisoft_1_0\marcial_1_0\partials\_sidebar.php on line 219
[26-Jul-2026 10:28:32 America/Sao_Paulo] PHP Warning:  Undefined array key "c_sidebar" in C:\xampp\htdocs\ativisoft_1_0\marcial_1_0\partials\_sidebar.php on line 220
[26-Jul-2026 10:28:32 America/Sao_Paulo] PHP Warning:  Undefined array key "c_sidebar" in C:\xampp\htdocs\ativisoft_1_0\marcial_1_0\partials\_sidebar.php on line 221
[26-Jul-2026 10:28:32 America/Sao_Paulo] PHP Warning:  Undefined array key "c_sidebar" in C:\xampp\htdocs\ativisoft_1_0\marcial_1_0\partials\_sidebar.php on line 234
[26-Jul-2026 10:28:32 America/Sao_Paulo] PHP Warning:  Undefined array key "c_sidebar" in C:\xampp\htdocs\ativisoft_1_0\marcial_1_0\partials\_sidebar.php on line 235
[26-Jul-2026 10:28:32 America/Sao_Paulo] PHP Warning:  Undefined array key "c_sidebar" in C:\xampp\htdocs\ativisoft_1_0\marcial_1_0\partials\_sidebar.php on line 236
[26-Jul-2026 10:28:32 America/Sao_Paulo] PHP Warning:  Undefined array key "c_sidebar" in C:\xampp\htdocs\ativisoft_1_0\marcial_1_0\partials\_sidebar.php on line 245
[26-Jul-2026 10:28:32 America/Sao_Paulo] PHP Warning:  Undefined array key "c_sidebar" in C:\xampp\htdocs\ativisoft_1_0\marcial_1_0\partials\_sidebar.php on line 259
[26-Jul-2026 10:28:32 America/Sao_Paulo] PHP Warning:  Undefined array key "c_sidebar" in C:\xampp\htdocs\ativisoft_1_0\marcial_1_0\partials\_sidebar.php on line 260
[26-Jul-2026 10:28:32 America/Sao_Paulo] PHP Warning:  Undefined array key "c_sidebar" in C:\xampp\htdocs\ativisoft_1_0\marcial_1_0\partials\_sidebar.php on line 261
[26-Jul-2026 10:28:32 America/Sao_Paulo] PHP Warning:  Undefined array key "c_sidebar" in C:\xampp\htdocs\ativisoft_1_0\marcial_1_0\partials\_sidebar.php on line 266
[26-Jul-2026 10:28:32 America/Sao_Paulo] PHP Warning:  Undefined array key "c_sidebar" in C:\xampp\htdocs\ativisoft_1_0\marcial_1_0\partials\_sidebar.php on line 271
[26-Jul-2026 10:28:32 America/Sao_Paulo] PHP Warning:  Undefined array key "c_sidebar" in C:\xampp\htdocs\ativisoft_1_0\marcial_1_0\partials\_sidebar.php on line 272
[26-Jul-2026 10:28:32 America/Sao_Paulo] PHP Warning:  Undefined array key "c_sidebar" in C:\xampp\htdocs\ativisoft_1_0\marcial_1_0\partials\_sidebar.php on line 273
[26-Jul-2026 10:28:32 America/Sao_Paulo] PHP Warning:  Undefined array key "c_sidebar" in C:\xampp\htdocs\ativisoft_1_0\marcial_1_0\partials\_sidebar.php on line 285
[26-Jul-2026 10:28:32 America/Sao_Paulo] PHP Warning:  Undefined array key "c_sidebar" in C:\xampp\htdocs\ativisoft_1_0\marcial_1_0\partials\_sidebar.php on line 285
[26-Jul-2026 10:28:32 America/Sao_Paulo] PHP Warning:  Undefined array key "c_sidebar" in C:\xampp\htdocs\ativisoft_1_0\marcial_1_0\partials\_sidebar.php on line 286
[26-Jul-2026 10:28:32 America/Sao_Paulo] PHP Warning:  Undefined array key "c_sidebar" in C:\xampp\htdocs\ativisoft_1_0\marcial_1_0\partials\_sidebar.php on line 135
[26-Jul-2026 10:28:32 America/Sao_Paulo] PHP Warning:  Undefined array key "c_sidebar" in C:\xampp\htdocs\ativisoft_1_0\marcial_1_0\partials\_sidebar.php on line 206
[26-Jul-2026 10:28:32 America/Sao_Paulo] PHP Warning:  Undefined array key "c_sidebar" in C:\xampp\htdocs\ativisoft_1_0\marcial_1_0\partials\_sidebar.php on line 207
[26-Jul-2026 10:28:32 America/Sao_Paulo] PHP Warning:  Undefined array key "c_sidebar" in C:\xampp\htdocs\ativisoft_1_0\marcial_1_0\partials\_sidebar.php on line 208
[26-Jul-2026 10:28:32 America/Sao_Paulo] PHP Warning:  Undefined array key "c_sidebar" in C:\xampp\htdocs\ativisoft_1_0\marcial_1_0\partials\_sidebar.php on line 214
[26-Jul-2026 10:28:32 America/Sao_Paulo] PHP Warning:  Undefined array key "c_sidebar" in C:\xampp\htdocs\ativisoft_1_0\marcial_1_0\partials\_sidebar.php on line 215
[26-Jul-2026 10:28:32 America/Sao_Paulo] PHP Warning:  Undefined array key "c_sidebar" in C:\xampp\htdocs\ativisoft_1_0\marcial_1_0\partials\_sidebar.php on line 216
[26-Jul-2026 10:28:32 America/Sao_Paulo] PHP Warning:  Undefined array key "c_sidebar" in C:\xampp\htdocs\ativisoft_1_0\marcial_1_0\partials\_sidebar.php on line 219
[26-Jul-2026 10:28:32 America/Sao_Paulo] PHP Warning:  Undefined array key "c_sidebar" in C:\xampp\htdocs\ativisoft_1_0\marcial_1_0\partials\_sidebar.php on line 220
[26-Jul-2026 10:28:32 America/Sao_Paulo] PHP Warning:  Undefined array key "c_sidebar" in C:\xampp\htdocs\ativisoft_1_0\marcial_1_0\partials\_sidebar.php on line 221
[26-Jul-2026 10:28:32 America/Sao_Paulo] PHP Warning:  Undefined array key "c_sidebar" in C:\xampp\htdocs\ativisoft_1_0\marcial_1_0\partials\_sidebar.php on line 234
[26-Jul-2026 10:28:32 America/Sao_Paulo] PHP Warning:  Undefined array key "c_sidebar" in C:\xampp\htdocs\ativisoft_1_0\marcial_1_0\partials\_sidebar.php on line 235
[26-Jul-2026 10:28:32 America/Sao_Paulo] PHP Warning:  Undefined array key "c_sidebar" in C:\xampp\htdocs\ativisoft_1_0\marcial_1_0\partials\_sidebar.php on line 236
[26-Jul-2026 10:28:32 America/Sao_Paulo] PHP Warning:  Undefined array key "c_sidebar" in C:\xampp\htdocs\ativisoft_1_0\marcial_1_0\partials\_sidebar.php on line 245
[26-Jul-2026 10:28:32 America/Sao_Paulo] PHP Warning:  Undefined array key "c_sidebar" in C:\xampp\htdocs\ativisoft_1_0\marcial_1_0\partials\_sidebar.php on line 259
[26-Jul-2026 10:28:32 America/Sao_Paulo] PHP Warning:  Undefined array key "c_sidebar" in C:\xampp\htdocs\ativisoft_1_0\marcial_1_0\partials\_sidebar.php on line 260
[26-Jul-2026 10:28:32 America/Sao_Paulo] PHP Warning:  Undefined array key "c_sidebar" in C:\xampp\htdocs\ativisoft_1_0\marcial_1_0\partials\_sidebar.php on line 261
[26-Jul-2026 10:28:32 America/Sao_Paulo] PHP Warning:  Undefined array key "c_sidebar" in C:\xampp\htdocs\ativisoft_1_0\marcial_1_0\partials\_sidebar.php on line 266
[26-Jul-2026 10:28:32 America/Sao_Paulo] PHP Warning:  Undefined array key "c_sidebar" in C:\xampp\htdocs\ativisoft_1_0\marcial_1_0\partials\_sidebar.php on line 271
[26-Jul-2026 10:28:32 America/Sao_Paulo] PHP Warning:  Undefined array key "c_sidebar" in C:\xampp\htdocs\ativisoft_1_0\marcial_1_0\partials\_sidebar.php on line 272
[26-Jul-2026 10:28:32 America/Sao_Paulo] PHP Warning:  Undefined array key "c_sidebar" in C:\xampp\htdocs\ativisoft_1_0\marcial_1_0\partials\_sidebar.php on line 273
[26-Jul-2026 10:28:32 America/Sao_Paulo] PHP Warning:  Undefined array key "c_sidebar" in C:\xampp\htdocs\ativisoft_1_0\marcial_1_0\partials\_sidebar.php on line 285
[26-Jul-2026 10:28:32 America/Sao_Paulo] PHP Warning:  Undefined array key "c_sidebar" in C:\xampp\htdocs\ativisoft_1_0\marcial_1_0\partials\_sidebar.php on line 285
[26-Jul-2026 10:28:32 America/Sao_Paulo] PHP Warning:  Undefined array key "c_sidebar" in C:\xampp\htdocs\ativisoft_1_0\marcial_1_0\partials\_sidebar.php on line 286
[26-Jul-2026 10:28:43 America/Sao_Paulo] PHP Warning:  Undefined array key "c_sidebar" in C:\xampp\htdocs\ativisoft_1_0\marcial_1_0\partials\_sidebar.php on line 135
[26-Jul-2026 10:28:43 America/Sao_Paulo] PHP Warning:  Undefined array key "c_sidebar" in C:\xampp\htdocs\ativisoft_1_0\marcial_1_0\partials\_sidebar.php on line 206
[26-Jul-2026 10:28:43 America/Sao_Paulo] PHP Warning:  Undefined array key "c_sidebar" in C:\xampp\htdocs\ativisoft_1_0\marcial_1_0\partials\_sidebar.php on line 207
[26-Jul-2026 10:28:43 America/Sao_Paulo] PHP Warning:  Undefined array key "c_sidebar" in C:\xampp\htdocs\ativisoft_1_0\marcial_1_0\partials\_sidebar.php on line 208
[26-Jul-2026 10:28:43 America/Sao_Paulo] PHP Warning:  Undefined array key "c_sidebar" in C:\xampp\htdocs\ativisoft_1_0\marcial_1_0\partials\_sidebar.php on line 214
[26-Jul-2026 10:28:43 America/Sao_Paulo] PHP Warning:  Undefined array key "c_sidebar" in C:\xampp\htdocs\ativisoft_1_0\marcial_1_0\partials\_sidebar.php on line 215
[26-Jul-2026 10:28:43 America/Sao_Paulo] PHP Warning:  Undefined array key "c_sidebar" in C:\xampp\htdocs\ativisoft_1_0\marcial_1_0\partials\_sidebar.php on line 216
[26-Jul-2026 10:28:43 America/Sao_Paulo] PHP Warning:  Undefined array key "c_sidebar" in C:\xampp\htdocs\ativisoft_1_0\marcial_1_0\partials\_sidebar.php on line 219
[26-Jul-2026 10:28:43 America/Sao_Paulo] PHP Warning:  Undefined array key "c_sidebar" in C:\xampp\htdocs\ativisoft_1_0\marcial_1_0\partials\_sidebar.php on line 220
[26-Jul-2026 10:28:43 America/Sao_Paulo] PHP Warning:  Undefined array key "c_sidebar" in C:\xampp\htdocs\ativisoft_1_0\marcial_1_0\partials\_sidebar.php on line 221
[26-Jul-2026 10:28:43 America/Sao_Paulo] PHP Warning:  Undefined array key "c_sidebar" in C:\xampp\htdocs\ativisoft_1_0\marcial_1_0\partials\_sidebar.php on line 234
[26-Jul-2026 10:28:43 America/Sao_Paulo] PHP Warning:  Undefined array key "c_sidebar" in C:\xampp\htdocs\ativisoft_1_0\marcial_1_0\partials\_sidebar.php on line 235
[26-Jul-2026 10:28:43 America/Sao_Paulo] PHP Warning:  Undefined array key "c_sidebar" in C:\xampp\htdocs\ativisoft_1_0\marcial_1_0\partials\_sidebar.php on line 236
[26-Jul-2026 10:28:43 America/Sao_Paulo] PHP Warning:  Undefined array key "c_sidebar" in C:\xampp\htdocs\ativisoft_1_0\marcial_1_0\partials\_sidebar.php on line 245
[26-Jul-2026 10:28:43 America/Sao_Paulo] PHP Warning:  Undefined array key "c_sidebar" in C:\xampp\htdocs\ativisoft_1_0\marcial_1_0\partials\_sidebar.php on line 259
[26-Jul-2026 10:28:43 America/Sao_Paulo] PHP Warning:  Undefined array key "c_sidebar" in C:\xampp\htdocs\ativisoft_1_0\marcial_1_0\partials\_sidebar.php on line 260
[26-Jul-2026 10:28:43 America/Sao_Paulo] PHP Warning:  Undefined array key "c_sidebar" in C:\xampp\htdocs\ativisoft_1_0\marcial_1_0\partials\_sidebar.php on line 261
[26-Jul-2026 10:28:43 America/Sao_Paulo] PHP Warning:  Undefined array key "c_sidebar" in C:\xampp\htdocs\ativisoft_1_0\marcial_1_0\partials\_sidebar.php on line 266
[26-Jul-2026 10:28:43 America/Sao_Paulo] PHP Warning:  Undefined array key "c_sidebar" in C:\xampp\htdocs\ativisoft_1_0\marcial_1_0\partials\_sidebar.php on line 271
[26-Jul-2026 10:28:43 America/Sao_Paulo] PHP Warning:  Undefined array key "c_sidebar" in C:\xampp\htdocs\ativisoft_1_0\marcial_1_0\partials\_sidebar.php on line 272
[26-Jul-2026 10:28:43 America/Sao_Paulo] PHP Warning:  Undefined array key "c_sidebar" in C:\xampp\htdocs\ativisoft_1_0\marcial_1_0\partials\_sidebar.php on line 273
[26-Jul-2026 10:28:43 America/Sao_Paulo] PHP Warning:  Undefined array key "c_sidebar" in C:\xampp\htdocs\ativisoft_1_0\marcial_1_0\partials\_sidebar.php on line 285
[26-Jul-2026 10:28:43 America/Sao_Paulo] PHP Warning:  Undefined array key "c_sidebar" in C:\xampp\htdocs\ativisoft_1_0\marcial_1_0\partials\_sidebar.php on line 285
[26-Jul-2026 10:28:43 America/Sao_Paulo] PHP Warning:  Undefined array key "c_sidebar" in C:\xampp\htdocs\ativisoft_1_0\marcial_1_0\partials\_sidebar.php on line 286
[26-Jul-2026 10:29:13 America/Sao_Paulo] PHP Warning:  Undefined array key "c_sidebar" in C:\xampp\htdocs\ativisoft_1_0\marcial_1_0\partials\_sidebar.php on line 135
[26-Jul-2026 10:29:13 America/Sao_Paulo] PHP Warning:  Undefined array key "c_sidebar" in C:\xampp\htdocs\ativisoft_1_0\marcial_1_0\partials\_sidebar.php on line 206
[26-Jul-2026 10:29:13 America/Sao_Paulo] PHP Warning:  Undefined array key "c_sidebar" in C:\xampp\htdocs\ativisoft_1_0\marcial_1_0\partials\_sidebar.php on line 207
[26-Jul-2026 10:29:13 America/Sao_Paulo] PHP Warning:  Undefined array key "c_sidebar" in C:\xampp\htdocs\ativisoft_1_0\marcial_1_0\partials\_sidebar.php on line 208
[26-Jul-2026 10:29:13 America/Sao_Paulo] PHP Warning:  Undefined array key "c_sidebar" in C:\xampp\htdocs\ativisoft_1_0\marcial_1_0\partials\_sidebar.php on line 214
[26-Jul-2026 10:29:13 America/Sao_Paulo] PHP Warning:  Undefined array key "c_sidebar" in C:\xampp\htdocs\ativisoft_1_0\marcial_1_0\partials\_sidebar.php on line 215
[26-Jul-2026 10:29:13 America/Sao_Paulo] PHP Warning:  Undefined array key "c_sidebar" in C:\xampp\htdocs\ativisoft_1_0\marcial_1_0\partials\_sidebar.php on line 216
[26-Jul-2026 10:29:13 America/Sao_Paulo] PHP Warning:  Undefined array key "c_sidebar" in C:\xampp\htdocs\ativisoft_1_0\marcial_1_0\partials\_sidebar.php on line 219
[26-Jul-2026 10:29:13 America/Sao_Paulo] PHP Warning:  Undefined array key "c_sidebar" in C:\xampp\htdocs\ativisoft_1_0\marcial_1_0\partials\_sidebar.php on line 220
[26-Jul-2026 10:29:13 America/Sao_Paulo] PHP Warning:  Undefined array key "c_sidebar" in C:\xampp\htdocs\ativisoft_1_0\marcial_1_0\partials\_sidebar.php on line 221
[26-Jul-2026 10:29:13 America/Sao_Paulo] PHP Warning:  Undefined array key "c_sidebar" in C:\xampp\htdocs\ativisoft_1_0\marcial_1_0\partials\_sidebar.php on line 234
[26-Jul-2026 10:29:13 America/Sao_Paulo] PHP Warning:  Undefined array key "c_sidebar" in C:\xampp\htdocs\ativisoft_1_0\marcial_1_0\partials\_sidebar.php on line 235
[26-Jul-2026 10:29:13 America/Sao_Paulo] PHP Warning:  Undefined array key "c_sidebar" in C:\xampp\htdocs\ativisoft_1_0\marcial_1_0\partials\_sidebar.php on line 236
[26-Jul-2026 10:29:13 America/Sao_Paulo] PHP Warning:  Undefined array key "c_sidebar" in C:\xampp\htdocs\ativisoft_1_0\marcial_1_0\partials\_sidebar.php on line 245
[26-Jul-2026 10:29:13 America/Sao_Paulo] PHP Warning:  Undefined array key "c_sidebar" in C:\xampp\htdocs\ativisoft_1_0\marcial_1_0\partials\_sidebar.php on line 259
[26-Jul-2026 10:29:13 America/Sao_Paulo] PHP Warning:  Undefined array key "c_sidebar" in C:\xampp\htdocs\ativisoft_1_0\marcial_1_0\partials\_sidebar.php on line 260
[26-Jul-2026 10:29:13 America/Sao_Paulo] PHP Warning:  Undefined array key "c_sidebar" in C:\xampp\htdocs\ativisoft_1_0\marcial_1_0\partials\_sidebar.php on line 261
[26-Jul-2026 10:29:13 America/Sao_Paulo] PHP Warning:  Undefined array key "c_sidebar" in C:\xampp\htdocs\ativisoft_1_0\marcial_1_0\partials\_sidebar.php on line 266
[26-Jul-2026 10:29:13 America/Sao_Paulo] PHP Warning:  Undefined array key "c_sidebar" in C:\xampp\htdocs\ativisoft_1_0\marcial_1_0\partials\_sidebar.php on line 271
[26-Jul-2026 10:29:13 America/Sao_Paulo] PHP Warning:  Undefined array key "c_sidebar" in C:\xampp\htdocs\ativisoft_1_0\marcial_1_0\partials\_sidebar.php on line 272
[26-Jul-2026 10:29:13 America/Sao_Paulo] PHP Warning:  Undefined array key "c_sidebar" in C:\xampp\htdocs\ativisoft_1_0\marcial_1_0\partials\_sidebar.php on line 273
[26-Jul-2026 10:29:13 America/Sao_Paulo] PHP Warning:  Undefined array key "c_sidebar" in C:\xampp\htdocs\ativisoft_1_0\marcial_1_0\partials\_sidebar.php on line 285
[26-Jul-2026 10:29:13 America/Sao_Paulo] PHP Warning:  Undefined array key "c_sidebar" in C:\xampp\htdocs\ativisoft_1_0\marcial_1_0\partials\_sidebar.php on line 285
[26-Jul-2026 10:29:13 America/Sao_Paulo] PHP Warning:  Undefined array key "c_sidebar" in C:\xampp\htdocs\ativisoft_1_0\marcial_1_0\partials\_sidebar.php on line 286
[26-Jul-2026 10:29:48 America/Sao_Paulo] PHP Warning:  Undefined array key "c_sidebar" in C:\xampp\htdocs\ativisoft_1_0\marcial_1_0\partials\_sidebar.php on line 135
[26-Jul-2026 10:29:48 America/Sao_Paulo] PHP Warning:  Undefined array key "c_sidebar" in C:\xampp\htdocs\ativisoft_1_0\marcial_1_0\partials\_sidebar.php on line 206
[26-Jul-2026 10:29:48 America/Sao_Paulo] PHP Warning:  Undefined array key "c_sidebar" in C:\xampp\htdocs\ativisoft_1_0\marcial_1_0\partials\_sidebar.php on line 207
[26-Jul-2026 10:29:48 America/Sao_Paulo] PHP Warning:  Undefined array key "c_sidebar" in C:\xampp\htdocs\ativisoft_1_0\marcial_1_0\partials\_sidebar.php on line 208
[26-Jul-2026 10:29:48 America/Sao_Paulo] PHP Warning:  Undefined array key "c_sidebar" in C:\xampp\htdocs\ativisoft_1_0\marcial_1_0\partials\_sidebar.php on line 214
[26-Jul-2026 10:29:48 America/Sao_Paulo] PHP Warning:  Undefined array key "c_sidebar" in C:\xampp\htdocs\ativisoft_1_0\marcial_1_0\partials\_sidebar.php on line 215
[26-Jul-2026 10:29:48 America/Sao_Paulo] PHP Warning:  Undefined array key "c_sidebar" in C:\xampp\htdocs\ativisoft_1_0\marcial_1_0\partials\_sidebar.php on line 216
[26-Jul-2026 10:29:48 America/Sao_Paulo] PHP Warning:  Undefined array key "c_sidebar" in C:\xampp\htdocs\ativisoft_1_0\marcial_1_0\partials\_sidebar.php on line 219
[26-Jul-2026 10:29:48 America/Sao_Paulo] PHP Warning:  Undefined array key "c_sidebar" in C:\xampp\htdocs\ativisoft_1_0\marcial_1_0\partials\_sidebar.php on line 220
[26-Jul-2026 10:29:48 America/Sao_Paulo] PHP Warning:  Undefined array key "c_sidebar" in C:\xampp\htdocs\ativisoft_1_0\marcial_1_0\partials\_sidebar.php on line 221
[26-Jul-2026 10:29:48 America/Sao_Paulo] PHP Warning:  Undefined array key "c_sidebar" in C:\xampp\htdocs\ativisoft_1_0\marcial_1_0\partials\_sidebar.php on line 234
[26-Jul-2026 10:29:48 America/Sao_Paulo] PHP Warning:  Undefined array key "c_sidebar" in C:\xampp\htdocs\ativisoft_1_0\marcial_1_0\partials\_sidebar.php on line 235
[26-Jul-2026 10:29:48 America/Sao_Paulo] PHP Warning:  Undefined array key "c_sidebar" in C:\xampp\htdocs\ativisoft_1_0\marcial_1_0\partials\_sidebar.php on line 236
[26-Jul-2026 10:29:48 America/Sao_Paulo] PHP Warning:  Undefined array key "c_sidebar" in C:\xampp\htdocs\ativisoft_1_0\marcial_1_0\partials\_sidebar.php on line 245
[26-Jul-2026 10:29:48 America/Sao_Paulo] PHP Warning:  Undefined array key "c_sidebar" in C:\xampp\htdocs\ativisoft_1_0\marcial_1_0\partials\_sidebar.php on line 259
[26-Jul-2026 10:29:48 America/Sao_Paulo] PHP Warning:  Undefined array key "c_sidebar" in C:\xampp\htdocs\ativisoft_1_0\marcial_1_0\partials\_sidebar.php on line 260
[26-Jul-2026 10:29:48 America/Sao_Paulo] PHP Warning:  Undefined array key "c_sidebar" in C:\xampp\htdocs\ativisoft_1_0\marcial_1_0\partials\_sidebar.php on line 261
[26-Jul-2026 10:29:48 America/Sao_Paulo] PHP Warning:  Undefined array key "c_sidebar" in C:\xampp\htdocs\ativisoft_1_0\marcial_1_0\partials\_sidebar.php on line 266
[26-Jul-2026 10:29:48 America/Sao_Paulo] PHP Warning:  Undefined array key "c_sidebar" in C:\xampp\htdocs\ativisoft_1_0\marcial_1_0\partials\_sidebar.php on line 271
[26-Jul-2026 10:29:48 America/Sao_Paulo] PHP Warning:  Undefined array key "c_sidebar" in C:\xampp\htdocs\ativisoft_1_0\marcial_1_0\partials\_sidebar.php on line 272
[26-Jul-2026 10:29:48 America/Sao_Paulo] PHP Warning:  Undefined array key "c_sidebar" in C:\xampp\htdocs\ativisoft_1_0\marcial_1_0\partials\_sidebar.php on line 273
[26-Jul-2026 10:29:48 America/Sao_Paulo] PHP Warning:  Undefined array key "c_sidebar" in C:\xampp\htdocs\ativisoft_1_0\marcial_1_0\partials\_sidebar.php on line 285
[26-Jul-2026 10:29:48 America/Sao_Paulo] PHP Warning:  Undefined array key "c_sidebar" in C:\xampp\htdocs\ativisoft_1_0\marcial_1_0\partials\_sidebar.php on line 285
[26-Jul-2026 10:29:48 America/Sao_Paulo] PHP Warning:  Undefined array key "c_sidebar" in C:\xampp\htdocs\ativisoft_1_0\marcial_1_0\partials\_sidebar.php on line 286
[26-Jul-2026 10:31:14 America/Sao_Paulo] PHP Warning:  Undefined array key "c_sidebar" in C:\xampp\htdocs\ativisoft_1_0\marcial_1_0\partials\_sidebar.php on line 135
[26-Jul-2026 10:31:14 America/Sao_Paulo] PHP Warning:  Undefined array key "c_sidebar" in C:\xampp\htdocs\ativisoft_1_0\marcial_1_0\partials\_sidebar.php on line 206
[26-Jul-2026 10:31:14 America/Sao_Paulo] PHP Warning:  Undefined array key "c_sidebar" in C:\xampp\htdocs\ativisoft_1_0\marcial_1_0\partials\_sidebar.php on line 207
[26-Jul-2026 10:31:14 America/Sao_Paulo] PHP Warning:  Undefined array key "c_sidebar" in C:\xampp\htdocs\ativisoft_1_0\marcial_1_0\partials\_sidebar.php on line 208
[26-Jul-2026 10:31:14 America/Sao_Paulo] PHP Warning:  Undefined array key "c_sidebar" in C:\xampp\htdocs\ativisoft_1_0\marcial_1_0\partials\_sidebar.php on line 214
[26-Jul-2026 10:31:14 America/Sao_Paulo] PHP Warning:  Undefined array key "c_sidebar" in C:\xampp\htdocs\ativisoft_1_0\marcial_1_0\partials\_sidebar.php on line 215
[26-Jul-2026 10:31:14 America/Sao_Paulo] PHP Warning:  Undefined array key "c_sidebar" in C:\xampp\htdocs\ativisoft_1_0\marcial_1_0\partials\_sidebar.php on line 216
[26-Jul-2026 10:31:14 America/Sao_Paulo] PHP Warning:  Undefined array key "c_sidebar" in C:\xampp\htdocs\ativisoft_1_0\marcial_1_0\partials\_sidebar.php on line 219
[26-Jul-2026 10:31:14 America/Sao_Paulo] PHP Warning:  Undefined array key "c_sidebar" in C:\xampp\htdocs\ativisoft_1_0\marcial_1_0\partials\_sidebar.php on line 220
[26-Jul-2026 10:31:14 America/Sao_Paulo] PHP Warning:  Undefined array key "c_sidebar" in C:\xampp\htdocs\ativisoft_1_0\marcial_1_0\partials\_sidebar.php on line 221
[26-Jul-2026 10:31:14 America/Sao_Paulo] PHP Warning:  Undefined array key "c_sidebar" in C:\xampp\htdocs\ativisoft_1_0\marcial_1_0\partials\_sidebar.php on line 234
[26-Jul-2026 10:31:14 America/Sao_Paulo] PHP Warning:  Undefined array key "c_sidebar" in C:\xampp\htdocs\ativisoft_1_0\marcial_1_0\partials\_sidebar.php on line 235
[26-Jul-2026 10:31:14 America/Sao_Paulo] PHP Warning:  Undefined array key "c_sidebar" in C:\xampp\htdocs\ativisoft_1_0\marcial_1_0\partials\_sidebar.php on line 236
[26-Jul-2026 10:31:14 America/Sao_Paulo] PHP Warning:  Undefined array key "c_sidebar" in C:\xampp\htdocs\ativisoft_1_0\marcial_1_0\partials\_sidebar.php on line 245
[26-Jul-2026 10:31:14 America/Sao_Paulo] PHP Warning:  Undefined array key "c_sidebar" in C:\xampp\htdocs\ativisoft_1_0\marcial_1_0\partials\_sidebar.php on line 259
[26-Jul-2026 10:31:14 America/Sao_Paulo] PHP Warning:  Undefined array key "c_sidebar" in C:\xampp\htdocs\ativisoft_1_0\marcial_1_0\partials\_sidebar.php on line 260
[26-Jul-2026 10:31:14 America/Sao_Paulo] PHP Warning:  Undefined array key "c_sidebar" in C:\xampp\htdocs\ativisoft_1_0\marcial_1_0\partials\_sidebar.php on line 261
[26-Jul-2026 10:31:14 America/Sao_Paulo] PHP Warning:  Undefined array key "c_sidebar" in C:\xampp\htdocs\ativisoft_1_0\marcial_1_0\partials\_sidebar.php on line 266
[26-Jul-2026 10:31:14 America/Sao_Paulo] PHP Warning:  Undefined array key "c_sidebar" in C:\xampp\htdocs\ativisoft_1_0\marcial_1_0\partials\_sidebar.php on line 271
[26-Jul-2026 10:31:14 America/Sao_Paulo] PHP Warning:  Undefined array key "c_sidebar" in C:\xampp\htdocs\ativisoft_1_0\marcial_1_0\partials\_sidebar.php on line 272
[26-Jul-2026 10:31:14 America/Sao_Paulo] PHP Warning:  Undefined array key "c_sidebar" in C:\xampp\htdocs\ativisoft_1_0\marcial_1_0\partials\_sidebar.php on line 273
[26-Jul-2026 10:31:14 America/Sao_Paulo] PHP Warning:  Undefined array key "c_sidebar" in C:\xampp\htdocs\ativisoft_1_0\marcial_1_0\partials\_sidebar.php on line 285
[26-Jul-2026 10:31:14 America/Sao_Paulo] PHP Warning:  Undefined array key "c_sidebar" in C:\xampp\htdocs\ativisoft_1_0\marcial_1_0\partials\_sidebar.php on line 285
[26-Jul-2026 10:31:14 America/Sao_Paulo] PHP Warning:  Undefined array key "c_sidebar" in C:\xampp\htdocs\ativisoft_1_0\marcial_1_0\partials\_sidebar.php on line 286
[26-Jul-2026 10:31:25 America/Sao_Paulo] PHP Warning:  Undefined array key "c_sidebar" in C:\xampp\htdocs\ativisoft_1_0\marcial_1_0\partials\_sidebar.php on line 135
[26-Jul-2026 10:31:25 America/Sao_Paulo] PHP Warning:  Undefined array key "c_sidebar" in C:\xampp\htdocs\ativisoft_1_0\marcial_1_0\partials\_sidebar.php on line 206
[26-Jul-2026 10:31:25 America/Sao_Paulo] PHP Warning:  Undefined array key "c_sidebar" in C:\xampp\htdocs\ativisoft_1_0\marcial_1_0\partials\_sidebar.php on line 207
[26-Jul-2026 10:31:25 America/Sao_Paulo] PHP Warning:  Undefined array key "c_sidebar" in C:\xampp\htdocs\ativisoft_1_0\marcial_1_0\partials\_sidebar.php on line 208
[26-Jul-2026 10:31:25 America/Sao_Paulo] PHP Warning:  Undefined array key "c_sidebar" in C:\xampp\htdocs\ativisoft_1_0\marcial_1_0\partials\_sidebar.php on line 214
[26-Jul-2026 10:31:25 America/Sao_Paulo] PHP Warning:  Undefined array key "c_sidebar" in C:\xampp\htdocs\ativisoft_1_0\marcial_1_0\partials\_sidebar.php on line 215
[26-Jul-2026 10:31:25 America/Sao_Paulo] PHP Warning:  Undefined array key "c_sidebar" in C:\xampp\htdocs\ativisoft_1_0\marcial_1_0\partials\_sidebar.php on line 216
[26-Jul-2026 10:31:25 America/Sao_Paulo] PHP Warning:  Undefined array key "c_sidebar" in C:\xampp\htdocs\ativisoft_1_0\marcial_1_0\partials\_sidebar.php on line 219
[26-Jul-2026 10:31:25 America/Sao_Paulo] PHP Warning:  Undefined array key "c_sidebar" in C:\xampp\htdocs\ativisoft_1_0\marcial_1_0\partials\_sidebar.php on line 220
[26-Jul-2026 10:31:25 America/Sao_Paulo] PHP Warning:  Undefined array key "c_sidebar" in C:\xampp\htdocs\ativisoft_1_0\marcial_1_0\partials\_sidebar.php on line 221
[26-Jul-2026 10:31:25 America/Sao_Paulo] PHP Warning:  Undefined array key "c_sidebar" in C:\xampp\htdocs\ativisoft_1_0\marcial_1_0\partials\_sidebar.php on line 234
[26-Jul-2026 10:31:25 America/Sao_Paulo] PHP Warning:  Undefined array key "c_sidebar" in C:\xampp\htdocs\ativisoft_1_0\marcial_1_0\partials\_sidebar.php on line 235
[26-Jul-2026 10:31:25 America/Sao_Paulo] PHP Warning:  Undefined array key "c_sidebar" in C:\xampp\htdocs\ativisoft_1_0\marcial_1_0\partials\_sidebar.php on line 236
[26-Jul-2026 10:31:25 America/Sao_Paulo] PHP Warning:  Undefined array key "c_sidebar" in C:\xampp\htdocs\ativisoft_1_0\marcial_1_0\partials\_sidebar.php on line 245
[26-Jul-2026 10:31:25 America/Sao_Paulo] PHP Warning:  Undefined array key "c_sidebar" in C:\xampp\htdocs\ativisoft_1_0\marcial_1_0\partials\_sidebar.php on line 259
[26-Jul-2026 10:31:25 America/Sao_Paulo] PHP Warning:  Undefined array key "c_sidebar" in C:\xampp\htdocs\ativisoft_1_0\marcial_1_0\partials\_sidebar.php on line 260
[26-Jul-2026 10:31:25 America/Sao_Paulo] PHP Warning:  Undefined array key "c_sidebar" in C:\xampp\htdocs\ativisoft_1_0\marcial_1_0\partials\_sidebar.php on line 261
[26-Jul-2026 10:31:25 America/Sao_Paulo] PHP Warning:  Undefined array key "c_sidebar" in C:\xampp\htdocs\ativisoft_1_0\marcial_1_0\partials\_sidebar.php on line 266
[26-Jul-2026 10:31:25 America/Sao_Paulo] PHP Warning:  Undefined array key "c_sidebar" in C:\xampp\htdocs\ativisoft_1_0\marcial_1_0\partials\_sidebar.php on line 271
[26-Jul-2026 10:31:25 America/Sao_Paulo] PHP Warning:  Undefined array key "c_sidebar" in C:\xampp\htdocs\ativisoft_1_0\marcial_1_0\partials\_sidebar.php on line 272
[26-Jul-2026 10:31:25 America/Sao_Paulo] PHP Warning:  Undefined array key "c_sidebar" in C:\xampp\htdocs\ativisoft_1_0\marcial_1_0\partials\_sidebar.php on line 273
[26-Jul-2026 10:31:25 America/Sao_Paulo] PHP Warning:  Undefined array key "c_sidebar" in C:\xampp\htdocs\ativisoft_1_0\marcial_1_0\partials\_sidebar.php on line 285
[26-Jul-2026 10:31:25 America/Sao_Paulo] PHP Warning:  Undefined array key "c_sidebar" in C:\xampp\htdocs\ativisoft_1_0\marcial_1_0\partials\_sidebar.php on line 285
[26-Jul-2026 10:31:25 America/Sao_Paulo] PHP Warning:  Undefined array key "c_sidebar" in C:\xampp\htdocs\ativisoft_1_0\marcial_1_0\partials\_sidebar.php on line 286
[26-Jul-2026 10:49:12 America/Sao_Paulo] PHP Warning:  Undefined array key "c_sidebar" in C:\xampp\htdocs\ativisoft_1_0\marcial_1_0\partials\_sidebar.php on line 135
[26-Jul-2026 10:49:12 America/Sao_Paulo] PHP Warning:  Undefined array key "c_sidebar" in C:\xampp\htdocs\ativisoft_1_0\marcial_1_0\partials\_sidebar.php on line 206
[26-Jul-2026 10:49:12 America/Sao_Paulo] PHP Warning:  Undefined array key "c_sidebar" in C:\xampp\htdocs\ativisoft_1_0\marcial_1_0\partials\_sidebar.php on line 207
[26-Jul-2026 10:49:12 America/Sao_Paulo] PHP Warning:  Undefined array key "c_sidebar" in C:\xampp\htdocs\ativisoft_1_0\marcial_1_0\partials\_sidebar.php on line 208
[26-Jul-2026 10:49:12 America/Sao_Paulo] PHP Warning:  Undefined array key "c_sidebar" in C:\xampp\htdocs\ativisoft_1_0\marcial_1_0\partials\_sidebar.php on line 214
[26-Jul-2026 10:49:12 America/Sao_Paulo] PHP Warning:  Undefined array key "c_sidebar" in C:\xampp\htdocs\ativisoft_1_0\marcial_1_0\partials\_sidebar.php on line 215
[26-Jul-2026 10:49:12 America/Sao_Paulo] PHP Warning:  Undefined array key "c_sidebar" in C:\xampp\htdocs\ativisoft_1_0\marcial_1_0\partials\_sidebar.php on line 216
[26-Jul-2026 10:49:12 America/Sao_Paulo] PHP Warning:  Undefined array key "c_sidebar" in C:\xampp\htdocs\ativisoft_1_0\marcial_1_0\partials\_sidebar.php on line 219
[26-Jul-2026 10:49:12 America/Sao_Paulo] PHP Warning:  Undefined array key "c_sidebar" in C:\xampp\htdocs\ativisoft_1_0\marcial_1_0\partials\_sidebar.php on line 220
[26-Jul-2026 10:49:12 America/Sao_Paulo] PHP Warning:  Undefined array key "c_sidebar" in C:\xampp\htdocs\ativisoft_1_0\marcial_1_0\partials\_sidebar.php on line 221
[26-Jul-2026 10:49:12 America/Sao_Paulo] PHP Warning:  Undefined array key "c_sidebar" in C:\xampp\htdocs\ativisoft_1_0\marcial_1_0\partials\_sidebar.php on line 234
[26-Jul-2026 10:49:12 America/Sao_Paulo] PHP Warning:  Undefined array key "c_sidebar" in C:\xampp\htdocs\ativisoft_1_0\marcial_1_0\partials\_sidebar.php on line 235
[26-Jul-2026 10:49:12 America/Sao_Paulo] PHP Warning:  Undefined array key "c_sidebar" in C:\xampp\htdocs\ativisoft_1_0\marcial_1_0\partials\_sidebar.php on line 236
[26-Jul-2026 10:49:12 America/Sao_Paulo] PHP Warning:  Undefined array key "c_sidebar" in C:\xampp\htdocs\ativisoft_1_0\marcial_1_0\partials\_sidebar.php on line 245
[26-Jul-2026 10:49:12 America/Sao_Paulo] PHP Warning:  Undefined array key "c_sidebar" in C:\xampp\htdocs\ativisoft_1_0\marcial_1_0\partials\_sidebar.php on line 259
[26-Jul-2026 10:49:12 America/Sao_Paulo] PHP Warning:  Undefined array key "c_sidebar" in C:\xampp\htdocs\ativisoft_1_0\marcial_1_0\partials\_sidebar.php on line 260
[26-Jul-2026 10:49:12 America/Sao_Paulo] PHP Warning:  Undefined array key "c_sidebar" in C:\xampp\htdocs\ativisoft_1_0\marcial_1_0\partials\_sidebar.php on line 261
[26-Jul-2026 10:49:12 America/Sao_Paulo] PHP Warning:  Undefined array key "c_sidebar" in C:\xampp\htdocs\ativisoft_1_0\marcial_1_0\partials\_sidebar.php on line 266
[26-Jul-2026 10:49:12 America/Sao_Paulo] PHP Warning:  Undefined array key "c_sidebar" in C:\xampp\htdocs\ativisoft_1_0\marcial_1_0\partials\_sidebar.php on line 271
[26-Jul-2026 10:49:12 America/Sao_Paulo] PHP Warning:  Undefined array key "c_sidebar" in C:\xampp\htdocs\ativisoft_1_0\marcial_1_0\partials\_sidebar.php on line 272
[26-Jul-2026 10:49:12 America/Sao_Paulo] PHP Warning:  Undefined array key "c_sidebar" in C:\xampp\htdocs\ativisoft_1_0\marcial_1_0\partials\_sidebar.php on line 273
[26-Jul-2026 10:49:12 America/Sao_Paulo] PHP Warning:  Undefined array key "c_sidebar" in C:\xampp\htdocs\ativisoft_1_0\marcial_1_0\partials\_sidebar.php on line 285
[26-Jul-2026 10:49:12 America/Sao_Paulo] PHP Warning:  Undefined array key "c_sidebar" in C:\xampp\htdocs\ativisoft_1_0\marcial_1_0\partials\_sidebar.php on line 285
[26-Jul-2026 10:49:12 America/Sao_Paulo] PHP Warning:  Undefined array key "c_sidebar" in C:\xampp\htdocs\ativisoft_1_0\marcial_1_0\partials\_sidebar.php on line 286
[26-Jul-2026 10:49:27 America/Sao_Paulo] PHP Warning:  Undefined array key "c_sidebar" in C:\xampp\htdocs\ativisoft_1_0\marcial_1_0\partials\_sidebar.php on line 135
[26-Jul-2026 10:49:27 America/Sao_Paulo] PHP Warning:  Undefined array key "c_sidebar" in C:\xampp\htdocs\ativisoft_1_0\marcial_1_0\partials\_sidebar.php on line 206
[26-Jul-2026 10:49:27 America/Sao_Paulo] PHP Warning:  Undefined array key "c_sidebar" in C:\xampp\htdocs\ativisoft_1_0\marcial_1_0\partials\_sidebar.php on line 207
[26-Jul-2026 10:49:27 America/Sao_Paulo] PHP Warning:  Undefined array key "c_sidebar" in C:\xampp\htdocs\ativisoft_1_0\marcial_1_0\partials\_sidebar.php on line 208
[26-Jul-2026 10:49:27 America/Sao_Paulo] PHP Warning:  Undefined array key "c_sidebar" in C:\xampp\htdocs\ativisoft_1_0\marcial_1_0\partials\_sidebar.php on line 214
[26-Jul-2026 10:49:27 America/Sao_Paulo] PHP Warning:  Undefined array key "c_sidebar" in C:\xampp\htdocs\ativisoft_1_0\marcial_1_0\partials\_sidebar.php on line 215
[26-Jul-2026 10:49:27 America/Sao_Paulo] PHP Warning:  Undefined array key "c_sidebar" in C:\xampp\htdocs\ativisoft_1_0\marcial_1_0\partials\_sidebar.php on line 216
[26-Jul-2026 10:49:27 America/Sao_Paulo] PHP Warning:  Undefined array key "c_sidebar" in C:\xampp\htdocs\ativisoft_1_0\marcial_1_0\partials\_sidebar.php on line 219
[26-Jul-2026 10:49:27 America/Sao_Paulo] PHP Warning:  Undefined array key "c_sidebar" in C:\xampp\htdocs\ativisoft_1_0\marcial_1_0\partials\_sidebar.php on line 220
[26-Jul-2026 10:49:27 America/Sao_Paulo] PHP Warning:  Undefined array key "c_sidebar" in C:\xampp\htdocs\ativisoft_1_0\marcial_1_0\partials\_sidebar.php on line 221
[26-Jul-2026 10:49:27 America/Sao_Paulo] PHP Warning:  Undefined array key "c_sidebar" in C:\xampp\htdocs\ativisoft_1_0\marcial_1_0\partials\_sidebar.php on line 234
[26-Jul-2026 10:49:27 America/Sao_Paulo] PHP Warning:  Undefined array key "c_sidebar" in C:\xampp\htdocs\ativisoft_1_0\marcial_1_0\partials\_sidebar.php on line 235
[26-Jul-2026 10:49:27 America/Sao_Paulo] PHP Warning:  Undefined array key "c_sidebar" in C:\xampp\htdocs\ativisoft_1_0\marcial_1_0\partials\_sidebar.php on line 236
[26-Jul-2026 10:49:27 America/Sao_Paulo] PHP Warning:  Undefined array key "c_sidebar" in C:\xampp\htdocs\ativisoft_1_0\marcial_1_0\partials\_sidebar.php on line 245
[26-Jul-2026 10:49:27 America/Sao_Paulo] PHP Warning:  Undefined array key "c_sidebar" in C:\xampp\htdocs\ativisoft_1_0\marcial_1_0\partials\_sidebar.php on line 259
[26-Jul-2026 10:49:27 America/Sao_Paulo] PHP Warning:  Undefined array key "c_sidebar" in C:\xampp\htdocs\ativisoft_1_0\marcial_1_0\partials\_sidebar.php on line 260
[26-Jul-2026 10:49:27 America/Sao_Paulo] PHP Warning:  Undefined array key "c_sidebar" in C:\xampp\htdocs\ativisoft_1_0\marcial_1_0\partials\_sidebar.php on line 261
[26-Jul-2026 10:49:27 America/Sao_Paulo] PHP Warning:  Undefined array key "c_sidebar" in C:\xampp\htdocs\ativisoft_1_0\marcial_1_0\partials\_sidebar.php on line 266
[26-Jul-2026 10:49:27 America/Sao_Paulo] PHP Warning:  Undefined array key "c_sidebar" in C:\xampp\htdocs\ativisoft_1_0\marcial_1_0\partials\_sidebar.php on line 271
[26-Jul-2026 10:49:27 America/Sao_Paulo] PHP Warning:  Undefined array key "c_sidebar" in C:\xampp\htdocs\ativisoft_1_0\marcial_1_0\partials\_sidebar.php on line 272
[26-Jul-2026 10:49:27 America/Sao_Paulo] PHP Warning:  Undefined array key "c_sidebar" in C:\xampp\htdocs\ativisoft_1_0\marcial_1_0\partials\_sidebar.php on line 273
[26-Jul-2026 10:49:27 America/Sao_Paulo] PHP Warning:  Undefined array key "c_sidebar" in C:\xampp\htdocs\ativisoft_1_0\marcial_1_0\partials\_sidebar.php on line 285
[26-Jul-2026 10:49:27 America/Sao_Paulo] PHP Warning:  Undefined array key "c_sidebar" in C:\xampp\htdocs\ativisoft_1_0\marcial_1_0\partials\_sidebar.php on line 285
[26-Jul-2026 10:49:27 America/Sao_Paulo] PHP Warning:  Undefined array key "c_sidebar" in C:\xampp\htdocs\ativisoft_1_0\marcial_1_0\partials\_sidebar.php on line 286
[26-Jul-2026 10:50:08 America/Sao_Paulo] PHP Warning:  Undefined array key "c_sidebar" in C:\xampp\htdocs\ativisoft_1_0\marcial_1_0\partials\_sidebar.php on line 135
[26-Jul-2026 10:50:08 America/Sao_Paulo] PHP Warning:  Undefined array key "c_sidebar" in C:\xampp\htdocs\ativisoft_1_0\marcial_1_0\partials\_sidebar.php on line 206
[26-Jul-2026 10:50:08 America/Sao_Paulo] PHP Warning:  Undefined array key "c_sidebar" in C:\xampp\htdocs\ativisoft_1_0\marcial_1_0\partials\_sidebar.php on line 207
[26-Jul-2026 10:50:08 America/Sao_Paulo] PHP Warning:  Undefined array key "c_sidebar" in C:\xampp\htdocs\ativisoft_1_0\marcial_1_0\partials\_sidebar.php on line 208
[26-Jul-2026 10:50:08 America/Sao_Paulo] PHP Warning:  Undefined array key "c_sidebar" in C:\xampp\htdocs\ativisoft_1_0\marcial_1_0\partials\_sidebar.php on line 214
[26-Jul-2026 10:50:08 America/Sao_Paulo] PHP Warning:  Undefined array key "c_sidebar" in C:\xampp\htdocs\ativisoft_1_0\marcial_1_0\partials\_sidebar.php on line 215
[26-Jul-2026 10:50:08 America/Sao_Paulo] PHP Warning:  Undefined array key "c_sidebar" in C:\xampp\htdocs\ativisoft_1_0\marcial_1_0\partials\_sidebar.php on line 216
[26-Jul-2026 10:50:08 America/Sao_Paulo] PHP Warning:  Undefined array key "c_sidebar" in C:\xampp\htdocs\ativisoft_1_0\marcial_1_0\partials\_sidebar.php on line 219
[26-Jul-2026 10:50:08 America/Sao_Paulo] PHP Warning:  Undefined array key "c_sidebar" in C:\xampp\htdocs\ativisoft_1_0\marcial_1_0\partials\_sidebar.php on line 220
[26-Jul-2026 10:50:08 America/Sao_Paulo] PHP Warning:  Undefined array key "c_sidebar" in C:\xampp\htdocs\ativisoft_1_0\marcial_1_0\partials\_sidebar.php on line 221
[26-Jul-2026 10:50:08 America/Sao_Paulo] PHP Warning:  Undefined array key "c_sidebar" in C:\xampp\htdocs\ativisoft_1_0\marcial_1_0\partials\_sidebar.php on line 234
[26-Jul-2026 10:50:08 America/Sao_Paulo] PHP Warning:  Undefined array key "c_sidebar" in C:\xampp\htdocs\ativisoft_1_0\marcial_1_0\partials\_sidebar.php on line 235
[26-Jul-2026 10:50:08 America/Sao_Paulo] PHP Warning:  Undefined array key "c_sidebar" in C:\xampp\htdocs\ativisoft_1_0\marcial_1_0\partials\_sidebar.php on line 236
[26-Jul-2026 10:50:08 America/Sao_Paulo] PHP Warning:  Undefined array key "c_sidebar" in C:\xampp\htdocs\ativisoft_1_0\marcial_1_0\partials\_sidebar.php on line 245
[26-Jul-2026 10:50:08 America/Sao_Paulo] PHP Warning:  Undefined array key "c_sidebar" in C:\xampp\htdocs\ativisoft_1_0\marcial_1_0\partials\_sidebar.php on line 259
[26-Jul-2026 10:50:08 America/Sao_Paulo] PHP Warning:  Undefined array key "c_sidebar" in C:\xampp\htdocs\ativisoft_1_0\marcial_1_0\partials\_sidebar.php on line 260
[26-Jul-2026 10:50:08 America/Sao_Paulo] PHP Warning:  Undefined array key "c_sidebar" in C:\xampp\htdocs\ativisoft_1_0\marcial_1_0\partials\_sidebar.php on line 261
[26-Jul-2026 10:50:08 America/Sao_Paulo] PHP Warning:  Undefined array key "c_sidebar" in C:\xampp\htdocs\ativisoft_1_0\marcial_1_0\partials\_sidebar.php on line 266
[26-Jul-2026 10:50:08 America/Sao_Paulo] PHP Warning:  Undefined array key "c_sidebar" in C:\xampp\htdocs\ativisoft_1_0\marcial_1_0\partials\_sidebar.php on line 271
[26-Jul-2026 10:50:08 America/Sao_Paulo] PHP Warning:  Undefined array key "c_sidebar" in C:\xampp\htdocs\ativisoft_1_0\marcial_1_0\partials\_sidebar.php on line 272
[26-Jul-2026 10:50:08 America/Sao_Paulo] PHP Warning:  Undefined array key "c_sidebar" in C:\xampp\htdocs\ativisoft_1_0\marcial_1_0\partials\_sidebar.php on line 273
[26-Jul-2026 10:50:08 America/Sao_Paulo] PHP Warning:  Undefined array key "c_sidebar" in C:\xampp\htdocs\ativisoft_1_0\marcial_1_0\partials\_sidebar.php on line 285
[26-Jul-2026 10:50:08 America/Sao_Paulo] PHP Warning:  Undefined array key "c_sidebar" in C:\xampp\htdocs\ativisoft_1_0\marcial_1_0\partials\_sidebar.php on line 285
[26-Jul-2026 10:50:08 America/Sao_Paulo] PHP Warning:  Undefined array key "c_sidebar" in C:\xampp\htdocs\ativisoft_1_0\marcial_1_0\partials\_sidebar.php on line 286
[26-Jul-2026 10:51:01 America/Sao_Paulo] PHP Warning:  Undefined array key "c_sidebar" in C:\xampp\htdocs\ativisoft_1_0\marcial_1_0\partials\_sidebar.php on line 135
[26-Jul-2026 10:51:01 America/Sao_Paulo] PHP Warning:  Undefined array key "c_sidebar" in C:\xampp\htdocs\ativisoft_1_0\marcial_1_0\partials\_sidebar.php on line 206
[26-Jul-2026 10:51:01 America/Sao_Paulo] PHP Warning:  Undefined array key "c_sidebar" in C:\xampp\htdocs\ativisoft_1_0\marcial_1_0\partials\_sidebar.php on line 207
[26-Jul-2026 10:51:01 America/Sao_Paulo] PHP Warning:  Undefined array key "c_sidebar" in C:\xampp\htdocs\ativisoft_1_0\marcial_1_0\partials\_sidebar.php on line 208
[26-Jul-2026 10:51:01 America/Sao_Paulo] PHP Warning:  Undefined array key "c_sidebar" in C:\xampp\htdocs\ativisoft_1_0\marcial_1_0\partials\_sidebar.php on line 214
[26-Jul-2026 10:51:01 America/Sao_Paulo] PHP Warning:  Undefined array key "c_sidebar" in C:\xampp\htdocs\ativisoft_1_0\marcial_1_0\partials\_sidebar.php on line 215
[26-Jul-2026 10:51:01 America/Sao_Paulo] PHP Warning:  Undefined array key "c_sidebar" in C:\xampp\htdocs\ativisoft_1_0\marcial_1_0\partials\_sidebar.php on line 216
[26-Jul-2026 10:51:01 America/Sao_Paulo] PHP Warning:  Undefined array key "c_sidebar" in C:\xampp\htdocs\ativisoft_1_0\marcial_1_0\partials\_sidebar.php on line 219
[26-Jul-2026 10:51:01 America/Sao_Paulo] PHP Warning:  Undefined array key "c_sidebar" in C:\xampp\htdocs\ativisoft_1_0\marcial_1_0\partials\_sidebar.php on line 220
[26-Jul-2026 10:51:01 America/Sao_Paulo] PHP Warning:  Undefined array key "c_sidebar" in C:\xampp\htdocs\ativisoft_1_0\marcial_1_0\partials\_sidebar.php on line 221
[26-Jul-2026 10:51:01 America/Sao_Paulo] PHP Warning:  Undefined array key "c_sidebar" in C:\xampp\htdocs\ativisoft_1_0\marcial_1_0\partials\_sidebar.php on line 234
[26-Jul-2026 10:51:01 America/Sao_Paulo] PHP Warning:  Undefined array key "c_sidebar" in C:\xampp\htdocs\ativisoft_1_0\marcial_1_0\partials\_sidebar.php on line 235
[26-Jul-2026 10:51:01 America/Sao_Paulo] PHP Warning:  Undefined array key "c_sidebar" in C:\xampp\htdocs\ativisoft_1_0\marcial_1_0\partials\_sidebar.php on line 236
[26-Jul-2026 10:51:01 America/Sao_Paulo] PHP Warning:  Undefined array key "c_sidebar" in C:\xampp\htdocs\ativisoft_1_0\marcial_1_0\partials\_sidebar.php on line 245
[26-Jul-2026 10:51:01 America/Sao_Paulo] PHP Warning:  Undefined array key "c_sidebar" in C:\xampp\htdocs\ativisoft_1_0\marcial_1_0\partials\_sidebar.php on line 259
[26-Jul-2026 10:51:01 America/Sao_Paulo] PHP Warning:  Undefined array key "c_sidebar" in C:\xampp\htdocs\ativisoft_1_0\marcial_1_0\partials\_sidebar.php on line 260
[26-Jul-2026 10:51:01 America/Sao_Paulo] PHP Warning:  Undefined array key "c_sidebar" in C:\xampp\htdocs\ativisoft_1_0\marcial_1_0\partials\_sidebar.php on line 261
[26-Jul-2026 10:51:01 America/Sao_Paulo] PHP Warning:  Undefined array key "c_sidebar" in C:\xampp\htdocs\ativisoft_1_0\marcial_1_0\partials\_sidebar.php on line 266
[26-Jul-2026 10:51:01 America/Sao_Paulo] PHP Warning:  Undefined array key "c_sidebar" in C:\xampp\htdocs\ativisoft_1_0\marcial_1_0\partials\_sidebar.php on line 271
[26-Jul-2026 10:51:01 America/Sao_Paulo] PHP Warning:  Undefined array key "c_sidebar" in C:\xampp\htdocs\ativisoft_1_0\marcial_1_0\partials\_sidebar.php on line 272
[26-Jul-2026 10:51:01 America/Sao_Paulo] PHP Warning:  Undefined array key "c_sidebar" in C:\xampp\htdocs\ativisoft_1_0\marcial_1_0\partials\_sidebar.php on line 273
[26-Jul-2026 10:51:01 America/Sao_Paulo] PHP Warning:  Undefined array key "c_sidebar" in C:\xampp\htdocs\ativisoft_1_0\marcial_1_0\partials\_sidebar.php on line 285
[26-Jul-2026 10:51:01 America/Sao_Paulo] PHP Warning:  Undefined array key "c_sidebar" in C:\xampp\htdocs\ativisoft_1_0\marcial_1_0\partials\_sidebar.php on line 285
[26-Jul-2026 10:51:01 America/Sao_Paulo] PHP Warning:  Undefined array key "c_sidebar" in C:\xampp\htdocs\ativisoft_1_0\marcial_1_0\partials\_sidebar.php on line 286
[26-Jul-2026 10:51:02 America/Sao_Paulo] PHP Warning:  Undefined array key "c_sidebar" in C:\xampp\htdocs\ativisoft_1_0\marcial_1_0\partials\_sidebar.php on line 135
[26-Jul-2026 10:51:02 America/Sao_Paulo] PHP Warning:  Undefined array key "c_sidebar" in C:\xampp\htdocs\ativisoft_1_0\marcial_1_0\partials\_sidebar.php on line 206
[26-Jul-2026 10:51:02 America/Sao_Paulo] PHP Warning:  Undefined array key "c_sidebar" in C:\xampp\htdocs\ativisoft_1_0\marcial_1_0\partials\_sidebar.php on line 207
[26-Jul-2026 10:51:02 America/Sao_Paulo] PHP Warning:  Undefined array key "c_sidebar" in C:\xampp\htdocs\ativisoft_1_0\marcial_1_0\partials\_sidebar.php on line 208
[26-Jul-2026 10:51:02 America/Sao_Paulo] PHP Warning:  Undefined array key "c_sidebar" in C:\xampp\htdocs\ativisoft_1_0\marcial_1_0\partials\_sidebar.php on line 214
[26-Jul-2026 10:51:02 America/Sao_Paulo] PHP Warning:  Undefined array key "c_sidebar" in C:\xampp\htdocs\ativisoft_1_0\marcial_1_0\partials\_sidebar.php on line 215
[26-Jul-2026 10:51:02 America/Sao_Paulo] PHP Warning:  Undefined array key "c_sidebar" in C:\xampp\htdocs\ativisoft_1_0\marcial_1_0\partials\_sidebar.php on line 216
[26-Jul-2026 10:51:02 America/Sao_Paulo] PHP Warning:  Undefined array key "c_sidebar" in C:\xampp\htdocs\ativisoft_1_0\marcial_1_0\partials\_sidebar.php on line 219
[26-Jul-2026 10:51:02 America/Sao_Paulo] PHP Warning:  Undefined array key "c_sidebar" in C:\xampp\htdocs\ativisoft_1_0\marcial_1_0\partials\_sidebar.php on line 220
[26-Jul-2026 10:51:02 America/Sao_Paulo] PHP Warning:  Undefined array key "c_sidebar" in C:\xampp\htdocs\ativisoft_1_0\marcial_1_0\partials\_sidebar.php on line 221
[26-Jul-2026 10:51:02 America/Sao_Paulo] PHP Warning:  Undefined array key "c_sidebar" in C:\xampp\htdocs\ativisoft_1_0\marcial_1_0\partials\_sidebar.php on line 234
[26-Jul-2026 10:51:02 America/Sao_Paulo] PHP Warning:  Undefined array key "c_sidebar" in C:\xampp\htdocs\ativisoft_1_0\marcial_1_0\partials\_sidebar.php on line 235
[26-Jul-2026 10:51:02 America/Sao_Paulo] PHP Warning:  Undefined array key "c_sidebar" in C:\xampp\htdocs\ativisoft_1_0\marcial_1_0\partials\_sidebar.php on line 236
[26-Jul-2026 10:51:02 America/Sao_Paulo] PHP Warning:  Undefined array key "c_sidebar" in C:\xampp\htdocs\ativisoft_1_0\marcial_1_0\partials\_sidebar.php on line 245
[26-Jul-2026 10:51:02 America/Sao_Paulo] PHP Warning:  Undefined array key "c_sidebar" in C:\xampp\htdocs\ativisoft_1_0\marcial_1_0\partials\_sidebar.php on line 259
[26-Jul-2026 10:51:02 America/Sao_Paulo] PHP Warning:  Undefined array key "c_sidebar" in C:\xampp\htdocs\ativisoft_1_0\marcial_1_0\partials\_sidebar.php on line 260
[26-Jul-2026 10:51:02 America/Sao_Paulo] PHP Warning:  Undefined array key "c_sidebar" in C:\xampp\htdocs\ativisoft_1_0\marcial_1_0\partials\_sidebar.php on line 261
[26-Jul-2026 10:51:02 America/Sao_Paulo] PHP Warning:  Undefined array key "c_sidebar" in C:\xampp\htdocs\ativisoft_1_0\marcial_1_0\partials\_sidebar.php on line 266
[26-Jul-2026 10:51:02 America/Sao_Paulo] PHP Warning:  Undefined array key "c_sidebar" in C:\xampp\htdocs\ativisoft_1_0\marcial_1_0\partials\_sidebar.php on line 271
[26-Jul-2026 10:51:02 America/Sao_Paulo] PHP Warning:  Undefined array key "c_sidebar" in C:\xampp\htdocs\ativisoft_1_0\marcial_1_0\partials\_sidebar.php on line 272
[26-Jul-2026 10:51:02 America/Sao_Paulo] PHP Warning:  Undefined array key "c_sidebar" in C:\xampp\htdocs\ativisoft_1_0\marcial_1_0\partials\_sidebar.php on line 273
[26-Jul-2026 10:51:02 America/Sao_Paulo] PHP Warning:  Undefined array key "c_sidebar" in C:\xampp\htdocs\ativisoft_1_0\marcial_1_0\partials\_sidebar.php on line 285
[26-Jul-2026 10:51:02 America/Sao_Paulo] PHP Warning:  Undefined array key "c_sidebar" in C:\xampp\htdocs\ativisoft_1_0\marcial_1_0\partials\_sidebar.php on line 285
[26-Jul-2026 10:51:02 America/Sao_Paulo] PHP Warning:  Undefined array key "c_sidebar" in C:\xampp\htdocs\ativisoft_1_0\marcial_1_0\partials\_sidebar.php on line 286
[26-Jul-2026 10:51:12 America/Sao_Paulo] PHP Warning:  Undefined array key "c_sidebar" in C:\xampp\htdocs\ativisoft_1_0\marcial_1_0\partials\_sidebar.php on line 135
[26-Jul-2026 10:51:12 America/Sao_Paulo] PHP Warning:  Undefined array key "c_sidebar" in C:\xampp\htdocs\ativisoft_1_0\marcial_1_0\partials\_sidebar.php on line 206
[26-Jul-2026 10:51:12 America/Sao_Paulo] PHP Warning:  Undefined array key "c_sidebar" in C:\xampp\htdocs\ativisoft_1_0\marcial_1_0\partials\_sidebar.php on line 207
[26-Jul-2026 10:51:12 America/Sao_Paulo] PHP Warning:  Undefined array key "c_sidebar" in C:\xampp\htdocs\ativisoft_1_0\marcial_1_0\partials\_sidebar.php on line 208
[26-Jul-2026 10:51:12 America/Sao_Paulo] PHP Warning:  Undefined array key "c_sidebar" in C:\xampp\htdocs\ativisoft_1_0\marcial_1_0\partials\_sidebar.php on line 214
[26-Jul-2026 10:51:12 America/Sao_Paulo] PHP Warning:  Undefined array key "c_sidebar" in C:\xampp\htdocs\ativisoft_1_0\marcial_1_0\partials\_sidebar.php on line 215
[26-Jul-2026 10:51:12 America/Sao_Paulo] PHP Warning:  Undefined array key "c_sidebar" in C:\xampp\htdocs\ativisoft_1_0\marcial_1_0\partials\_sidebar.php on line 216
[26-Jul-2026 10:51:12 America/Sao_Paulo] PHP Warning:  Undefined array key "c_sidebar" in C:\xampp\htdocs\ativisoft_1_0\marcial_1_0\partials\_sidebar.php on line 219
[26-Jul-2026 10:51:12 America/Sao_Paulo] PHP Warning:  Undefined array key "c_sidebar" in C:\xampp\htdocs\ativisoft_1_0\marcial_1_0\partials\_sidebar.php on line 220
[26-Jul-2026 10:51:12 America/Sao_Paulo] PHP Warning:  Undefined array key "c_sidebar" in C:\xampp\htdocs\ativisoft_1_0\marcial_1_0\partials\_sidebar.php on line 221
[26-Jul-2026 10:51:12 America/Sao_Paulo] PHP Warning:  Undefined array key "c_sidebar" in C:\xampp\htdocs\ativisoft_1_0\marcial_1_0\partials\_sidebar.php on line 234
[26-Jul-2026 10:51:12 America/Sao_Paulo] PHP Warning:  Undefined array key "c_sidebar" in C:\xampp\htdocs\ativisoft_1_0\marcial_1_0\partials\_sidebar.php on line 235
[26-Jul-2026 10:51:12 America/Sao_Paulo] PHP Warning:  Undefined array key "c_sidebar" in C:\xampp\htdocs\ativisoft_1_0\marcial_1_0\partials\_sidebar.php on line 236
[26-Jul-2026 10:51:12 America/Sao_Paulo] PHP Warning:  Undefined array key "c_sidebar" in C:\xampp\htdocs\ativisoft_1_0\marcial_1_0\partials\_sidebar.php on line 245
[26-Jul-2026 10:51:12 America/Sao_Paulo] PHP Warning:  Undefined array key "c_sidebar" in C:\xampp\htdocs\ativisoft_1_0\marcial_1_0\partials\_sidebar.php on line 259
[26-Jul-2026 10:51:12 America/Sao_Paulo] PHP Warning:  Undefined array key "c_sidebar" in C:\xampp\htdocs\ativisoft_1_0\marcial_1_0\partials\_sidebar.php on line 260
[26-Jul-2026 10:51:12 America/Sao_Paulo] PHP Warning:  Undefined array key "c_sidebar" in C:\xampp\htdocs\ativisoft_1_0\marcial_1_0\partials\_sidebar.php on line 261
[26-Jul-2026 10:51:12 America/Sao_Paulo] PHP Warning:  Undefined array key "c_sidebar" in C:\xampp\htdocs\ativisoft_1_0\marcial_1_0\partials\_sidebar.php on line 266
[26-Jul-2026 10:51:12 America/Sao_Paulo] PHP Warning:  Undefined array key "c_sidebar" in C:\xampp\htdocs\ativisoft_1_0\marcial_1_0\partials\_sidebar.php on line 271
[26-Jul-2026 10:51:12 America/Sao_Paulo] PHP Warning:  Undefined array key "c_sidebar" in C:\xampp\htdocs\ativisoft_1_0\marcial_1_0\partials\_sidebar.php on line 272
[26-Jul-2026 10:51:12 America/Sao_Paulo] PHP Warning:  Undefined array key "c_sidebar" in C:\xampp\htdocs\ativisoft_1_0\marcial_1_0\partials\_sidebar.php on line 273
[26-Jul-2026 10:51:12 America/Sao_Paulo] PHP Warning:  Undefined array key "c_sidebar" in C:\xampp\htdocs\ativisoft_1_0\marcial_1_0\partials\_sidebar.php on line 285
[26-Jul-2026 10:51:12 America/Sao_Paulo] PHP Warning:  Undefined array key "c_sidebar" in C:\xampp\htdocs\ativisoft_1_0\marcial_1_0\partials\_sidebar.php on line 285
[26-Jul-2026 10:51:12 America/Sao_Paulo] PHP Warning:  Undefined array key "c_sidebar" in C:\xampp\htdocs\ativisoft_1_0\marcial_1_0\partials\_sidebar.php on line 286
[26-Jul-2026 11:14:53 America/Sao_Paulo] PHP Warning:  Undefined array key "c_sidebar" in C:\xampp\htdocs\ativisoft_1_0\marcial_1_0\partials\_sidebar.php on line 135
[26-Jul-2026 11:14:53 America/Sao_Paulo] PHP Warning:  Undefined array key "c_sidebar" in C:\xampp\htdocs\ativisoft_1_0\marcial_1_0\partials\_sidebar.php on line 206
[26-Jul-2026 11:14:53 America/Sao_Paulo] PHP Warning:  Undefined array key "c_sidebar" in C:\xampp\htdocs\ativisoft_1_0\marcial_1_0\partials\_sidebar.php on line 207
[26-Jul-2026 11:14:53 America/Sao_Paulo] PHP Warning:  Undefined array key "c_sidebar" in C:\xampp\htdocs\ativisoft_1_0\marcial_1_0\partials\_sidebar.php on line 208
[26-Jul-2026 11:14:53 America/Sao_Paulo] PHP Warning:  Undefined array key "c_sidebar" in C:\xampp\htdocs\ativisoft_1_0\marcial_1_0\partials\_sidebar.php on line 214
[26-Jul-2026 11:14:53 America/Sao_Paulo] PHP Warning:  Undefined array key "c_sidebar" in C:\xampp\htdocs\ativisoft_1_0\marcial_1_0\partials\_sidebar.php on line 215
[26-Jul-2026 11:14:53 America/Sao_Paulo] PHP Warning:  Undefined array key "c_sidebar" in C:\xampp\htdocs\ativisoft_1_0\marcial_1_0\partials\_sidebar.php on line 216
[26-Jul-2026 11:14:53 America/Sao_Paulo] PHP Warning:  Undefined array key "c_sidebar" in C:\xampp\htdocs\ativisoft_1_0\marcial_1_0\partials\_sidebar.php on line 219
[26-Jul-2026 11:14:53 America/Sao_Paulo] PHP Warning:  Undefined array key "c_sidebar" in C:\xampp\htdocs\ativisoft_1_0\marcial_1_0\partials\_sidebar.php on line 220
[26-Jul-2026 11:14:53 America/Sao_Paulo] PHP Warning:  Undefined array key "c_sidebar" in C:\xampp\htdocs\ativisoft_1_0\marcial_1_0\partials\_sidebar.php on line 221
[26-Jul-2026 11:14:53 America/Sao_Paulo] PHP Warning:  Undefined array key "c_sidebar" in C:\xampp\htdocs\ativisoft_1_0\marcial_1_0\partials\_sidebar.php on line 234
[26-Jul-2026 11:14:53 America/Sao_Paulo] PHP Warning:  Undefined array key "c_sidebar" in C:\xampp\htdocs\ativisoft_1_0\marcial_1_0\partials\_sidebar.php on line 235
[26-Jul-2026 11:14:53 America/Sao_Paulo] PHP Warning:  Undefined array key "c_sidebar" in C:\xampp\htdocs\ativisoft_1_0\marcial_1_0\partials\_sidebar.php on line 236
[26-Jul-2026 11:14:53 America/Sao_Paulo] PHP Warning:  Undefined array key "c_sidebar" in C:\xampp\htdocs\ativisoft_1_0\marcial_1_0\partials\_sidebar.php on line 245
[26-Jul-2026 11:14:53 America/Sao_Paulo] PHP Warning:  Undefined array key "c_sidebar" in C:\xampp\htdocs\ativisoft_1_0\marcial_1_0\partials\_sidebar.php on line 259
[26-Jul-2026 11:14:53 America/Sao_Paulo] PHP Warning:  Undefined array key "c_sidebar" in C:\xampp\htdocs\ativisoft_1_0\marcial_1_0\partials\_sidebar.php on line 260
[26-Jul-2026 11:14:53 America/Sao_Paulo] PHP Warning:  Undefined array key "c_sidebar" in C:\xampp\htdocs\ativisoft_1_0\marcial_1_0\partials\_sidebar.php on line 261
[26-Jul-2026 11:14:53 America/Sao_Paulo] PHP Warning:  Undefined array key "c_sidebar" in C:\xampp\htdocs\ativisoft_1_0\marcial_1_0\partials\_sidebar.php on line 266
[26-Jul-2026 11:14:53 America/Sao_Paulo] PHP Warning:  Undefined array key "c_sidebar" in C:\xampp\htdocs\ativisoft_1_0\marcial_1_0\partials\_sidebar.php on line 271
[26-Jul-2026 11:14:53 America/Sao_Paulo] PHP Warning:  Undefined array key "c_sidebar" in C:\xampp\htdocs\ativisoft_1_0\marcial_1_0\partials\_sidebar.php on line 272
[26-Jul-2026 11:14:53 America/Sao_Paulo] PHP Warning:  Undefined array key "c_sidebar" in C:\xampp\htdocs\ativisoft_1_0\marcial_1_0\partials\_sidebar.php on line 273
[26-Jul-2026 11:14:53 America/Sao_Paulo] PHP Warning:  Undefined array key "c_sidebar" in C:\xampp\htdocs\ativisoft_1_0\marcial_1_0\partials\_sidebar.php on line 285
[26-Jul-2026 11:14:53 America/Sao_Paulo] PHP Warning:  Undefined array key "c_sidebar" in C:\xampp\htdocs\ativisoft_1_0\marcial_1_0\partials\_sidebar.php on line 285
[26-Jul-2026 11:14:53 America/Sao_Paulo] PHP Warning:  Undefined array key "c_sidebar" in C:\xampp\htdocs\ativisoft_1_0\marcial_1_0\partials\_sidebar.php on line 286
[26-Jul-2026 11:14:56 America/Sao_Paulo] PHP Warning:  Undefined array key "c_sidebar" in C:\xampp\htdocs\ativisoft_1_0\marcial_1_0\partials\_sidebar.php on line 135
[26-Jul-2026 11:14:56 America/Sao_Paulo] PHP Warning:  Undefined array key "c_sidebar" in C:\xampp\htdocs\ativisoft_1_0\marcial_1_0\partials\_sidebar.php on line 206
[26-Jul-2026 11:14:56 America/Sao_Paulo] PHP Warning:  Undefined array key "c_sidebar" in C:\xampp\htdocs\ativisoft_1_0\marcial_1_0\partials\_sidebar.php on line 207
[26-Jul-2026 11:14:56 America/Sao_Paulo] PHP Warning:  Undefined array key "c_sidebar" in C:\xampp\htdocs\ativisoft_1_0\marcial_1_0\partials\_sidebar.php on line 208
[26-Jul-2026 11:14:56 America/Sao_Paulo] PHP Warning:  Undefined array key "c_sidebar" in C:\xampp\htdocs\ativisoft_1_0\marcial_1_0\partials\_sidebar.php on line 214
[26-Jul-2026 11:14:56 America/Sao_Paulo] PHP Warning:  Undefined array key "c_sidebar" in C:\xampp\htdocs\ativisoft_1_0\marcial_1_0\partials\_sidebar.php on line 215
[26-Jul-2026 11:14:56 America/Sao_Paulo] PHP Warning:  Undefined array key "c_sidebar" in C:\xampp\htdocs\ativisoft_1_0\marcial_1_0\partials\_sidebar.php on line 216
[26-Jul-2026 11:14:56 America/Sao_Paulo] PHP Warning:  Undefined array key "c_sidebar" in C:\xampp\htdocs\ativisoft_1_0\marcial_1_0\partials\_sidebar.php on line 219
[26-Jul-2026 11:14:56 America/Sao_Paulo] PHP Warning:  Undefined array key "c_sidebar" in C:\xampp\htdocs\ativisoft_1_0\marcial_1_0\partials\_sidebar.php on line 220
[26-Jul-2026 11:14:56 America/Sao_Paulo] PHP Warning:  Undefined array key "c_sidebar" in C:\xampp\htdocs\ativisoft_1_0\marcial_1_0\partials\_sidebar.php on line 221
[26-Jul-2026 11:14:56 America/Sao_Paulo] PHP Warning:  Undefined array key "c_sidebar" in C:\xampp\htdocs\ativisoft_1_0\marcial_1_0\partials\_sidebar.php on line 234
[26-Jul-2026 11:14:56 America/Sao_Paulo] PHP Warning:  Undefined array key "c_sidebar" in C:\xampp\htdocs\ativisoft_1_0\marcial_1_0\partials\_sidebar.php on line 235
[26-Jul-2026 11:14:56 America/Sao_Paulo] PHP Warning:  Undefined array key "c_sidebar" in C:\xampp\htdocs\ativisoft_1_0\marcial_1_0\partials\_sidebar.php on line 236
[26-Jul-2026 11:14:56 America/Sao_Paulo] PHP Warning:  Undefined array key "c_sidebar" in C:\xampp\htdocs\ativisoft_1_0\marcial_1_0\partials\_sidebar.php on line 245
[26-Jul-2026 11:14:56 America/Sao_Paulo] PHP Warning:  Undefined array key "c_sidebar" in C:\xampp\htdocs\ativisoft_1_0\marcial_1_0\partials\_sidebar.php on line 259
[26-Jul-2026 11:14:56 America/Sao_Paulo] PHP Warning:  Undefined array key "c_sidebar" in C:\xampp\htdocs\ativisoft_1_0\marcial_1_0\partials\_sidebar.php on line 260
[26-Jul-2026 11:14:56 America/Sao_Paulo] PHP Warning:  Undefined array key "c_sidebar" in C:\xampp\htdocs\ativisoft_1_0\marcial_1_0\partials\_sidebar.php on line 261
[26-Jul-2026 11:14:56 America/Sao_Paulo] PHP Warning:  Undefined array key "c_sidebar" in C:\xampp\htdocs\ativisoft_1_0\marcial_1_0\partials\_sidebar.php on line 266
[26-Jul-2026 11:14:56 America/Sao_Paulo] PHP Warning:  Undefined array key "c_sidebar" in C:\xampp\htdocs\ativisoft_1_0\marcial_1_0\partials\_sidebar.php on line 271
[26-Jul-2026 11:14:56 America/Sao_Paulo] PHP Warning:  Undefined array key "c_sidebar" in C:\xampp\htdocs\ativisoft_1_0\marcial_1_0\partials\_sidebar.php on line 272
[26-Jul-2026 11:14:56 America/Sao_Paulo] PHP Warning:  Undefined array key "c_sidebar" in C:\xampp\htdocs\ativisoft_1_0\marcial_1_0\partials\_sidebar.php on line 273
[26-Jul-2026 11:14:56 America/Sao_Paulo] PHP Warning:  Undefined array key "c_sidebar" in C:\xampp\htdocs\ativisoft_1_0\marcial_1_0\partials\_sidebar.php on line 285
[26-Jul-2026 11:14:56 America/Sao_Paulo] PHP Warning:  Undefined array key "c_sidebar" in C:\xampp\htdocs\ativisoft_1_0\marcial_1_0\partials\_sidebar.php on line 285
[26-Jul-2026 11:14:56 America/Sao_Paulo] PHP Warning:  Undefined array key "c_sidebar" in C:\xampp\htdocs\ativisoft_1_0\marcial_1_0\partials\_sidebar.php on line 286
[26-Jul-2026 11:14:57 America/Sao_Paulo] PHP Warning:  Undefined array key "c_sidebar" in C:\xampp\htdocs\ativisoft_1_0\marcial_1_0\partials\_sidebar.php on line 135
[26-Jul-2026 11:14:57 America/Sao_Paulo] PHP Warning:  Undefined array key "c_sidebar" in C:\xampp\htdocs\ativisoft_1_0\marcial_1_0\partials\_sidebar.php on line 206
[26-Jul-2026 11:14:57 America/Sao_Paulo] PHP Warning:  Undefined array key "c_sidebar" in C:\xampp\htdocs\ativisoft_1_0\marcial_1_0\partials\_sidebar.php on line 207
[26-Jul-2026 11:14:57 America/Sao_Paulo] PHP Warning:  Undefined array key "c_sidebar" in C:\xampp\htdocs\ativisoft_1_0\marcial_1_0\partials\_sidebar.php on line 208
[26-Jul-2026 11:14:57 America/Sao_Paulo] PHP Warning:  Undefined array key "c_sidebar" in C:\xampp\htdocs\ativisoft_1_0\marcial_1_0\partials\_sidebar.php on line 214
[26-Jul-2026 11:14:57 America/Sao_Paulo] PHP Warning:  Undefined array key "c_sidebar" in C:\xampp\htdocs\ativisoft_1_0\marcial_1_0\partials\_sidebar.php on line 215
[26-Jul-2026 11:14:57 America/Sao_Paulo] PHP Warning:  Undefined array key "c_sidebar" in C:\xampp\htdocs\ativisoft_1_0\marcial_1_0\partials\_sidebar.php on line 216
[26-Jul-2026 11:14:57 America/Sao_Paulo] PHP Warning:  Undefined array key "c_sidebar" in C:\xampp\htdocs\ativisoft_1_0\marcial_1_0\partials\_sidebar.php on line 219
[26-Jul-2026 11:14:57 America/Sao_Paulo] PHP Warning:  Undefined array key "c_sidebar" in C:\xampp\htdocs\ativisoft_1_0\marcial_1_0\partials\_sidebar.php on line 220
[26-Jul-2026 11:14:57 America/Sao_Paulo] PHP Warning:  Undefined array key "c_sidebar" in C:\xampp\htdocs\ativisoft_1_0\marcial_1_0\partials\_sidebar.php on line 221
[26-Jul-2026 11:14:57 America/Sao_Paulo] PHP Warning:  Undefined array key "c_sidebar" in C:\xampp\htdocs\ativisoft_1_0\marcial_1_0\partials\_sidebar.php on line 234
[26-Jul-2026 11:14:57 America/Sao_Paulo] PHP Warning:  Undefined array key "c_sidebar" in C:\xampp\htdocs\ativisoft_1_0\marcial_1_0\partials\_sidebar.php on line 235
[26-Jul-2026 11:14:57 America/Sao_Paulo] PHP Warning:  Undefined array key "c_sidebar" in C:\xampp\htdocs\ativisoft_1_0\marcial_1_0\partials\_sidebar.php on line 236
[26-Jul-2026 11:14:57 America/Sao_Paulo] PHP Warning:  Undefined array key "c_sidebar" in C:\xampp\htdocs\ativisoft_1_0\marcial_1_0\partials\_sidebar.php on line 245
[26-Jul-2026 11:14:57 America/Sao_Paulo] PHP Warning:  Undefined array key "c_sidebar" in C:\xampp\htdocs\ativisoft_1_0\marcial_1_0\partials\_sidebar.php on line 259
[26-Jul-2026 11:14:57 America/Sao_Paulo] PHP Warning:  Undefined array key "c_sidebar" in C:\xampp\htdocs\ativisoft_1_0\marcial_1_0\partials\_sidebar.php on line 260
[26-Jul-2026 11:14:57 America/Sao_Paulo] PHP Warning:  Undefined array key "c_sidebar" in C:\xampp\htdocs\ativisoft_1_0\marcial_1_0\partials\_sidebar.php on line 261
[26-Jul-2026 11:14:57 America/Sao_Paulo] PHP Warning:  Undefined array key "c_sidebar" in C:\xampp\htdocs\ativisoft_1_0\marcial_1_0\partials\_sidebar.php on line 266
[26-Jul-2026 11:14:57 America/Sao_Paulo] PHP Warning:  Undefined array key "c_sidebar" in C:\xampp\htdocs\ativisoft_1_0\marcial_1_0\partials\_sidebar.php on line 271
[26-Jul-2026 11:14:57 America/Sao_Paulo] PHP Warning:  Undefined array key "c_sidebar" in C:\xampp\htdocs\ativisoft_1_0\marcial_1_0\partials\_sidebar.php on line 272
[26-Jul-2026 11:14:57 America/Sao_Paulo] PHP Warning:  Undefined array key "c_sidebar" in C:\xampp\htdocs\ativisoft_1_0\marcial_1_0\partials\_sidebar.php on line 273
[26-Jul-2026 11:14:57 America/Sao_Paulo] PHP Warning:  Undefined array key "c_sidebar" in C:\xampp\htdocs\ativisoft_1_0\marcial_1_0\partials\_sidebar.php on line 285
[26-Jul-2026 11:14:57 America/Sao_Paulo] PHP Warning:  Undefined array key "c_sidebar" in C:\xampp\htdocs\ativisoft_1_0\marcial_1_0\partials\_sidebar.php on line 285
[26-Jul-2026 11:14:57 America/Sao_Paulo] PHP Warning:  Undefined array key "c_sidebar" in C:\xampp\htdocs\ativisoft_1_0\marcial_1_0\partials\_sidebar.php on line 286
[26-Jul-2026 11:14:59 America/Sao_Paulo] PHP Warning:  Undefined array key "c_sidebar" in C:\xampp\htdocs\ativisoft_1_0\marcial_1_0\partials\_sidebar.php on line 135
[26-Jul-2026 11:14:59 America/Sao_Paulo] PHP Warning:  Undefined array key "c_sidebar" in C:\xampp\htdocs\ativisoft_1_0\marcial_1_0\partials\_sidebar.php on line 206
[26-Jul-2026 11:14:59 America/Sao_Paulo] PHP Warning:  Undefined array key "c_sidebar" in C:\xampp\htdocs\ativisoft_1_0\marcial_1_0\partials\_sidebar.php on line 207
[26-Jul-2026 11:14:59 America/Sao_Paulo] PHP Warning:  Undefined array key "c_sidebar" in C:\xampp\htdocs\ativisoft_1_0\marcial_1_0\partials\_sidebar.php on line 208
[26-Jul-2026 11:14:59 America/Sao_Paulo] PHP Warning:  Undefined array key "c_sidebar" in C:\xampp\htdocs\ativisoft_1_0\marcial_1_0\partials\_sidebar.php on line 214
[26-Jul-2026 11:14:59 America/Sao_Paulo] PHP Warning:  Undefined array key "c_sidebar" in C:\xampp\htdocs\ativisoft_1_0\marcial_1_0\partials\_sidebar.php on line 215
[26-Jul-2026 11:14:59 America/Sao_Paulo] PHP Warning:  Undefined array key "c_sidebar" in C:\xampp\htdocs\ativisoft_1_0\marcial_1_0\partials\_sidebar.php on line 216
[26-Jul-2026 11:14:59 America/Sao_Paulo] PHP Warning:  Undefined array key "c_sidebar" in C:\xampp\htdocs\ativisoft_1_0\marcial_1_0\partials\_sidebar.php on line 219
[26-Jul-2026 11:14:59 America/Sao_Paulo] PHP Warning:  Undefined array key "c_sidebar" in C:\xampp\htdocs\ativisoft_1_0\marcial_1_0\partials\_sidebar.php on line 220
[26-Jul-2026 11:14:59 America/Sao_Paulo] PHP Warning:  Undefined array key "c_sidebar" in C:\xampp\htdocs\ativisoft_1_0\marcial_1_0\partials\_sidebar.php on line 221
[26-Jul-2026 11:14:59 America/Sao_Paulo] PHP Warning:  Undefined array key "c_sidebar" in C:\xampp\htdocs\ativisoft_1_0\marcial_1_0\partials\_sidebar.php on line 234
[26-Jul-2026 11:14:59 America/Sao_Paulo] PHP Warning:  Undefined array key "c_sidebar" in C:\xampp\htdocs\ativisoft_1_0\marcial_1_0\partials\_sidebar.php on line 235
[26-Jul-2026 11:14:59 America/Sao_Paulo] PHP Warning:  Undefined array key "c_sidebar" in C:\xampp\htdocs\ativisoft_1_0\marcial_1_0\partials\_sidebar.php on line 236
[26-Jul-2026 11:14:59 America/Sao_Paulo] PHP Warning:  Undefined array key "c_sidebar" in C:\xampp\htdocs\ativisoft_1_0\marcial_1_0\partials\_sidebar.php on line 245
[26-Jul-2026 11:14:59 America/Sao_Paulo] PHP Warning:  Undefined array key "c_sidebar" in C:\xampp\htdocs\ativisoft_1_0\marcial_1_0\partials\_sidebar.php on line 259
[26-Jul-2026 11:14:59 America/Sao_Paulo] PHP Warning:  Undefined array key "c_sidebar" in C:\xampp\htdocs\ativisoft_1_0\marcial_1_0\partials\_sidebar.php on line 260
[26-Jul-2026 11:14:59 America/Sao_Paulo] PHP Warning:  Undefined array key "c_sidebar" in C:\xampp\htdocs\ativisoft_1_0\marcial_1_0\partials\_sidebar.php on line 261
[26-Jul-2026 11:14:59 America/Sao_Paulo] PHP Warning:  Undefined array key "c_sidebar" in C:\xampp\htdocs\ativisoft_1_0\marcial_1_0\partials\_sidebar.php on line 266
[26-Jul-2026 11:14:59 America/Sao_Paulo] PHP Warning:  Undefined array key "c_sidebar" in C:\xampp\htdocs\ativisoft_1_0\marcial_1_0\partials\_sidebar.php on line 271
[26-Jul-2026 11:14:59 America/Sao_Paulo] PHP Warning:  Undefined array key "c_sidebar" in C:\xampp\htdocs\ativisoft_1_0\marcial_1_0\partials\_sidebar.php on line 272
[26-Jul-2026 11:14:59 America/Sao_Paulo] PHP Warning:  Undefined array key "c_sidebar" in C:\xampp\htdocs\ativisoft_1_0\marcial_1_0\partials\_sidebar.php on line 273
[26-Jul-2026 11:14:59 America/Sao_Paulo] PHP Warning:  Undefined array key "c_sidebar" in C:\xampp\htdocs\ativisoft_1_0\marcial_1_0\partials\_sidebar.php on line 285
[26-Jul-2026 11:14:59 America/Sao_Paulo] PHP Warning:  Undefined array key "c_sidebar" in C:\xampp\htdocs\ativisoft_1_0\marcial_1_0\partials\_sidebar.php on line 285
[26-Jul-2026 11:14:59 America/Sao_Paulo] PHP Warning:  Undefined array key "c_sidebar" in C:\xampp\htdocs\ativisoft_1_0\marcial_1_0\partials\_sidebar.php on line 286
[26-Jul-2026 11:15:00 America/Sao_Paulo] PHP Warning:  Undefined array key "c_sidebar" in C:\xampp\htdocs\ativisoft_1_0\marcial_1_0\partials\_sidebar.php on line 135
[26-Jul-2026 11:15:00 America/Sao_Paulo] PHP Warning:  Undefined array key "c_sidebar" in C:\xampp\htdocs\ativisoft_1_0\marcial_1_0\partials\_sidebar.php on line 206
[26-Jul-2026 11:15:00 America/Sao_Paulo] PHP Warning:  Undefined array key "c_sidebar" in C:\xampp\htdocs\ativisoft_1_0\marcial_1_0\partials\_sidebar.php on line 207
[26-Jul-2026 11:15:00 America/Sao_Paulo] PHP Warning:  Undefined array key "c_sidebar" in C:\xampp\htdocs\ativisoft_1_0\marcial_1_0\partials\_sidebar.php on line 208
[26-Jul-2026 11:15:00 America/Sao_Paulo] PHP Warning:  Undefined array key "c_sidebar" in C:\xampp\htdocs\ativisoft_1_0\marcial_1_0\partials\_sidebar.php on line 214
[26-Jul-2026 11:15:00 America/Sao_Paulo] PHP Warning:  Undefined array key "c_sidebar" in C:\xampp\htdocs\ativisoft_1_0\marcial_1_0\partials\_sidebar.php on line 215
[26-Jul-2026 11:15:00 America/Sao_Paulo] PHP Warning:  Undefined array key "c_sidebar" in C:\xampp\htdocs\ativisoft_1_0\marcial_1_0\partials\_sidebar.php on line 216
[26-Jul-2026 11:15:00 America/Sao_Paulo] PHP Warning:  Undefined array key "c_sidebar" in C:\xampp\htdocs\ativisoft_1_0\marcial_1_0\partials\_sidebar.php on line 219
[26-Jul-2026 11:15:00 America/Sao_Paulo] PHP Warning:  Undefined array key "c_sidebar" in C:\xampp\htdocs\ativisoft_1_0\marcial_1_0\partials\_sidebar.php on line 220
[26-Jul-2026 11:15:00 America/Sao_Paulo] PHP Warning:  Undefined array key "c_sidebar" in C:\xampp\htdocs\ativisoft_1_0\marcial_1_0\partials\_sidebar.php on line 221
[26-Jul-2026 11:15:00 America/Sao_Paulo] PHP Warning:  Undefined array key "c_sidebar" in C:\xampp\htdocs\ativisoft_1_0\marcial_1_0\partials\_sidebar.php on line 234
[26-Jul-2026 11:15:00 America/Sao_Paulo] PHP Warning:  Undefined array key "c_sidebar" in C:\xampp\htdocs\ativisoft_1_0\marcial_1_0\partials\_sidebar.php on line 235
[26-Jul-2026 11:15:00 America/Sao_Paulo] PHP Warning:  Undefined array key "c_sidebar" in C:\xampp\htdocs\ativisoft_1_0\marcial_1_0\partials\_sidebar.php on line 236
[26-Jul-2026 11:15:00 America/Sao_Paulo] PHP Warning:  Undefined array key "c_sidebar" in C:\xampp\htdocs\ativisoft_1_0\marcial_1_0\partials\_sidebar.php on line 245
[26-Jul-2026 11:15:00 America/Sao_Paulo] PHP Warning:  Undefined array key "c_sidebar" in C:\xampp\htdocs\ativisoft_1_0\marcial_1_0\partials\_sidebar.php on line 259
[26-Jul-2026 11:15:00 America/Sao_Paulo] PHP Warning:  Undefined array key "c_sidebar" in C:\xampp\htdocs\ativisoft_1_0\marcial_1_0\partials\_sidebar.php on line 260
[26-Jul-2026 11:15:00 America/Sao_Paulo] PHP Warning:  Undefined array key "c_sidebar" in C:\xampp\htdocs\ativisoft_1_0\marcial_1_0\partials\_sidebar.php on line 261
[26-Jul-2026 11:15:00 America/Sao_Paulo] PHP Warning:  Undefined array key "c_sidebar" in C:\xampp\htdocs\ativisoft_1_0\marcial_1_0\partials\_sidebar.php on line 266
[26-Jul-2026 11:15:00 America/Sao_Paulo] PHP Warning:  Undefined array key "c_sidebar" in C:\xampp\htdocs\ativisoft_1_0\marcial_1_0\partials\_sidebar.php on line 271
[26-Jul-2026 11:15:00 America/Sao_Paulo] PHP Warning:  Undefined array key "c_sidebar" in C:\xampp\htdocs\ativisoft_1_0\marcial_1_0\partials\_sidebar.php on line 272
[26-Jul-2026 11:15:00 America/Sao_Paulo] PHP Warning:  Undefined array key "c_sidebar" in C:\xampp\htdocs\ativisoft_1_0\marcial_1_0\partials\_sidebar.php on line 273
[26-Jul-2026 11:15:00 America/Sao_Paulo] PHP Warning:  Undefined array key "c_sidebar" in C:\xampp\htdocs\ativisoft_1_0\marcial_1_0\partials\_sidebar.php on line 285
[26-Jul-2026 11:15:00 America/Sao_Paulo] PHP Warning:  Undefined array key "c_sidebar" in C:\xampp\htdocs\ativisoft_1_0\marcial_1_0\partials\_sidebar.php on line 285
[26-Jul-2026 11:15:00 America/Sao_Paulo] PHP Warning:  Undefined array key "c_sidebar" in C:\xampp\htdocs\ativisoft_1_0\marcial_1_0\partials\_sidebar.php on line 286
[26-Jul-2026 11:15:03 America/Sao_Paulo] PHP Warning:  Undefined array key "c_sidebar" in C:\xampp\htdocs\ativisoft_1_0\marcial_1_0\partials\_sidebar.php on line 135
[26-Jul-2026 11:15:03 America/Sao_Paulo] PHP Warning:  Undefined array key "c_sidebar" in C:\xampp\htdocs\ativisoft_1_0\marcial_1_0\partials\_sidebar.php on line 206
[26-Jul-2026 11:15:03 America/Sao_Paulo] PHP Warning:  Undefined array key "c_sidebar" in C:\xampp\htdocs\ativisoft_1_0\marcial_1_0\partials\_sidebar.php on line 207
[26-Jul-2026 11:15:03 America/Sao_Paulo] PHP Warning:  Undefined array key "c_sidebar" in C:\xampp\htdocs\ativisoft_1_0\marcial_1_0\partials\_sidebar.php on line 208
[26-Jul-2026 11:15:03 America/Sao_Paulo] PHP Warning:  Undefined array key "c_sidebar" in C:\xampp\htdocs\ativisoft_1_0\marcial_1_0\partials\_sidebar.php on line 214
[26-Jul-2026 11:15:03 America/Sao_Paulo] PHP Warning:  Undefined array key "c_sidebar" in C:\xampp\htdocs\ativisoft_1_0\marcial_1_0\partials\_sidebar.php on line 215
[26-Jul-2026 11:15:03 America/Sao_Paulo] PHP Warning:  Undefined array key "c_sidebar" in C:\xampp\htdocs\ativisoft_1_0\marcial_1_0\partials\_sidebar.php on line 216
[26-Jul-2026 11:15:03 America/Sao_Paulo] PHP Warning:  Undefined array key "c_sidebar" in C:\xampp\htdocs\ativisoft_1_0\marcial_1_0\partials\_sidebar.php on line 219
[26-Jul-2026 11:15:03 America/Sao_Paulo] PHP Warning:  Undefined array key "c_sidebar" in C:\xampp\htdocs\ativisoft_1_0\marcial_1_0\partials\_sidebar.php on line 220
[26-Jul-2026 11:15:03 America/Sao_Paulo] PHP Warning:  Undefined array key "c_sidebar" in C:\xampp\htdocs\ativisoft_1_0\marcial_1_0\partials\_sidebar.php on line 221
[26-Jul-2026 11:15:03 America/Sao_Paulo] PHP Warning:  Undefined array key "c_sidebar" in C:\xampp\htdocs\ativisoft_1_0\marcial_1_0\partials\_sidebar.php on line 234
[26-Jul-2026 11:15:03 America/Sao_Paulo] PHP Warning:  Undefined array key "c_sidebar" in C:\xampp\htdocs\ativisoft_1_0\marcial_1_0\partials\_sidebar.php on line 235
[26-Jul-2026 11:15:03 America/Sao_Paulo] PHP Warning:  Undefined array key "c_sidebar" in C:\xampp\htdocs\ativisoft_1_0\marcial_1_0\partials\_sidebar.php on line 236
[26-Jul-2026 11:15:03 America/Sao_Paulo] PHP Warning:  Undefined array key "c_sidebar" in C:\xampp\htdocs\ativisoft_1_0\marcial_1_0\partials\_sidebar.php on line 245
[26-Jul-2026 11:15:03 America/Sao_Paulo] PHP Warning:  Undefined array key "c_sidebar" in C:\xampp\htdocs\ativisoft_1_0\marcial_1_0\partials\_sidebar.php on line 259
[26-Jul-2026 11:15:03 America/Sao_Paulo] PHP Warning:  Undefined array key "c_sidebar" in C:\xampp\htdocs\ativisoft_1_0\marcial_1_0\partials\_sidebar.php on line 260
[26-Jul-2026 11:15:03 America/Sao_Paulo] PHP Warning:  Undefined array key "c_sidebar" in C:\xampp\htdocs\ativisoft_1_0\marcial_1_0\partials\_sidebar.php on line 261
[26-Jul-2026 11:15:03 America/Sao_Paulo] PHP Warning:  Undefined array key "c_sidebar" in C:\xampp\htdocs\ativisoft_1_0\marcial_1_0\partials\_sidebar.php on line 266
[26-Jul-2026 11:15:03 America/Sao_Paulo] PHP Warning:  Undefined array key "c_sidebar" in C:\xampp\htdocs\ativisoft_1_0\marcial_1_0\partials\_sidebar.php on line 271
[26-Jul-2026 11:15:03 America/Sao_Paulo] PHP Warning:  Undefined array key "c_sidebar" in C:\xampp\htdocs\ativisoft_1_0\marcial_1_0\partials\_sidebar.php on line 272
[26-Jul-2026 11:15:03 America/Sao_Paulo] PHP Warning:  Undefined array key "c_sidebar" in C:\xampp\htdocs\ativisoft_1_0\marcial_1_0\partials\_sidebar.php on line 273
[26-Jul-2026 11:15:03 America/Sao_Paulo] PHP Warning:  Undefined array key "c_sidebar" in C:\xampp\htdocs\ativisoft_1_0\marcial_1_0\partials\_sidebar.php on line 285
[26-Jul-2026 11:15:03 America/Sao_Paulo] PHP Warning:  Undefined array key "c_sidebar" in C:\xampp\htdocs\ativisoft_1_0\marcial_1_0\partials\_sidebar.php on line 285
[26-Jul-2026 11:15:03 America/Sao_Paulo] PHP Warning:  Undefined array key "c_sidebar" in C:\xampp\htdocs\ativisoft_1_0\marcial_1_0\partials\_sidebar.php on line 286
[26-Jul-2026 11:15:04 America/Sao_Paulo] PHP Warning:  Undefined array key "c_sidebar" in C:\xampp\htdocs\ativisoft_1_0\marcial_1_0\partials\_sidebar.php on line 135
[26-Jul-2026 11:15:04 America/Sao_Paulo] PHP Warning:  Undefined array key "c_sidebar" in C:\xampp\htdocs\ativisoft_1_0\marcial_1_0\partials\_sidebar.php on line 206
[26-Jul-2026 11:15:04 America/Sao_Paulo] PHP Warning:  Undefined array key "c_sidebar" in C:\xampp\htdocs\ativisoft_1_0\marcial_1_0\partials\_sidebar.php on line 207
[26-Jul-2026 11:15:04 America/Sao_Paulo] PHP Warning:  Undefined array key "c_sidebar" in C:\xampp\htdocs\ativisoft_1_0\marcial_1_0\partials\_sidebar.php on line 208
[26-Jul-2026 11:15:04 America/Sao_Paulo] PHP Warning:  Undefined array key "c_sidebar" in C:\xampp\htdocs\ativisoft_1_0\marcial_1_0\partials\_sidebar.php on line 214
[26-Jul-2026 11:15:04 America/Sao_Paulo] PHP Warning:  Undefined array key "c_sidebar" in C:\xampp\htdocs\ativisoft_1_0\marcial_1_0\partials\_sidebar.php on line 215
[26-Jul-2026 11:15:04 America/Sao_Paulo] PHP Warning:  Undefined array key "c_sidebar" in C:\xampp\htdocs\ativisoft_1_0\marcial_1_0\partials\_sidebar.php on line 216
[26-Jul-2026 11:15:04 America/Sao_Paulo] PHP Warning:  Undefined array key "c_sidebar" in C:\xampp\htdocs\ativisoft_1_0\marcial_1_0\partials\_sidebar.php on line 219
[26-Jul-2026 11:15:04 America/Sao_Paulo] PHP Warning:  Undefined array key "c_sidebar" in C:\xampp\htdocs\ativisoft_1_0\marcial_1_0\partials\_sidebar.php on line 220
[26-Jul-2026 11:15:04 America/Sao_Paulo] PHP Warning:  Undefined array key "c_sidebar" in C:\xampp\htdocs\ativisoft_1_0\marcial_1_0\partials\_sidebar.php on line 221
[26-Jul-2026 11:15:04 America/Sao_Paulo] PHP Warning:  Undefined array key "c_sidebar" in C:\xampp\htdocs\ativisoft_1_0\marcial_1_0\partials\_sidebar.php on line 234
[26-Jul-2026 11:15:04 America/Sao_Paulo] PHP Warning:  Undefined array key "c_sidebar" in C:\xampp\htdocs\ativisoft_1_0\marcial_1_0\partials\_sidebar.php on line 235
[26-Jul-2026 11:15:04 America/Sao_Paulo] PHP Warning:  Undefined array key "c_sidebar" in C:\xampp\htdocs\ativisoft_1_0\marcial_1_0\partials\_sidebar.php on line 236
[26-Jul-2026 11:15:04 America/Sao_Paulo] PHP Warning:  Undefined array key "c_sidebar" in C:\xampp\htdocs\ativisoft_1_0\marcial_1_0\partials\_sidebar.php on line 245
[26-Jul-2026 11:15:04 America/Sao_Paulo] PHP Warning:  Undefined array key "c_sidebar" in C:\xampp\htdocs\ativisoft_1_0\marcial_1_0\partials\_sidebar.php on line 259
[26-Jul-2026 11:15:04 America/Sao_Paulo] PHP Warning:  Undefined array key "c_sidebar" in C:\xampp\htdocs\ativisoft_1_0\marcial_1_0\partials\_sidebar.php on line 260
[26-Jul-2026 11:15:04 America/Sao_Paulo] PHP Warning:  Undefined array key "c_sidebar" in C:\xampp\htdocs\ativisoft_1_0\marcial_1_0\partials\_sidebar.php on line 261
[26-Jul-2026 11:15:04 America/Sao_Paulo] PHP Warning:  Undefined array key "c_sidebar" in C:\xampp\htdocs\ativisoft_1_0\marcial_1_0\partials\_sidebar.php on line 266
[26-Jul-2026 11:15:04 America/Sao_Paulo] PHP Warning:  Undefined array key "c_sidebar" in C:\xampp\htdocs\ativisoft_1_0\marcial_1_0\partials\_sidebar.php on line 271
[26-Jul-2026 11:15:04 America/Sao_Paulo] PHP Warning:  Undefined array key "c_sidebar" in C:\xampp\htdocs\ativisoft_1_0\marcial_1_0\partials\_sidebar.php on line 272
[26-Jul-2026 11:15:04 America/Sao_Paulo] PHP Warning:  Undefined array key "c_sidebar" in C:\xampp\htdocs\ativisoft_1_0\marcial_1_0\partials\_sidebar.php on line 273
[26-Jul-2026 11:15:04 America/Sao_Paulo] PHP Warning:  Undefined array key "c_sidebar" in C:\xampp\htdocs\ativisoft_1_0\marcial_1_0\partials\_sidebar.php on line 285
[26-Jul-2026 11:15:04 America/Sao_Paulo] PHP Warning:  Undefined array key "c_sidebar" in C:\xampp\htdocs\ativisoft_1_0\marcial_1_0\partials\_sidebar.php on line 285
[26-Jul-2026 11:15:04 America/Sao_Paulo] PHP Warning:  Undefined array key "c_sidebar" in C:\xampp\htdocs\ativisoft_1_0\marcial_1_0\partials\_sidebar.php on line 286
[26-Jul-2026 11:15:08 America/Sao_Paulo] PHP Warning:  Undefined array key "c_sidebar" in C:\xampp\htdocs\ativisoft_1_0\marcial_1_0\partials\_sidebar.php on line 135
[26-Jul-2026 11:15:08 America/Sao_Paulo] PHP Warning:  Undefined array key "c_sidebar" in C:\xampp\htdocs\ativisoft_1_0\marcial_1_0\partials\_sidebar.php on line 206
[26-Jul-2026 11:15:08 America/Sao_Paulo] PHP Warning:  Undefined array key "c_sidebar" in C:\xampp\htdocs\ativisoft_1_0\marcial_1_0\partials\_sidebar.php on line 207
[26-Jul-2026 11:15:08 America/Sao_Paulo] PHP Warning:  Undefined array key "c_sidebar" in C:\xampp\htdocs\ativisoft_1_0\marcial_1_0\partials\_sidebar.php on line 208
[26-Jul-2026 11:15:08 America/Sao_Paulo] PHP Warning:  Undefined array key "c_sidebar" in C:\xampp\htdocs\ativisoft_1_0\marcial_1_0\partials\_sidebar.php on line 214
[26-Jul-2026 11:15:08 America/Sao_Paulo] PHP Warning:  Undefined array key "c_sidebar" in C:\xampp\htdocs\ativisoft_1_0\marcial_1_0\partials\_sidebar.php on line 215
[26-Jul-2026 11:15:08 America/Sao_Paulo] PHP Warning:  Undefined array key "c_sidebar" in C:\xampp\htdocs\ativisoft_1_0\marcial_1_0\partials\_sidebar.php on line 216
[26-Jul-2026 11:15:08 America/Sao_Paulo] PHP Warning:  Undefined array key "c_sidebar" in C:\xampp\htdocs\ativisoft_1_0\marcial_1_0\partials\_sidebar.php on line 219
[26-Jul-2026 11:15:08 America/Sao_Paulo] PHP Warning:  Undefined array key "c_sidebar" in C:\xampp\htdocs\ativisoft_1_0\marcial_1_0\partials\_sidebar.php on line 220
[26-Jul-2026 11:15:08 America/Sao_Paulo] PHP Warning:  Undefined array key "c_sidebar" in C:\xampp\htdocs\ativisoft_1_0\marcial_1_0\partials\_sidebar.php on line 221
[26-Jul-2026 11:15:08 America/Sao_Paulo] PHP Warning:  Undefined array key "c_sidebar" in C:\xampp\htdocs\ativisoft_1_0\marcial_1_0\partials\_sidebar.php on line 234
[26-Jul-2026 11:15:08 America/Sao_Paulo] PHP Warning:  Undefined array key "c_sidebar" in C:\xampp\htdocs\ativisoft_1_0\marcial_1_0\partials\_sidebar.php on line 235
[26-Jul-2026 11:15:08 America/Sao_Paulo] PHP Warning:  Undefined array key "c_sidebar" in C:\xampp\htdocs\ativisoft_1_0\marcial_1_0\partials\_sidebar.php on line 236
[26-Jul-2026 11:15:08 America/Sao_Paulo] PHP Warning:  Undefined array key "c_sidebar" in C:\xampp\htdocs\ativisoft_1_0\marcial_1_0\partials\_sidebar.php on line 245
[26-Jul-2026 11:15:08 America/Sao_Paulo] PHP Warning:  Undefined array key "c_sidebar" in C:\xampp\htdocs\ativisoft_1_0\marcial_1_0\partials\_sidebar.php on line 259
[26-Jul-2026 11:15:08 America/Sao_Paulo] PHP Warning:  Undefined array key "c_sidebar" in C:\xampp\htdocs\ativisoft_1_0\marcial_1_0\partials\_sidebar.php on line 260
[26-Jul-2026 11:15:08 America/Sao_Paulo] PHP Warning:  Undefined array key "c_sidebar" in C:\xampp\htdocs\ativisoft_1_0\marcial_1_0\partials\_sidebar.php on line 261
[26-Jul-2026 11:15:08 America/Sao_Paulo] PHP Warning:  Undefined array key "c_sidebar" in C:\xampp\htdocs\ativisoft_1_0\marcial_1_0\partials\_sidebar.php on line 266
[26-Jul-2026 11:15:08 America/Sao_Paulo] PHP Warning:  Undefined array key "c_sidebar" in C:\xampp\htdocs\ativisoft_1_0\marcial_1_0\partials\_sidebar.php on line 271
[26-Jul-2026 11:15:08 America/Sao_Paulo] PHP Warning:  Undefined array key "c_sidebar" in C:\xampp\htdocs\ativisoft_1_0\marcial_1_0\partials\_sidebar.php on line 272
[26-Jul-2026 11:15:08 America/Sao_Paulo] PHP Warning:  Undefined array key "c_sidebar" in C:\xampp\htdocs\ativisoft_1_0\marcial_1_0\partials\_sidebar.php on line 273
[26-Jul-2026 11:15:08 America/Sao_Paulo] PHP Warning:  Undefined array key "c_sidebar" in C:\xampp\htdocs\ativisoft_1_0\marcial_1_0\partials\_sidebar.php on line 285
[26-Jul-2026 11:15:08 America/Sao_Paulo] PHP Warning:  Undefined array key "c_sidebar" in C:\xampp\htdocs\ativisoft_1_0\marcial_1_0\partials\_sidebar.php on line 285
[26-Jul-2026 11:15:08 America/Sao_Paulo] PHP Warning:  Undefined array key "c_sidebar" in C:\xampp\htdocs\ativisoft_1_0\marcial_1_0\partials\_sidebar.php on line 286
[26-Jul-2026 11:17:43 America/Sao_Paulo] PHP Warning:  Undefined array key "c_sidebar" in C:\xampp\htdocs\ativisoft_1_0\marcial_1_0\partials\_sidebar.php on line 135
[26-Jul-2026 11:17:43 America/Sao_Paulo] PHP Warning:  Undefined array key "c_sidebar" in C:\xampp\htdocs\ativisoft_1_0\marcial_1_0\partials\_sidebar.php on line 206
[26-Jul-2026 11:17:43 America/Sao_Paulo] PHP Warning:  Undefined array key "c_sidebar" in C:\xampp\htdocs\ativisoft_1_0\marcial_1_0\partials\_sidebar.php on line 207
[26-Jul-2026 11:17:43 America/Sao_Paulo] PHP Warning:  Undefined array key "c_sidebar" in C:\xampp\htdocs\ativisoft_1_0\marcial_1_0\partials\_sidebar.php on line 208
[26-Jul-2026 11:17:43 America/Sao_Paulo] PHP Warning:  Undefined array key "c_sidebar" in C:\xampp\htdocs\ativisoft_1_0\marcial_1_0\partials\_sidebar.php on line 214
[26-Jul-2026 11:17:43 America/Sao_Paulo] PHP Warning:  Undefined array key "c_sidebar" in C:\xampp\htdocs\ativisoft_1_0\marcial_1_0\partials\_sidebar.php on line 215
[26-Jul-2026 11:17:43 America/Sao_Paulo] PHP Warning:  Undefined array key "c_sidebar" in C:\xampp\htdocs\ativisoft_1_0\marcial_1_0\partials\_sidebar.php on line 216
[26-Jul-2026 11:17:43 America/Sao_Paulo] PHP Warning:  Undefined array key "c_sidebar" in C:\xampp\htdocs\ativisoft_1_0\marcial_1_0\partials\_sidebar.php on line 219
[26-Jul-2026 11:17:43 America/Sao_Paulo] PHP Warning:  Undefined array key "c_sidebar" in C:\xampp\htdocs\ativisoft_1_0\marcial_1_0\partials\_sidebar.php on line 220
[26-Jul-2026 11:17:43 America/Sao_Paulo] PHP Warning:  Undefined array key "c_sidebar" in C:\xampp\htdocs\ativisoft_1_0\marcial_1_0\partials\_sidebar.php on line 221
[26-Jul-2026 11:17:43 America/Sao_Paulo] PHP Warning:  Undefined array key "c_sidebar" in C:\xampp\htdocs\ativisoft_1_0\marcial_1_0\partials\_sidebar.php on line 234
[26-Jul-2026 11:17:43 America/Sao_Paulo] PHP Warning:  Undefined array key "c_sidebar" in C:\xampp\htdocs\ativisoft_1_0\marcial_1_0\partials\_sidebar.php on line 235
[26-Jul-2026 11:17:43 America/Sao_Paulo] PHP Warning:  Undefined array key "c_sidebar" in C:\xampp\htdocs\ativisoft_1_0\marcial_1_0\partials\_sidebar.php on line 236
[26-Jul-2026 11:17:43 America/Sao_Paulo] PHP Warning:  Undefined array key "c_sidebar" in C:\xampp\htdocs\ativisoft_1_0\marcial_1_0\partials\_sidebar.php on line 245
[26-Jul-2026 11:17:43 America/Sao_Paulo] PHP Warning:  Undefined array key "c_sidebar" in C:\xampp\htdocs\ativisoft_1_0\marcial_1_0\partials\_sidebar.php on line 259
[26-Jul-2026 11:17:43 America/Sao_Paulo] PHP Warning:  Undefined array key "c_sidebar" in C:\xampp\htdocs\ativisoft_1_0\marcial_1_0\partials\_sidebar.php on line 260
[26-Jul-2026 11:17:43 America/Sao_Paulo] PHP Warning:  Undefined array key "c_sidebar" in C:\xampp\htdocs\ativisoft_1_0\marcial_1_0\partials\_sidebar.php on line 261
[26-Jul-2026 11:17:43 America/Sao_Paulo] PHP Warning:  Undefined array key "c_sidebar" in C:\xampp\htdocs\ativisoft_1_0\marcial_1_0\partials\_sidebar.php on line 266
[26-Jul-2026 11:17:43 America/Sao_Paulo] PHP Warning:  Undefined array key "c_sidebar" in C:\xampp\htdocs\ativisoft_1_0\marcial_1_0\partials\_sidebar.php on line 271
[26-Jul-2026 11:17:43 America/Sao_Paulo] PHP Warning:  Undefined array key "c_sidebar" in C:\xampp\htdocs\ativisoft_1_0\marcial_1_0\partials\_sidebar.php on line 272
[26-Jul-2026 11:17:43 America/Sao_Paulo] PHP Warning:  Undefined array key "c_sidebar" in C:\xampp\htdocs\ativisoft_1_0\marcial_1_0\partials\_sidebar.php on line 273
[26-Jul-2026 11:17:43 America/Sao_Paulo] PHP Warning:  Undefined array key "c_sidebar" in C:\xampp\htdocs\ativisoft_1_0\marcial_1_0\partials\_sidebar.php on line 285
[26-Jul-2026 11:17:43 America/Sao_Paulo] PHP Warning:  Undefined array key "c_sidebar" in C:\xampp\htdocs\ativisoft_1_0\marcial_1_0\partials\_sidebar.php on line 285
[26-Jul-2026 11:17:43 America/Sao_Paulo] PHP Warning:  Undefined array key "c_sidebar" in C:\xampp\htdocs\ativisoft_1_0\marcial_1_0\partials\_sidebar.php on line 286
[26-Jul-2026 11:17:45 America/Sao_Paulo] PHP Warning:  Undefined array key "c_sidebar" in C:\xampp\htdocs\ativisoft_1_0\marcial_1_0\partials\_sidebar.php on line 135
[26-Jul-2026 11:17:45 America/Sao_Paulo] PHP Warning:  Undefined array key "c_sidebar" in C:\xampp\htdocs\ativisoft_1_0\marcial_1_0\partials\_sidebar.php on line 206
[26-Jul-2026 11:17:45 America/Sao_Paulo] PHP Warning:  Undefined array key "c_sidebar" in C:\xampp\htdocs\ativisoft_1_0\marcial_1_0\partials\_sidebar.php on line 207
[26-Jul-2026 11:17:45 America/Sao_Paulo] PHP Warning:  Undefined array key "c_sidebar" in C:\xampp\htdocs\ativisoft_1_0\marcial_1_0\partials\_sidebar.php on line 208
[26-Jul-2026 11:17:45 America/Sao_Paulo] PHP Warning:  Undefined array key "c_sidebar" in C:\xampp\htdocs\ativisoft_1_0\marcial_1_0\partials\_sidebar.php on line 214
[26-Jul-2026 11:17:45 America/Sao_Paulo] PHP Warning:  Undefined array key "c_sidebar" in C:\xampp\htdocs\ativisoft_1_0\marcial_1_0\partials\_sidebar.php on line 215
[26-Jul-2026 11:17:45 America/Sao_Paulo] PHP Warning:  Undefined array key "c_sidebar" in C:\xampp\htdocs\ativisoft_1_0\marcial_1_0\partials\_sidebar.php on line 216
[26-Jul-2026 11:17:45 America/Sao_Paulo] PHP Warning:  Undefined array key "c_sidebar" in C:\xampp\htdocs\ativisoft_1_0\marcial_1_0\partials\_sidebar.php on line 219
[26-Jul-2026 11:17:45 America/Sao_Paulo] PHP Warning:  Undefined array key "c_sidebar" in C:\xampp\htdocs\ativisoft_1_0\marcial_1_0\partials\_sidebar.php on line 220
[26-Jul-2026 11:17:45 America/Sao_Paulo] PHP Warning:  Undefined array key "c_sidebar" in C:\xampp\htdocs\ativisoft_1_0\marcial_1_0\partials\_sidebar.php on line 221
[26-Jul-2026 11:17:45 America/Sao_Paulo] PHP Warning:  Undefined array key "c_sidebar" in C:\xampp\htdocs\ativisoft_1_0\marcial_1_0\partials\_sidebar.php on line 234
[26-Jul-2026 11:17:45 America/Sao_Paulo] PHP Warning:  Undefined array key "c_sidebar" in C:\xampp\htdocs\ativisoft_1_0\marcial_1_0\partials\_sidebar.php on line 235
[26-Jul-2026 11:17:45 America/Sao_Paulo] PHP Warning:  Undefined array key "c_sidebar" in C:\xampp\htdocs\ativisoft_1_0\marcial_1_0\partials\_sidebar.php on line 236
[26-Jul-2026 11:17:45 America/Sao_Paulo] PHP Warning:  Undefined array key "c_sidebar" in C:\xampp\htdocs\ativisoft_1_0\marcial_1_0\partials\_sidebar.php on line 245
[26-Jul-2026 11:17:45 America/Sao_Paulo] PHP Warning:  Undefined array key "c_sidebar" in C:\xampp\htdocs\ativisoft_1_0\marcial_1_0\partials\_sidebar.php on line 259
[26-Jul-2026 11:17:45 America/Sao_Paulo] PHP Warning:  Undefined array key "c_sidebar" in C:\xampp\htdocs\ativisoft_1_0\marcial_1_0\partials\_sidebar.php on line 260
[26-Jul-2026 11:17:45 America/Sao_Paulo] PHP Warning:  Undefined array key "c_sidebar" in C:\xampp\htdocs\ativisoft_1_0\marcial_1_0\partials\_sidebar.php on line 261
[26-Jul-2026 11:17:45 America/Sao_Paulo] PHP Warning:  Undefined array key "c_sidebar" in C:\xampp\htdocs\ativisoft_1_0\marcial_1_0\partials\_sidebar.php on line 266
[26-Jul-2026 11:17:45 America/Sao_Paulo] PHP Warning:  Undefined array key "c_sidebar" in C:\xampp\htdocs\ativisoft_1_0\marcial_1_0\partials\_sidebar.php on line 271
[26-Jul-2026 11:17:45 America/Sao_Paulo] PHP Warning:  Undefined array key "c_sidebar" in C:\xampp\htdocs\ativisoft_1_0\marcial_1_0\partials\_sidebar.php on line 272
[26-Jul-2026 11:17:45 America/Sao_Paulo] PHP Warning:  Undefined array key "c_sidebar" in C:\xampp\htdocs\ativisoft_1_0\marcial_1_0\partials\_sidebar.php on line 273
[26-Jul-2026 11:17:45 America/Sao_Paulo] PHP Warning:  Undefined array key "c_sidebar" in C:\xampp\htdocs\ativisoft_1_0\marcial_1_0\partials\_sidebar.php on line 285
[26-Jul-2026 11:17:45 America/Sao_Paulo] PHP Warning:  Undefined array key "c_sidebar" in C:\xampp\htdocs\ativisoft_1_0\marcial_1_0\partials\_sidebar.php on line 285
[26-Jul-2026 11:17:45 America/Sao_Paulo] PHP Warning:  Undefined array key "c_sidebar" in C:\xampp\htdocs\ativisoft_1_0\marcial_1_0\partials\_sidebar.php on line 286
[26-Jul-2026 11:17:47 America/Sao_Paulo] PHP Warning:  Undefined array key "c_sidebar" in C:\xampp\htdocs\ativisoft_1_0\marcial_1_0\partials\_sidebar.php on line 135
[26-Jul-2026 11:17:47 America/Sao_Paulo] PHP Warning:  Undefined array key "c_sidebar" in C:\xampp\htdocs\ativisoft_1_0\marcial_1_0\partials\_sidebar.php on line 206
[26-Jul-2026 11:17:47 America/Sao_Paulo] PHP Warning:  Undefined array key "c_sidebar" in C:\xampp\htdocs\ativisoft_1_0\marcial_1_0\partials\_sidebar.php on line 207
[26-Jul-2026 11:17:47 America/Sao_Paulo] PHP Warning:  Undefined array key "c_sidebar" in C:\xampp\htdocs\ativisoft_1_0\marcial_1_0\partials\_sidebar.php on line 208
[26-Jul-2026 11:17:47 America/Sao_Paulo] PHP Warning:  Undefined array key "c_sidebar" in C:\xampp\htdocs\ativisoft_1_0\marcial_1_0\partials\_sidebar.php on line 214
[26-Jul-2026 11:17:47 America/Sao_Paulo] PHP Warning:  Undefined array key "c_sidebar" in C:\xampp\htdocs\ativisoft_1_0\marcial_1_0\partials\_sidebar.php on line 215
[26-Jul-2026 11:17:47 America/Sao_Paulo] PHP Warning:  Undefined array key "c_sidebar" in C:\xampp\htdocs\ativisoft_1_0\marcial_1_0\partials\_sidebar.php on line 216
[26-Jul-2026 11:17:47 America/Sao_Paulo] PHP Warning:  Undefined array key "c_sidebar" in C:\xampp\htdocs\ativisoft_1_0\marcial_1_0\partials\_sidebar.php on line 219
[26-Jul-2026 11:17:47 America/Sao_Paulo] PHP Warning:  Undefined array key "c_sidebar" in C:\xampp\htdocs\ativisoft_1_0\marcial_1_0\partials\_sidebar.php on line 220
[26-Jul-2026 11:17:47 America/Sao_Paulo] PHP Warning:  Undefined array key "c_sidebar" in C:\xampp\htdocs\ativisoft_1_0\marcial_1_0\partials\_sidebar.php on line 221
[26-Jul-2026 11:17:47 America/Sao_Paulo] PHP Warning:  Undefined array key "c_sidebar" in C:\xampp\htdocs\ativisoft_1_0\marcial_1_0\partials\_sidebar.php on line 234
[26-Jul-2026 11:17:47 America/Sao_Paulo] PHP Warning:  Undefined array key "c_sidebar" in C:\xampp\htdocs\ativisoft_1_0\marcial_1_0\partials\_sidebar.php on line 235
[26-Jul-2026 11:17:47 America/Sao_Paulo] PHP Warning:  Undefined array key "c_sidebar" in C:\xampp\htdocs\ativisoft_1_0\marcial_1_0\partials\_sidebar.php on line 236
[26-Jul-2026 11:17:47 America/Sao_Paulo] PHP Warning:  Undefined array key "c_sidebar" in C:\xampp\htdocs\ativisoft_1_0\marcial_1_0\partials\_sidebar.php on line 245
[26-Jul-2026 11:17:47 America/Sao_Paulo] PHP Warning:  Undefined array key "c_sidebar" in C:\xampp\htdocs\ativisoft_1_0\marcial_1_0\partials\_sidebar.php on line 259
[26-Jul-2026 11:17:47 America/Sao_Paulo] PHP Warning:  Undefined array key "c_sidebar" in C:\xampp\htdocs\ativisoft_1_0\marcial_1_0\partials\_sidebar.php on line 260
[26-Jul-2026 11:17:47 America/Sao_Paulo] PHP Warning:  Undefined array key "c_sidebar" in C:\xampp\htdocs\ativisoft_1_0\marcial_1_0\partials\_sidebar.php on line 261
[26-Jul-2026 11:17:47 America/Sao_Paulo] PHP Warning:  Undefined array key "c_sidebar" in C:\xampp\htdocs\ativisoft_1_0\marcial_1_0\partials\_sidebar.php on line 266
[26-Jul-2026 11:17:47 America/Sao_Paulo] PHP Warning:  Undefined array key "c_sidebar" in C:\xampp\htdocs\ativisoft_1_0\marcial_1_0\partials\_sidebar.php on line 271
[26-Jul-2026 11:17:47 America/Sao_Paulo] PHP Warning:  Undefined array key "c_sidebar" in C:\xampp\htdocs\ativisoft_1_0\marcial_1_0\partials\_sidebar.php on line 272
[26-Jul-2026 11:17:47 America/Sao_Paulo] PHP Warning:  Undefined array key "c_sidebar" in C:\xampp\htdocs\ativisoft_1_0\marcial_1_0\partials\_sidebar.php on line 273
[26-Jul-2026 11:17:47 America/Sao_Paulo] PHP Warning:  Undefined array key "c_sidebar" in C:\xampp\htdocs\ativisoft_1_0\marcial_1_0\partials\_sidebar.php on line 285
[26-Jul-2026 11:17:47 America/Sao_Paulo] PHP Warning:  Undefined array key "c_sidebar" in C:\xampp\htdocs\ativisoft_1_0\marcial_1_0\partials\_sidebar.php on line 285
[26-Jul-2026 11:17:47 America/Sao_Paulo] PHP Warning:  Undefined array key "c_sidebar" in C:\xampp\htdocs\ativisoft_1_0\marcial_1_0\partials\_sidebar.php on line 286
[26-Jul-2026 11:19:22 America/Sao_Paulo] PHP Warning:  Undefined array key "c_sidebar" in C:\xampp\htdocs\ativisoft_1_0\marcial_1_0\partials\_sidebar.php on line 135
[26-Jul-2026 11:19:22 America/Sao_Paulo] PHP Warning:  Undefined array key "c_sidebar" in C:\xampp\htdocs\ativisoft_1_0\marcial_1_0\partials\_sidebar.php on line 206
[26-Jul-2026 11:19:22 America/Sao_Paulo] PHP Warning:  Undefined array key "c_sidebar" in C:\xampp\htdocs\ativisoft_1_0\marcial_1_0\partials\_sidebar.php on line 207
[26-Jul-2026 11:19:22 America/Sao_Paulo] PHP Warning:  Undefined array key "c_sidebar" in C:\xampp\htdocs\ativisoft_1_0\marcial_1_0\partials\_sidebar.php on line 208
[26-Jul-2026 11:19:22 America/Sao_Paulo] PHP Warning:  Undefined array key "c_sidebar" in C:\xampp\htdocs\ativisoft_1_0\marcial_1_0\partials\_sidebar.php on line 214
[26-Jul-2026 11:19:22 America/Sao_Paulo] PHP Warning:  Undefined array key "c_sidebar" in C:\xampp\htdocs\ativisoft_1_0\marcial_1_0\partials\_sidebar.php on line 215
[26-Jul-2026 11:19:22 America/Sao_Paulo] PHP Warning:  Undefined array key "c_sidebar" in C:\xampp\htdocs\ativisoft_1_0\marcial_1_0\partials\_sidebar.php on line 216
[26-Jul-2026 11:19:22 America/Sao_Paulo] PHP Warning:  Undefined array key "c_sidebar" in C:\xampp\htdocs\ativisoft_1_0\marcial_1_0\partials\_sidebar.php on line 219
[26-Jul-2026 11:19:22 America/Sao_Paulo] PHP Warning:  Undefined array key "c_sidebar" in C:\xampp\htdocs\ativisoft_1_0\marcial_1_0\partials\_sidebar.php on line 220
[26-Jul-2026 11:19:22 America/Sao_Paulo] PHP Warning:  Undefined array key "c_sidebar" in C:\xampp\htdocs\ativisoft_1_0\marcial_1_0\partials\_sidebar.php on line 221
[26-Jul-2026 11:19:22 America/Sao_Paulo] PHP Warning:  Undefined array key "c_sidebar" in C:\xampp\htdocs\ativisoft_1_0\marcial_1_0\partials\_sidebar.php on line 234
[26-Jul-2026 11:19:22 America/Sao_Paulo] PHP Warning:  Undefined array key "c_sidebar" in C:\xampp\htdocs\ativisoft_1_0\marcial_1_0\partials\_sidebar.php on line 235
[26-Jul-2026 11:19:22 America/Sao_Paulo] PHP Warning:  Undefined array key "c_sidebar" in C:\xampp\htdocs\ativisoft_1_0\marcial_1_0\partials\_sidebar.php on line 236
[26-Jul-2026 11:19:22 America/Sao_Paulo] PHP Warning:  Undefined array key "c_sidebar" in C:\xampp\htdocs\ativisoft_1_0\marcial_1_0\partials\_sidebar.php on line 245
[26-Jul-2026 11:19:22 America/Sao_Paulo] PHP Warning:  Undefined array key "c_sidebar" in C:\xampp\htdocs\ativisoft_1_0\marcial_1_0\partials\_sidebar.php on line 259
[26-Jul-2026 11:19:22 America/Sao_Paulo] PHP Warning:  Undefined array key "c_sidebar" in C:\xampp\htdocs\ativisoft_1_0\marcial_1_0\partials\_sidebar.php on line 260
[26-Jul-2026 11:19:22 America/Sao_Paulo] PHP Warning:  Undefined array key "c_sidebar" in C:\xampp\htdocs\ativisoft_1_0\marcial_1_0\partials\_sidebar.php on line 261
[26-Jul-2026 11:19:22 America/Sao_Paulo] PHP Warning:  Undefined array key "c_sidebar" in C:\xampp\htdocs\ativisoft_1_0\marcial_1_0\partials\_sidebar.php on line 266
[26-Jul-2026 11:19:22 America/Sao_Paulo] PHP Warning:  Undefined array key "c_sidebar" in C:\xampp\htdocs\ativisoft_1_0\marcial_1_0\partials\_sidebar.php on line 271
[26-Jul-2026 11:19:22 America/Sao_Paulo] PHP Warning:  Undefined array key "c_sidebar" in C:\xampp\htdocs\ativisoft_1_0\marcial_1_0\partials\_sidebar.php on line 272
[26-Jul-2026 11:19:22 America/Sao_Paulo] PHP Warning:  Undefined array key "c_sidebar" in C:\xampp\htdocs\ativisoft_1_0\marcial_1_0\partials\_sidebar.php on line 273
[26-Jul-2026 11:19:22 America/Sao_Paulo] PHP Warning:  Undefined array key "c_sidebar" in C:\xampp\htdocs\ativisoft_1_0\marcial_1_0\partials\_sidebar.php on line 285
[26-Jul-2026 11:19:22 America/Sao_Paulo] PHP Warning:  Undefined array key "c_sidebar" in C:\xampp\htdocs\ativisoft_1_0\marcial_1_0\partials\_sidebar.php on line 285
[26-Jul-2026 11:19:22 America/Sao_Paulo] PHP Warning:  Undefined array key "c_sidebar" in C:\xampp\htdocs\ativisoft_1_0\marcial_1_0\partials\_sidebar.php on line 286
[26-Jul-2026 11:22:29 America/Sao_Paulo] PHP Warning:  Undefined array key "c_sidebar" in C:\xampp\htdocs\ativisoft_1_0\marcial_1_0\partials\_sidebar.php on line 135
[26-Jul-2026 11:22:29 America/Sao_Paulo] PHP Warning:  Undefined array key "c_sidebar" in C:\xampp\htdocs\ativisoft_1_0\marcial_1_0\partials\_sidebar.php on line 206
[26-Jul-2026 11:22:29 America/Sao_Paulo] PHP Warning:  Undefined array key "c_sidebar" in C:\xampp\htdocs\ativisoft_1_0\marcial_1_0\partials\_sidebar.php on line 207
[26-Jul-2026 11:22:29 America/Sao_Paulo] PHP Warning:  Undefined array key "c_sidebar" in C:\xampp\htdocs\ativisoft_1_0\marcial_1_0\partials\_sidebar.php on line 208
[26-Jul-2026 11:22:29 America/Sao_Paulo] PHP Warning:  Undefined array key "c_sidebar" in C:\xampp\htdocs\ativisoft_1_0\marcial_1_0\partials\_sidebar.php on line 214
[26-Jul-2026 11:22:29 America/Sao_Paulo] PHP Warning:  Undefined array key "c_sidebar" in C:\xampp\htdocs\ativisoft_1_0\marcial_1_0\partials\_sidebar.php on line 215
[26-Jul-2026 11:22:29 America/Sao_Paulo] PHP Warning:  Undefined array key "c_sidebar" in C:\xampp\htdocs\ativisoft_1_0\marcial_1_0\partials\_sidebar.php on line 216
[26-Jul-2026 11:22:29 America/Sao_Paulo] PHP Warning:  Undefined array key "c_sidebar" in C:\xampp\htdocs\ativisoft_1_0\marcial_1_0\partials\_sidebar.php on line 219
[26-Jul-2026 11:22:29 America/Sao_Paulo] PHP Warning:  Undefined array key "c_sidebar" in C:\xampp\htdocs\ativisoft_1_0\marcial_1_0\partials\_sidebar.php on line 220
[26-Jul-2026 11:22:29 America/Sao_Paulo] PHP Warning:  Undefined array key "c_sidebar" in C:\xampp\htdocs\ativisoft_1_0\marcial_1_0\partials\_sidebar.php on line 221
[26-Jul-2026 11:22:29 America/Sao_Paulo] PHP Warning:  Undefined array key "c_sidebar" in C:\xampp\htdocs\ativisoft_1_0\marcial_1_0\partials\_sidebar.php on line 234
[26-Jul-2026 11:22:29 America/Sao_Paulo] PHP Warning:  Undefined array key "c_sidebar" in C:\xampp\htdocs\ativisoft_1_0\marcial_1_0\partials\_sidebar.php on line 235
[26-Jul-2026 11:22:29 America/Sao_Paulo] PHP Warning:  Undefined array key "c_sidebar" in C:\xampp\htdocs\ativisoft_1_0\marcial_1_0\partials\_sidebar.php on line 236
[26-Jul-2026 11:22:29 America/Sao_Paulo] PHP Warning:  Undefined array key "c_sidebar" in C:\xampp\htdocs\ativisoft_1_0\marcial_1_0\partials\_sidebar.php on line 245
[26-Jul-2026 11:22:29 America/Sao_Paulo] PHP Warning:  Undefined array key "c_sidebar" in C:\xampp\htdocs\ativisoft_1_0\marcial_1_0\partials\_sidebar.php on line 259
[26-Jul-2026 11:22:29 America/Sao_Paulo] PHP Warning:  Undefined array key "c_sidebar" in C:\xampp\htdocs\ativisoft_1_0\marcial_1_0\partials\_sidebar.php on line 260
[26-Jul-2026 11:22:29 America/Sao_Paulo] PHP Warning:  Undefined array key "c_sidebar" in C:\xampp\htdocs\ativisoft_1_0\marcial_1_0\partials\_sidebar.php on line 261
[26-Jul-2026 11:22:29 America/Sao_Paulo] PHP Warning:  Undefined array key "c_sidebar" in C:\xampp\htdocs\ativisoft_1_0\marcial_1_0\partials\_sidebar.php on line 266
[26-Jul-2026 11:22:29 America/Sao_Paulo] PHP Warning:  Undefined array key "c_sidebar" in C:\xampp\htdocs\ativisoft_1_0\marcial_1_0\partials\_sidebar.php on line 271
[26-Jul-2026 11:22:29 America/Sao_Paulo] PHP Warning:  Undefined array key "c_sidebar" in C:\xampp\htdocs\ativisoft_1_0\marcial_1_0\partials\_sidebar.php on line 272
[26-Jul-2026 11:22:29 America/Sao_Paulo] PHP Warning:  Undefined array key "c_sidebar" in C:\xampp\htdocs\ativisoft_1_0\marcial_1_0\partials\_sidebar.php on line 273
[26-Jul-2026 11:22:29 America/Sao_Paulo] PHP Warning:  Undefined array key "c_sidebar" in C:\xampp\htdocs\ativisoft_1_0\marcial_1_0\partials\_sidebar.php on line 285
[26-Jul-2026 11:22:29 America/Sao_Paulo] PHP Warning:  Undefined array key "c_sidebar" in C:\xampp\htdocs\ativisoft_1_0\marcial_1_0\partials\_sidebar.php on line 285
[26-Jul-2026 11:22:29 America/Sao_Paulo] PHP Warning:  Undefined array key "c_sidebar" in C:\xampp\htdocs\ativisoft_1_0\marcial_1_0\partials\_sidebar.php on line 286
[26-Jul-2026 11:25:06 America/Sao_Paulo] PHP Warning:  Undefined array key "c_sidebar" in C:\xampp\htdocs\ativisoft_1_0\marcial_1_0\partials\_sidebar.php on line 135
[26-Jul-2026 11:25:06 America/Sao_Paulo] PHP Warning:  Undefined array key "c_sidebar" in C:\xampp\htdocs\ativisoft_1_0\marcial_1_0\partials\_sidebar.php on line 206
[26-Jul-2026 11:25:06 America/Sao_Paulo] PHP Warning:  Undefined array key "c_sidebar" in C:\xampp\htdocs\ativisoft_1_0\marcial_1_0\partials\_sidebar.php on line 207
[26-Jul-2026 11:25:06 America/Sao_Paulo] PHP Warning:  Undefined array key "c_sidebar" in C:\xampp\htdocs\ativisoft_1_0\marcial_1_0\partials\_sidebar.php on line 208
[26-Jul-2026 11:25:06 America/Sao_Paulo] PHP Warning:  Undefined array key "c_sidebar" in C:\xampp\htdocs\ativisoft_1_0\marcial_1_0\partials\_sidebar.php on line 214
[26-Jul-2026 11:25:06 America/Sao_Paulo] PHP Warning:  Undefined array key "c_sidebar" in C:\xampp\htdocs\ativisoft_1_0\marcial_1_0\partials\_sidebar.php on line 215
[26-Jul-2026 11:25:06 America/Sao_Paulo] PHP Warning:  Undefined array key "c_sidebar" in C:\xampp\htdocs\ativisoft_1_0\marcial_1_0\partials\_sidebar.php on line 216
[26-Jul-2026 11:25:06 America/Sao_Paulo] PHP Warning:  Undefined array key "c_sidebar" in C:\xampp\htdocs\ativisoft_1_0\marcial_1_0\partials\_sidebar.php on line 219
[26-Jul-2026 11:25:06 America/Sao_Paulo] PHP Warning:  Undefined array key "c_sidebar" in C:\xampp\htdocs\ativisoft_1_0\marcial_1_0\partials\_sidebar.php on line 220
[26-Jul-2026 11:25:06 America/Sao_Paulo] PHP Warning:  Undefined array key "c_sidebar" in C:\xampp\htdocs\ativisoft_1_0\marcial_1_0\partials\_sidebar.php on line 221
[26-Jul-2026 11:25:06 America/Sao_Paulo] PHP Warning:  Undefined array key "c_sidebar" in C:\xampp\htdocs\ativisoft_1_0\marcial_1_0\partials\_sidebar.php on line 234
[26-Jul-2026 11:25:06 America/Sao_Paulo] PHP Warning:  Undefined array key "c_sidebar" in C:\xampp\htdocs\ativisoft_1_0\marcial_1_0\partials\_sidebar.php on line 235
[26-Jul-2026 11:25:06 America/Sao_Paulo] PHP Warning:  Undefined array key "c_sidebar" in C:\xampp\htdocs\ativisoft_1_0\marcial_1_0\partials\_sidebar.php on line 236
[26-Jul-2026 11:25:06 America/Sao_Paulo] PHP Warning:  Undefined array key "c_sidebar" in C:\xampp\htdocs\ativisoft_1_0\marcial_1_0\partials\_sidebar.php on line 245
[26-Jul-2026 11:25:06 America/Sao_Paulo] PHP Warning:  Undefined array key "c_sidebar" in C:\xampp\htdocs\ativisoft_1_0\marcial_1_0\partials\_sidebar.php on line 259
[26-Jul-2026 11:25:06 America/Sao_Paulo] PHP Warning:  Undefined array key "c_sidebar" in C:\xampp\htdocs\ativisoft_1_0\marcial_1_0\partials\_sidebar.php on line 260
[26-Jul-2026 11:25:06 America/Sao_Paulo] PHP Warning:  Undefined array key "c_sidebar" in C:\xampp\htdocs\ativisoft_1_0\marcial_1_0\partials\_sidebar.php on line 261
[26-Jul-2026 11:25:06 America/Sao_Paulo] PHP Warning:  Undefined array key "c_sidebar" in C:\xampp\htdocs\ativisoft_1_0\marcial_1_0\partials\_sidebar.php on line 266
[26-Jul-2026 11:25:06 America/Sao_Paulo] PHP Warning:  Undefined array key "c_sidebar" in C:\xampp\htdocs\ativisoft_1_0\marcial_1_0\partials\_sidebar.php on line 271
[26-Jul-2026 11:25:06 America/Sao_Paulo] PHP Warning:  Undefined array key "c_sidebar" in C:\xampp\htdocs\ativisoft_1_0\marcial_1_0\partials\_sidebar.php on line 272
[26-Jul-2026 11:25:06 America/Sao_Paulo] PHP Warning:  Undefined array key "c_sidebar" in C:\xampp\htdocs\ativisoft_1_0\marcial_1_0\partials\_sidebar.php on line 273
[26-Jul-2026 11:25:06 America/Sao_Paulo] PHP Warning:  Undefined array key "c_sidebar" in C:\xampp\htdocs\ativisoft_1_0\marcial_1_0\partials\_sidebar.php on line 285
[26-Jul-2026 11:25:06 America/Sao_Paulo] PHP Warning:  Undefined array key "c_sidebar" in C:\xampp\htdocs\ativisoft_1_0\marcial_1_0\partials\_sidebar.php on line 285
[26-Jul-2026 11:25:06 America/Sao_Paulo] PHP Warning:  Undefined array key "c_sidebar" in C:\xampp\htdocs\ativisoft_1_0\marcial_1_0\partials\_sidebar.php on line 286
[26-Jul-2026 11:36:29 America/Sao_Paulo] PHP Warning:  Undefined array key "c_sidebar" in C:\xampp\htdocs\ativisoft_1_0\marcial_1_0\partials\_sidebar.php on line 135
[26-Jul-2026 11:36:29 America/Sao_Paulo] PHP Warning:  Undefined array key "c_sidebar" in C:\xampp\htdocs\ativisoft_1_0\marcial_1_0\partials\_sidebar.php on line 206
[26-Jul-2026 11:36:29 America/Sao_Paulo] PHP Warning:  Undefined array key "c_sidebar" in C:\xampp\htdocs\ativisoft_1_0\marcial_1_0\partials\_sidebar.php on line 207
[26-Jul-2026 11:36:29 America/Sao_Paulo] PHP Warning:  Undefined array key "c_sidebar" in C:\xampp\htdocs\ativisoft_1_0\marcial_1_0\partials\_sidebar.php on line 208
[26-Jul-2026 11:36:29 America/Sao_Paulo] PHP Warning:  Undefined array key "c_sidebar" in C:\xampp\htdocs\ativisoft_1_0\marcial_1_0\partials\_sidebar.php on line 214
[26-Jul-2026 11:36:29 America/Sao_Paulo] PHP Warning:  Undefined array key "c_sidebar" in C:\xampp\htdocs\ativisoft_1_0\marcial_1_0\partials\_sidebar.php on line 215
[26-Jul-2026 11:36:29 America/Sao_Paulo] PHP Warning:  Undefined array key "c_sidebar" in C:\xampp\htdocs\ativisoft_1_0\marcial_1_0\partials\_sidebar.php on line 216
[26-Jul-2026 11:36:29 America/Sao_Paulo] PHP Warning:  Undefined array key "c_sidebar" in C:\xampp\htdocs\ativisoft_1_0\marcial_1_0\partials\_sidebar.php on line 219
[26-Jul-2026 11:36:29 America/Sao_Paulo] PHP Warning:  Undefined array key "c_sidebar" in C:\xampp\htdocs\ativisoft_1_0\marcial_1_0\partials\_sidebar.php on line 220
[26-Jul-2026 11:36:29 America/Sao_Paulo] PHP Warning:  Undefined array key "c_sidebar" in C:\xampp\htdocs\ativisoft_1_0\marcial_1_0\partials\_sidebar.php on line 221
[26-Jul-2026 11:36:29 America/Sao_Paulo] PHP Warning:  Undefined array key "c_sidebar" in C:\xampp\htdocs\ativisoft_1_0\marcial_1_0\partials\_sidebar.php on line 234
[26-Jul-2026 11:36:29 America/Sao_Paulo] PHP Warning:  Undefined array key "c_sidebar" in C:\xampp\htdocs\ativisoft_1_0\marcial_1_0\partials\_sidebar.php on line 235
[26-Jul-2026 11:36:29 America/Sao_Paulo] PHP Warning:  Undefined array key "c_sidebar" in C:\xampp\htdocs\ativisoft_1_0\marcial_1_0\partials\_sidebar.php on line 236
[26-Jul-2026 11:36:29 America/Sao_Paulo] PHP Warning:  Undefined array key "c_sidebar" in C:\xampp\htdocs\ativisoft_1_0\marcial_1_0\partials\_sidebar.php on line 245
[26-Jul-2026 11:36:29 America/Sao_Paulo] PHP Warning:  Undefined array key "c_sidebar" in C:\xampp\htdocs\ativisoft_1_0\marcial_1_0\partials\_sidebar.php on line 259
[26-Jul-2026 11:36:29 America/Sao_Paulo] PHP Warning:  Undefined array key "c_sidebar" in C:\xampp\htdocs\ativisoft_1_0\marcial_1_0\partials\_sidebar.php on line 260
[26-Jul-2026 11:36:29 America/Sao_Paulo] PHP Warning:  Undefined array key "c_sidebar" in C:\xampp\htdocs\ativisoft_1_0\marcial_1_0\partials\_sidebar.php on line 261
[26-Jul-2026 11:36:29 America/Sao_Paulo] PHP Warning:  Undefined array key "c_sidebar" in C:\xampp\htdocs\ativisoft_1_0\marcial_1_0\partials\_sidebar.php on line 266
[26-Jul-2026 11:36:29 America/Sao_Paulo] PHP Warning:  Undefined array key "c_sidebar" in C:\xampp\htdocs\ativisoft_1_0\marcial_1_0\partials\_sidebar.php on line 271
[26-Jul-2026 11:36:29 America/Sao_Paulo] PHP Warning:  Undefined array key "c_sidebar" in C:\xampp\htdocs\ativisoft_1_0\marcial_1_0\partials\_sidebar.php on line 272
[26-Jul-2026 11:36:29 America/Sao_Paulo] PHP Warning:  Undefined array key "c_sidebar" in C:\xampp\htdocs\ativisoft_1_0\marcial_1_0\partials\_sidebar.php on line 273
[26-Jul-2026 11:36:29 America/Sao_Paulo] PHP Warning:  Undefined array key "c_sidebar" in C:\xampp\htdocs\ativisoft_1_0\marcial_1_0\partials\_sidebar.php on line 285
[26-Jul-2026 11:36:29 America/Sao_Paulo] PHP Warning:  Undefined array key "c_sidebar" in C:\xampp\htdocs\ativisoft_1_0\marcial_1_0\partials\_sidebar.php on line 285
[26-Jul-2026 11:36:29 America/Sao_Paulo] PHP Warning:  Undefined array key "c_sidebar" in C:\xampp\htdocs\ativisoft_1_0\marcial_1_0\partials\_sidebar.php on line 286
[26-Jul-2026 11:38:04 America/Sao_Paulo] PHP Warning:  Undefined array key "c_sidebar" in C:\xampp\htdocs\ativisoft_1_0\marcial_1_0\partials\_sidebar.php on line 135
[26-Jul-2026 11:38:04 America/Sao_Paulo] PHP Warning:  Undefined array key "c_sidebar" in C:\xampp\htdocs\ativisoft_1_0\marcial_1_0\partials\_sidebar.php on line 206
[26-Jul-2026 11:38:04 America/Sao_Paulo] PHP Warning:  Undefined array key "c_sidebar" in C:\xampp\htdocs\ativisoft_1_0\marcial_1_0\partials\_sidebar.php on line 207
[26-Jul-2026 11:38:04 America/Sao_Paulo] PHP Warning:  Undefined array key "c_sidebar" in C:\xampp\htdocs\ativisoft_1_0\marcial_1_0\partials\_sidebar.php on line 208
[26-Jul-2026 11:38:04 America/Sao_Paulo] PHP Warning:  Undefined array key "c_sidebar" in C:\xampp\htdocs\ativisoft_1_0\marcial_1_0\partials\_sidebar.php on line 214
[26-Jul-2026 11:38:04 America/Sao_Paulo] PHP Warning:  Undefined array key "c_sidebar" in C:\xampp\htdocs\ativisoft_1_0\marcial_1_0\partials\_sidebar.php on line 215
[26-Jul-2026 11:38:04 America/Sao_Paulo] PHP Warning:  Undefined array key "c_sidebar" in C:\xampp\htdocs\ativisoft_1_0\marcial_1_0\partials\_sidebar.php on line 216
[26-Jul-2026 11:38:04 America/Sao_Paulo] PHP Warning:  Undefined array key "c_sidebar" in C:\xampp\htdocs\ativisoft_1_0\marcial_1_0\partials\_sidebar.php on line 219
[26-Jul-2026 11:38:04 America/Sao_Paulo] PHP Warning:  Undefined array key "c_sidebar" in C:\xampp\htdocs\ativisoft_1_0\marcial_1_0\partials\_sidebar.php on line 220
[26-Jul-2026 11:38:04 America/Sao_Paulo] PHP Warning:  Undefined array key "c_sidebar" in C:\xampp\htdocs\ativisoft_1_0\marcial_1_0\partials\_sidebar.php on line 221
[26-Jul-2026 11:38:04 America/Sao_Paulo] PHP Warning:  Undefined array key "c_sidebar" in C:\xampp\htdocs\ativisoft_1_0\marcial_1_0\partials\_sidebar.php on line 234
[26-Jul-2026 11:38:04 America/Sao_Paulo] PHP Warning:  Undefined array key "c_sidebar" in C:\xampp\htdocs\ativisoft_1_0\marcial_1_0\partials\_sidebar.php on line 235
[26-Jul-2026 11:38:04 America/Sao_Paulo] PHP Warning:  Undefined array key "c_sidebar" in C:\xampp\htdocs\ativisoft_1_0\marcial_1_0\partials\_sidebar.php on line 236
[26-Jul-2026 11:38:04 America/Sao_Paulo] PHP Warning:  Undefined array key "c_sidebar" in C:\xampp\htdocs\ativisoft_1_0\marcial_1_0\partials\_sidebar.php on line 245
[26-Jul-2026 11:38:04 America/Sao_Paulo] PHP Warning:  Undefined array key "c_sidebar" in C:\xampp\htdocs\ativisoft_1_0\marcial_1_0\partials\_sidebar.php on line 259
[26-Jul-2026 11:38:04 America/Sao_Paulo] PHP Warning:  Undefined array key "c_sidebar" in C:\xampp\htdocs\ativisoft_1_0\marcial_1_0\partials\_sidebar.php on line 260
[26-Jul-2026 11:38:04 America/Sao_Paulo] PHP Warning:  Undefined array key "c_sidebar" in C:\xampp\htdocs\ativisoft_1_0\marcial_1_0\partials\_sidebar.php on line 261
[26-Jul-2026 11:38:04 America/Sao_Paulo] PHP Warning:  Undefined array key "c_sidebar" in C:\xampp\htdocs\ativisoft_1_0\marcial_1_0\partials\_sidebar.php on line 266
[26-Jul-2026 11:38:04 America/Sao_Paulo] PHP Warning:  Undefined array key "c_sidebar" in C:\xampp\htdocs\ativisoft_1_0\marcial_1_0\partials\_sidebar.php on line 271
[26-Jul-2026 11:38:04 America/Sao_Paulo] PHP Warning:  Undefined array key "c_sidebar" in C:\xampp\htdocs\ativisoft_1_0\marcial_1_0\partials\_sidebar.php on line 272
[26-Jul-2026 11:38:04 America/Sao_Paulo] PHP Warning:  Undefined array key "c_sidebar" in C:\xampp\htdocs\ativisoft_1_0\marcial_1_0\partials\_sidebar.php on line 273
[26-Jul-2026 11:38:04 America/Sao_Paulo] PHP Warning:  Undefined array key "c_sidebar" in C:\xampp\htdocs\ativisoft_1_0\marcial_1_0\partials\_sidebar.php on line 285
[26-Jul-2026 11:38:04 America/Sao_Paulo] PHP Warning:  Undefined array key "c_sidebar" in C:\xampp\htdocs\ativisoft_1_0\marcial_1_0\partials\_sidebar.php on line 285
[26-Jul-2026 11:38:04 America/Sao_Paulo] PHP Warning:  Undefined array key "c_sidebar" in C:\xampp\htdocs\ativisoft_1_0\marcial_1_0\partials\_sidebar.php on line 286
[26-Jul-2026 11:38:48 America/Sao_Paulo] PHP Warning:  Undefined array key "c_sidebar" in C:\xampp\htdocs\ativisoft_1_0\marcial_1_0\partials\_sidebar.php on line 135
[26-Jul-2026 11:38:48 America/Sao_Paulo] PHP Warning:  Undefined array key "c_sidebar" in C:\xampp\htdocs\ativisoft_1_0\marcial_1_0\partials\_sidebar.php on line 206
[26-Jul-2026 11:38:48 America/Sao_Paulo] PHP Warning:  Undefined array key "c_sidebar" in C:\xampp\htdocs\ativisoft_1_0\marcial_1_0\partials\_sidebar.php on line 207
[26-Jul-2026 11:38:48 America/Sao_Paulo] PHP Warning:  Undefined array key "c_sidebar" in C:\xampp\htdocs\ativisoft_1_0\marcial_1_0\partials\_sidebar.php on line 208
[26-Jul-2026 11:38:48 America/Sao_Paulo] PHP Warning:  Undefined array key "c_sidebar" in C:\xampp\htdocs\ativisoft_1_0\marcial_1_0\partials\_sidebar.php on line 214
[26-Jul-2026 11:38:48 America/Sao_Paulo] PHP Warning:  Undefined array key "c_sidebar" in C:\xampp\htdocs\ativisoft_1_0\marcial_1_0\partials\_sidebar.php on line 215
[26-Jul-2026 11:38:48 America/Sao_Paulo] PHP Warning:  Undefined array key "c_sidebar" in C:\xampp\htdocs\ativisoft_1_0\marcial_1_0\partials\_sidebar.php on line 216
[26-Jul-2026 11:38:48 America/Sao_Paulo] PHP Warning:  Undefined array key "c_sidebar" in C:\xampp\htdocs\ativisoft_1_0\marcial_1_0\partials\_sidebar.php on line 219
[26-Jul-2026 11:38:48 America/Sao_Paulo] PHP Warning:  Undefined array key "c_sidebar" in C:\xampp\htdocs\ativisoft_1_0\marcial_1_0\partials\_sidebar.php on line 220
[26-Jul-2026 11:38:48 America/Sao_Paulo] PHP Warning:  Undefined array key "c_sidebar" in C:\xampp\htdocs\ativisoft_1_0\marcial_1_0\partials\_sidebar.php on line 221
[26-Jul-2026 11:38:48 America/Sao_Paulo] PHP Warning:  Undefined array key "c_sidebar" in C:\xampp\htdocs\ativisoft_1_0\marcial_1_0\partials\_sidebar.php on line 234
[26-Jul-2026 11:38:48 America/Sao_Paulo] PHP Warning:  Undefined array key "c_sidebar" in C:\xampp\htdocs\ativisoft_1_0\marcial_1_0\partials\_sidebar.php on line 235
[26-Jul-2026 11:38:48 America/Sao_Paulo] PHP Warning:  Undefined array key "c_sidebar" in C:\xampp\htdocs\ativisoft_1_0\marcial_1_0\partials\_sidebar.php on line 236
[26-Jul-2026 11:38:48 America/Sao_Paulo] PHP Warning:  Undefined array key "c_sidebar" in C:\xampp\htdocs\ativisoft_1_0\marcial_1_0\partials\_sidebar.php on line 245
[26-Jul-2026 11:38:48 America/Sao_Paulo] PHP Warning:  Undefined array key "c_sidebar" in C:\xampp\htdocs\ativisoft_1_0\marcial_1_0\partials\_sidebar.php on line 259
[26-Jul-2026 11:38:48 America/Sao_Paulo] PHP Warning:  Undefined array key "c_sidebar" in C:\xampp\htdocs\ativisoft_1_0\marcial_1_0\partials\_sidebar.php on line 260
[26-Jul-2026 11:38:48 America/Sao_Paulo] PHP Warning:  Undefined array key "c_sidebar" in C:\xampp\htdocs\ativisoft_1_0\marcial_1_0\partials\_sidebar.php on line 261
[26-Jul-2026 11:38:48 America/Sao_Paulo] PHP Warning:  Undefined array key "c_sidebar" in C:\xampp\htdocs\ativisoft_1_0\marcial_1_0\partials\_sidebar.php on line 266
[26-Jul-2026 11:38:48 America/Sao_Paulo] PHP Warning:  Undefined array key "c_sidebar" in C:\xampp\htdocs\ativisoft_1_0\marcial_1_0\partials\_sidebar.php on line 271
[26-Jul-2026 11:38:48 America/Sao_Paulo] PHP Warning:  Undefined array key "c_sidebar" in C:\xampp\htdocs\ativisoft_1_0\marcial_1_0\partials\_sidebar.php on line 272
[26-Jul-2026 11:38:48 America/Sao_Paulo] PHP Warning:  Undefined array key "c_sidebar" in C:\xampp\htdocs\ativisoft_1_0\marcial_1_0\partials\_sidebar.php on line 273
[26-Jul-2026 11:38:48 America/Sao_Paulo] PHP Warning:  Undefined array key "c_sidebar" in C:\xampp\htdocs\ativisoft_1_0\marcial_1_0\partials\_sidebar.php on line 285
[26-Jul-2026 11:38:48 America/Sao_Paulo] PHP Warning:  Undefined array key "c_sidebar" in C:\xampp\htdocs\ativisoft_1_0\marcial_1_0\partials\_sidebar.php on line 285
[26-Jul-2026 11:38:48 America/Sao_Paulo] PHP Warning:  Undefined array key "c_sidebar" in C:\xampp\htdocs\ativisoft_1_0\marcial_1_0\partials\_sidebar.php on line 286
[26-Jul-2026 11:39:24 America/Sao_Paulo] PHP Warning:  Undefined array key "c_sidebar" in C:\xampp\htdocs\ativisoft_1_0\marcial_1_0\partials\_sidebar.php on line 135
[26-Jul-2026 11:39:24 America/Sao_Paulo] PHP Warning:  Undefined array key "c_sidebar" in C:\xampp\htdocs\ativisoft_1_0\marcial_1_0\partials\_sidebar.php on line 206
[26-Jul-2026 11:39:24 America/Sao_Paulo] PHP Warning:  Undefined array key "c_sidebar" in C:\xampp\htdocs\ativisoft_1_0\marcial_1_0\partials\_sidebar.php on line 207
[26-Jul-2026 11:39:24 America/Sao_Paulo] PHP Warning:  Undefined array key "c_sidebar" in C:\xampp\htdocs\ativisoft_1_0\marcial_1_0\partials\_sidebar.php on line 208
[26-Jul-2026 11:39:24 America/Sao_Paulo] PHP Warning:  Undefined array key "c_sidebar" in C:\xampp\htdocs\ativisoft_1_0\marcial_1_0\partials\_sidebar.php on line 214
[26-Jul-2026 11:39:24 America/Sao_Paulo] PHP Warning:  Undefined array key "c_sidebar" in C:\xampp\htdocs\ativisoft_1_0\marcial_1_0\partials\_sidebar.php on line 215
[26-Jul-2026 11:39:24 America/Sao_Paulo] PHP Warning:  Undefined array key "c_sidebar" in C:\xampp\htdocs\ativisoft_1_0\marcial_1_0\partials\_sidebar.php on line 216
[26-Jul-2026 11:39:24 America/Sao_Paulo] PHP Warning:  Undefined array key "c_sidebar" in C:\xampp\htdocs\ativisoft_1_0\marcial_1_0\partials\_sidebar.php on line 219
[26-Jul-2026 11:39:24 America/Sao_Paulo] PHP Warning:  Undefined array key "c_sidebar" in C:\xampp\htdocs\ativisoft_1_0\marcial_1_0\partials\_sidebar.php on line 220
[26-Jul-2026 11:39:24 America/Sao_Paulo] PHP Warning:  Undefined array key "c_sidebar" in C:\xampp\htdocs\ativisoft_1_0\marcial_1_0\partials\_sidebar.php on line 221
[26-Jul-2026 11:39:24 America/Sao_Paulo] PHP Warning:  Undefined array key "c_sidebar" in C:\xampp\htdocs\ativisoft_1_0\marcial_1_0\partials\_sidebar.php on line 234
[26-Jul-2026 11:39:24 America/Sao_Paulo] PHP Warning:  Undefined array key "c_sidebar" in C:\xampp\htdocs\ativisoft_1_0\marcial_1_0\partials\_sidebar.php on line 235
[26-Jul-2026 11:39:24 America/Sao_Paulo] PHP Warning:  Undefined array key "c_sidebar" in C:\xampp\htdocs\ativisoft_1_0\marcial_1_0\partials\_sidebar.php on line 236
[26-Jul-2026 11:39:24 America/Sao_Paulo] PHP Warning:  Undefined array key "c_sidebar" in C:\xampp\htdocs\ativisoft_1_0\marcial_1_0\partials\_sidebar.php on line 245
[26-Jul-2026 11:39:24 America/Sao_Paulo] PHP Warning:  Undefined array key "c_sidebar" in C:\xampp\htdocs\ativisoft_1_0\marcial_1_0\partials\_sidebar.php on line 259
[26-Jul-2026 11:39:24 America/Sao_Paulo] PHP Warning:  Undefined array key "c_sidebar" in C:\xampp\htdocs\ativisoft_1_0\marcial_1_0\partials\_sidebar.php on line 260
[26-Jul-2026 11:39:24 America/Sao_Paulo] PHP Warning:  Undefined array key "c_sidebar" in C:\xampp\htdocs\ativisoft_1_0\marcial_1_0\partials\_sidebar.php on line 261
[26-Jul-2026 11:39:24 America/Sao_Paulo] PHP Warning:  Undefined array key "c_sidebar" in C:\xampp\htdocs\ativisoft_1_0\marcial_1_0\partials\_sidebar.php on line 266
[26-Jul-2026 11:39:24 America/Sao_Paulo] PHP Warning:  Undefined array key "c_sidebar" in C:\xampp\htdocs\ativisoft_1_0\marcial_1_0\partials\_sidebar.php on line 271
[26-Jul-2026 11:39:24 America/Sao_Paulo] PHP Warning:  Undefined array key "c_sidebar" in C:\xampp\htdocs\ativisoft_1_0\marcial_1_0\partials\_sidebar.php on line 272
[26-Jul-2026 11:39:24 America/Sao_Paulo] PHP Warning:  Undefined array key "c_sidebar" in C:\xampp\htdocs\ativisoft_1_0\marcial_1_0\partials\_sidebar.php on line 273
[26-Jul-2026 11:39:24 America/Sao_Paulo] PHP Warning:  Undefined array key "c_sidebar" in C:\xampp\htdocs\ativisoft_1_0\marcial_1_0\partials\_sidebar.php on line 285
[26-Jul-2026 11:39:24 America/Sao_Paulo] PHP Warning:  Undefined array key "c_sidebar" in C:\xampp\htdocs\ativisoft_1_0\marcial_1_0\partials\_sidebar.php on line 285
[26-Jul-2026 11:39:24 America/Sao_Paulo] PHP Warning:  Undefined array key "c_sidebar" in C:\xampp\htdocs\ativisoft_1_0\marcial_1_0\partials\_sidebar.php on line 286
[26-Jul-2026 11:39:56 America/Sao_Paulo] PHP Warning:  Undefined array key "c_sidebar" in C:\xampp\htdocs\ativisoft_1_0\marcial_1_0\partials\_sidebar.php on line 135
[26-Jul-2026 11:39:56 America/Sao_Paulo] PHP Warning:  Undefined array key "c_sidebar" in C:\xampp\htdocs\ativisoft_1_0\marcial_1_0\partials\_sidebar.php on line 206
[26-Jul-2026 11:39:56 America/Sao_Paulo] PHP Warning:  Undefined array key "c_sidebar" in C:\xampp\htdocs\ativisoft_1_0\marcial_1_0\partials\_sidebar.php on line 207
[26-Jul-2026 11:39:56 America/Sao_Paulo] PHP Warning:  Undefined array key "c_sidebar" in C:\xampp\htdocs\ativisoft_1_0\marcial_1_0\partials\_sidebar.php on line 208
[26-Jul-2026 11:39:56 America/Sao_Paulo] PHP Warning:  Undefined array key "c_sidebar" in C:\xampp\htdocs\ativisoft_1_0\marcial_1_0\partials\_sidebar.php on line 214
[26-Jul-2026 11:39:56 America/Sao_Paulo] PHP Warning:  Undefined array key "c_sidebar" in C:\xampp\htdocs\ativisoft_1_0\marcial_1_0\partials\_sidebar.php on line 215
[26-Jul-2026 11:39:56 America/Sao_Paulo] PHP Warning:  Undefined array key "c_sidebar" in C:\xampp\htdocs\ativisoft_1_0\marcial_1_0\partials\_sidebar.php on line 216
[26-Jul-2026 11:39:56 America/Sao_Paulo] PHP Warning:  Undefined array key "c_sidebar" in C:\xampp\htdocs\ativisoft_1_0\marcial_1_0\partials\_sidebar.php on line 219
[26-Jul-2026 11:39:56 America/Sao_Paulo] PHP Warning:  Undefined array key "c_sidebar" in C:\xampp\htdocs\ativisoft_1_0\marcial_1_0\partials\_sidebar.php on line 220
[26-Jul-2026 11:39:56 America/Sao_Paulo] PHP Warning:  Undefined array key "c_sidebar" in C:\xampp\htdocs\ativisoft_1_0\marcial_1_0\partials\_sidebar.php on line 221
[26-Jul-2026 11:39:56 America/Sao_Paulo] PHP Warning:  Undefined array key "c_sidebar" in C:\xampp\htdocs\ativisoft_1_0\marcial_1_0\partials\_sidebar.php on line 234
[26-Jul-2026 11:39:56 America/Sao_Paulo] PHP Warning:  Undefined array key "c_sidebar" in C:\xampp\htdocs\ativisoft_1_0\marcial_1_0\partials\_sidebar.php on line 235
[26-Jul-2026 11:39:56 America/Sao_Paulo] PHP Warning:  Undefined array key "c_sidebar" in C:\xampp\htdocs\ativisoft_1_0\marcial_1_0\partials\_sidebar.php on line 236
[26-Jul-2026 11:39:56 America/Sao_Paulo] PHP Warning:  Undefined array key "c_sidebar" in C:\xampp\htdocs\ativisoft_1_0\marcial_1_0\partials\_sidebar.php on line 245
[26-Jul-2026 11:39:56 America/Sao_Paulo] PHP Warning:  Undefined array key "c_sidebar" in C:\xampp\htdocs\ativisoft_1_0\marcial_1_0\partials\_sidebar.php on line 259
[26-Jul-2026 11:39:56 America/Sao_Paulo] PHP Warning:  Undefined array key "c_sidebar" in C:\xampp\htdocs\ativisoft_1_0\marcial_1_0\partials\_sidebar.php on line 260
[26-Jul-2026 11:39:56 America/Sao_Paulo] PHP Warning:  Undefined array key "c_sidebar" in C:\xampp\htdocs\ativisoft_1_0\marcial_1_0\partials\_sidebar.php on line 261
[26-Jul-2026 11:39:56 America/Sao_Paulo] PHP Warning:  Undefined array key "c_sidebar" in C:\xampp\htdocs\ativisoft_1_0\marcial_1_0\partials\_sidebar.php on line 266
[26-Jul-2026 11:39:56 America/Sao_Paulo] PHP Warning:  Undefined array key "c_sidebar" in C:\xampp\htdocs\ativisoft_1_0\marcial_1_0\partials\_sidebar.php on line 271
[26-Jul-2026 11:39:56 America/Sao_Paulo] PHP Warning:  Undefined array key "c_sidebar" in C:\xampp\htdocs\ativisoft_1_0\marcial_1_0\partials\_sidebar.php on line 272
[26-Jul-2026 11:39:56 America/Sao_Paulo] PHP Warning:  Undefined array key "c_sidebar" in C:\xampp\htdocs\ativisoft_1_0\marcial_1_0\partials\_sidebar.php on line 273
[26-Jul-2026 11:39:56 America/Sao_Paulo] PHP Warning:  Undefined array key "c_sidebar" in C:\xampp\htdocs\ativisoft_1_0\marcial_1_0\partials\_sidebar.php on line 285
[26-Jul-2026 11:39:56 America/Sao_Paulo] PHP Warning:  Undefined array key "c_sidebar" in C:\xampp\htdocs\ativisoft_1_0\marcial_1_0\partials\_sidebar.php on line 285
[26-Jul-2026 11:39:56 America/Sao_Paulo] PHP Warning:  Undefined array key "c_sidebar" in C:\xampp\htdocs\ativisoft_1_0\marcial_1_0\partials\_sidebar.php on line 286
[26-Jul-2026 11:41:09 America/Sao_Paulo] PHP Warning:  Undefined array key "c_sidebar" in C:\xampp\htdocs\ativisoft_1_0\marcial_1_0\partials\_sidebar.php on line 135
[26-Jul-2026 11:41:09 America/Sao_Paulo] PHP Warning:  Undefined array key "c_sidebar" in C:\xampp\htdocs\ativisoft_1_0\marcial_1_0\partials\_sidebar.php on line 206
[26-Jul-2026 11:41:09 America/Sao_Paulo] PHP Warning:  Undefined array key "c_sidebar" in C:\xampp\htdocs\ativisoft_1_0\marcial_1_0\partials\_sidebar.php on line 207
[26-Jul-2026 11:41:09 America/Sao_Paulo] PHP Warning:  Undefined array key "c_sidebar" in C:\xampp\htdocs\ativisoft_1_0\marcial_1_0\partials\_sidebar.php on line 208
[26-Jul-2026 11:41:09 America/Sao_Paulo] PHP Warning:  Undefined array key "c_sidebar" in C:\xampp\htdocs\ativisoft_1_0\marcial_1_0\partials\_sidebar.php on line 214
[26-Jul-2026 11:41:09 America/Sao_Paulo] PHP Warning:  Undefined array key "c_sidebar" in C:\xampp\htdocs\ativisoft_1_0\marcial_1_0\partials\_sidebar.php on line 215
[26-Jul-2026 11:41:09 America/Sao_Paulo] PHP Warning:  Undefined array key "c_sidebar" in C:\xampp\htdocs\ativisoft_1_0\marcial_1_0\partials\_sidebar.php on line 216
[26-Jul-2026 11:41:09 America/Sao_Paulo] PHP Warning:  Undefined array key "c_sidebar" in C:\xampp\htdocs\ativisoft_1_0\marcial_1_0\partials\_sidebar.php on line 219
[26-Jul-2026 11:41:09 America/Sao_Paulo] PHP Warning:  Undefined array key "c_sidebar" in C:\xampp\htdocs\ativisoft_1_0\marcial_1_0\partials\_sidebar.php on line 220
[26-Jul-2026 11:41:09 America/Sao_Paulo] PHP Warning:  Undefined array key "c_sidebar" in C:\xampp\htdocs\ativisoft_1_0\marcial_1_0\partials\_sidebar.php on line 221
[26-Jul-2026 11:41:09 America/Sao_Paulo] PHP Warning:  Undefined array key "c_sidebar" in C:\xampp\htdocs\ativisoft_1_0\marcial_1_0\partials\_sidebar.php on line 234
[26-Jul-2026 11:41:09 America/Sao_Paulo] PHP Warning:  Undefined array key "c_sidebar" in C:\xampp\htdocs\ativisoft_1_0\marcial_1_0\partials\_sidebar.php on line 235
[26-Jul-2026 11:41:09 America/Sao_Paulo] PHP Warning:  Undefined array key "c_sidebar" in C:\xampp\htdocs\ativisoft_1_0\marcial_1_0\partials\_sidebar.php on line 236
[26-Jul-2026 11:41:09 America/Sao_Paulo] PHP Warning:  Undefined array key "c_sidebar" in C:\xampp\htdocs\ativisoft_1_0\marcial_1_0\partials\_sidebar.php on line 245
[26-Jul-2026 11:41:09 America/Sao_Paulo] PHP Warning:  Undefined array key "c_sidebar" in C:\xampp\htdocs\ativisoft_1_0\marcial_1_0\partials\_sidebar.php on line 259
[26-Jul-2026 11:41:09 America/Sao_Paulo] PHP Warning:  Undefined array key "c_sidebar" in C:\xampp\htdocs\ativisoft_1_0\marcial_1_0\partials\_sidebar.php on line 260
[26-Jul-2026 11:41:09 America/Sao_Paulo] PHP Warning:  Undefined array key "c_sidebar" in C:\xampp\htdocs\ativisoft_1_0\marcial_1_0\partials\_sidebar.php on line 261
[26-Jul-2026 11:41:09 America/Sao_Paulo] PHP Warning:  Undefined array key "c_sidebar" in C:\xampp\htdocs\ativisoft_1_0\marcial_1_0\partials\_sidebar.php on line 266
[26-Jul-2026 11:41:09 America/Sao_Paulo] PHP Warning:  Undefined array key "c_sidebar" in C:\xampp\htdocs\ativisoft_1_0\marcial_1_0\partials\_sidebar.php on line 271
[26-Jul-2026 11:41:09 America/Sao_Paulo] PHP Warning:  Undefined array key "c_sidebar" in C:\xampp\htdocs\ativisoft_1_0\marcial_1_0\partials\_sidebar.php on line 272
[26-Jul-2026 11:41:09 America/Sao_Paulo] PHP Warning:  Undefined array key "c_sidebar" in C:\xampp\htdocs\ativisoft_1_0\marcial_1_0\partials\_sidebar.php on line 273
[26-Jul-2026 11:41:09 America/Sao_Paulo] PHP Warning:  Undefined array key "c_sidebar" in C:\xampp\htdocs\ativisoft_1_0\marcial_1_0\partials\_sidebar.php on line 285
[26-Jul-2026 11:41:09 America/Sao_Paulo] PHP Warning:  Undefined array key "c_sidebar" in C:\xampp\htdocs\ativisoft_1_0\marcial_1_0\partials\_sidebar.php on line 285
[26-Jul-2026 11:41:09 America/Sao_Paulo] PHP Warning:  Undefined array key "c_sidebar" in C:\xampp\htdocs\ativisoft_1_0\marcial_1_0\partials\_sidebar.php on line 286
[26-Jul-2026 12:43:40 America/Sao_Paulo] PHP Warning:  Undefined array key "c_sidebar" in C:\xampp\htdocs\ativisoft_1_0\marcial_1_0\partials\_sidebar.php on line 135
[26-Jul-2026 12:43:40 America/Sao_Paulo] PHP Warning:  Undefined array key "c_sidebar" in C:\xampp\htdocs\ativisoft_1_0\marcial_1_0\partials\_sidebar.php on line 206
[26-Jul-2026 12:43:40 America/Sao_Paulo] PHP Warning:  Undefined array key "c_sidebar" in C:\xampp\htdocs\ativisoft_1_0\marcial_1_0\partials\_sidebar.php on line 207
[26-Jul-2026 12:43:40 America/Sao_Paulo] PHP Warning:  Undefined array key "c_sidebar" in C:\xampp\htdocs\ativisoft_1_0\marcial_1_0\partials\_sidebar.php on line 208
[26-Jul-2026 12:43:40 America/Sao_Paulo] PHP Warning:  Undefined array key "c_sidebar" in C:\xampp\htdocs\ativisoft_1_0\marcial_1_0\partials\_sidebar.php on line 214
[26-Jul-2026 12:43:40 America/Sao_Paulo] PHP Warning:  Undefined array key "c_sidebar" in C:\xampp\htdocs\ativisoft_1_0\marcial_1_0\partials\_sidebar.php on line 215
[26-Jul-2026 12:43:40 America/Sao_Paulo] PHP Warning:  Undefined array key "c_sidebar" in C:\xampp\htdocs\ativisoft_1_0\marcial_1_0\partials\_sidebar.php on line 216
[26-Jul-2026 12:43:40 America/Sao_Paulo] PHP Warning:  Undefined array key "c_sidebar" in C:\xampp\htdocs\ativisoft_1_0\marcial_1_0\partials\_sidebar.php on line 219
[26-Jul-2026 12:43:40 America/Sao_Paulo] PHP Warning:  Undefined array key "c_sidebar" in C:\xampp\htdocs\ativisoft_1_0\marcial_1_0\partials\_sidebar.php on line 220
[26-Jul-2026 12:43:40 America/Sao_Paulo] PHP Warning:  Undefined array key "c_sidebar" in C:\xampp\htdocs\ativisoft_1_0\marcial_1_0\partials\_sidebar.php on line 221
[26-Jul-2026 12:43:40 America/Sao_Paulo] PHP Warning:  Undefined array key "c_sidebar" in C:\xampp\htdocs\ativisoft_1_0\marcial_1_0\partials\_sidebar.php on line 234
[26-Jul-2026 12:43:40 America/Sao_Paulo] PHP Warning:  Undefined array key "c_sidebar" in C:\xampp\htdocs\ativisoft_1_0\marcial_1_0\partials\_sidebar.php on line 235
[26-Jul-2026 12:43:40 America/Sao_Paulo] PHP Warning:  Undefined array key "c_sidebar" in C:\xampp\htdocs\ativisoft_1_0\marcial_1_0\partials\_sidebar.php on line 236
[26-Jul-2026 12:43:40 America/Sao_Paulo] PHP Warning:  Undefined array key "c_sidebar" in C:\xampp\htdocs\ativisoft_1_0\marcial_1_0\partials\_sidebar.php on line 245
[26-Jul-2026 12:43:40 America/Sao_Paulo] PHP Warning:  Undefined array key "c_sidebar" in C:\xampp\htdocs\ativisoft_1_0\marcial_1_0\partials\_sidebar.php on line 259
[26-Jul-2026 12:43:40 America/Sao_Paulo] PHP Warning:  Undefined array key "c_sidebar" in C:\xampp\htdocs\ativisoft_1_0\marcial_1_0\partials\_sidebar.php on line 260
[26-Jul-2026 12:43:40 America/Sao_Paulo] PHP Warning:  Undefined array key "c_sidebar" in C:\xampp\htdocs\ativisoft_1_0\marcial_1_0\partials\_sidebar.php on line 261
[26-Jul-2026 12:43:40 America/Sao_Paulo] PHP Warning:  Undefined array key "c_sidebar" in C:\xampp\htdocs\ativisoft_1_0\marcial_1_0\partials\_sidebar.php on line 266
[26-Jul-2026 12:43:40 America/Sao_Paulo] PHP Warning:  Undefined array key "c_sidebar" in C:\xampp\htdocs\ativisoft_1_0\marcial_1_0\partials\_sidebar.php on line 271
[26-Jul-2026 12:43:40 America/Sao_Paulo] PHP Warning:  Undefined array key "c_sidebar" in C:\xampp\htdocs\ativisoft_1_0\marcial_1_0\partials\_sidebar.php on line 272
[26-Jul-2026 12:43:40 America/Sao_Paulo] PHP Warning:  Undefined array key "c_sidebar" in C:\xampp\htdocs\ativisoft_1_0\marcial_1_0\partials\_sidebar.php on line 273
[26-Jul-2026 12:43:40 America/Sao_Paulo] PHP Warning:  Undefined array key "c_sidebar" in C:\xampp\htdocs\ativisoft_1_0\marcial_1_0\partials\_sidebar.php on line 285
[26-Jul-2026 12:43:40 America/Sao_Paulo] PHP Warning:  Undefined array key "c_sidebar" in C:\xampp\htdocs\ativisoft_1_0\marcial_1_0\partials\_sidebar.php on line 285
[26-Jul-2026 12:43:40 America/Sao_Paulo] PHP Warning:  Undefined array key "c_sidebar" in C:\xampp\htdocs\ativisoft_1_0\marcial_1_0\partials\_sidebar.php on line 286
[26-Jul-2026 12:45:32 America/Sao_Paulo] PHP Warning:  Undefined array key "c_sidebar" in C:\xampp\htdocs\ativisoft_1_0\marcial_1_0\partials\_sidebar.php on line 135
[26-Jul-2026 12:45:32 America/Sao_Paulo] PHP Warning:  Undefined array key "c_sidebar" in C:\xampp\htdocs\ativisoft_1_0\marcial_1_0\partials\_sidebar.php on line 206
[26-Jul-2026 12:45:32 America/Sao_Paulo] PHP Warning:  Undefined array key "c_sidebar" in C:\xampp\htdocs\ativisoft_1_0\marcial_1_0\partials\_sidebar.php on line 207
[26-Jul-2026 12:45:32 America/Sao_Paulo] PHP Warning:  Undefined array key "c_sidebar" in C:\xampp\htdocs\ativisoft_1_0\marcial_1_0\partials\_sidebar.php on line 208
[26-Jul-2026 12:45:32 America/Sao_Paulo] PHP Warning:  Undefined array key "c_sidebar" in C:\xampp\htdocs\ativisoft_1_0\marcial_1_0\partials\_sidebar.php on line 214
[26-Jul-2026 12:45:32 America/Sao_Paulo] PHP Warning:  Undefined array key "c_sidebar" in C:\xampp\htdocs\ativisoft_1_0\marcial_1_0\partials\_sidebar.php on line 215
[26-Jul-2026 12:45:32 America/Sao_Paulo] PHP Warning:  Undefined array key "c_sidebar" in C:\xampp\htdocs\ativisoft_1_0\marcial_1_0\partials\_sidebar.php on line 216
[26-Jul-2026 12:45:32 America/Sao_Paulo] PHP Warning:  Undefined array key "c_sidebar" in C:\xampp\htdocs\ativisoft_1_0\marcial_1_0\partials\_sidebar.php on line 219
[26-Jul-2026 12:45:32 America/Sao_Paulo] PHP Warning:  Undefined array key "c_sidebar" in C:\xampp\htdocs\ativisoft_1_0\marcial_1_0\partials\_sidebar.php on line 220
[26-Jul-2026 12:45:32 America/Sao_Paulo] PHP Warning:  Undefined array key "c_sidebar" in C:\xampp\htdocs\ativisoft_1_0\marcial_1_0\partials\_sidebar.php on line 221
[26-Jul-2026 12:45:32 America/Sao_Paulo] PHP Warning:  Undefined array key "c_sidebar" in C:\xampp\htdocs\ativisoft_1_0\marcial_1_0\partials\_sidebar.php on line 234
[26-Jul-2026 12:45:32 America/Sao_Paulo] PHP Warning:  Undefined array key "c_sidebar" in C:\xampp\htdocs\ativisoft_1_0\marcial_1_0\partials\_sidebar.php on line 235
[26-Jul-2026 12:45:32 America/Sao_Paulo] PHP Warning:  Undefined array key "c_sidebar" in C:\xampp\htdocs\ativisoft_1_0\marcial_1_0\partials\_sidebar.php on line 236
[26-Jul-2026 12:45:32 America/Sao_Paulo] PHP Warning:  Undefined array key "c_sidebar" in C:\xampp\htdocs\ativisoft_1_0\marcial_1_0\partials\_sidebar.php on line 245
[26-Jul-2026 12:45:32 America/Sao_Paulo] PHP Warning:  Undefined array key "c_sidebar" in C:\xampp\htdocs\ativisoft_1_0\marcial_1_0\partials\_sidebar.php on line 259
[26-Jul-2026 12:45:32 America/Sao_Paulo] PHP Warning:  Undefined array key "c_sidebar" in C:\xampp\htdocs\ativisoft_1_0\marcial_1_0\partials\_sidebar.php on line 260
[26-Jul-2026 12:45:32 America/Sao_Paulo] PHP Warning:  Undefined array key "c_sidebar" in C:\xampp\htdocs\ativisoft_1_0\marcial_1_0\partials\_sidebar.php on line 261
[26-Jul-2026 12:45:32 America/Sao_Paulo] PHP Warning:  Undefined array key "c_sidebar" in C:\xampp\htdocs\ativisoft_1_0\marcial_1_0\partials\_sidebar.php on line 266
[26-Jul-2026 12:45:32 America/Sao_Paulo] PHP Warning:  Undefined array key "c_sidebar" in C:\xampp\htdocs\ativisoft_1_0\marcial_1_0\partials\_sidebar.php on line 271
[26-Jul-2026 12:45:32 America/Sao_Paulo] PHP Warning:  Undefined array key "c_sidebar" in C:\xampp\htdocs\ativisoft_1_0\marcial_1_0\partials\_sidebar.php on line 272
[26-Jul-2026 12:45:32 America/Sao_Paulo] PHP Warning:  Undefined array key "c_sidebar" in C:\xampp\htdocs\ativisoft_1_0\marcial_1_0\partials\_sidebar.php on line 273
[26-Jul-2026 12:45:32 America/Sao_Paulo] PHP Warning:  Undefined array key "c_sidebar" in C:\xampp\htdocs\ativisoft_1_0\marcial_1_0\partials\_sidebar.php on line 285
[26-Jul-2026 12:45:32 America/Sao_Paulo] PHP Warning:  Undefined array key "c_sidebar" in C:\xampp\htdocs\ativisoft_1_0\marcial_1_0\partials\_sidebar.php on line 285
[26-Jul-2026 12:45:32 America/Sao_Paulo] PHP Warning:  Undefined array key "c_sidebar" in C:\xampp\htdocs\ativisoft_1_0\marcial_1_0\partials\_sidebar.php on line 286
[26-Jul-2026 12:45:59 America/Sao_Paulo] PHP Warning:  Undefined array key "c_sidebar" in C:\xampp\htdocs\ativisoft_1_0\marcial_1_0\partials\_sidebar.php on line 135
[26-Jul-2026 12:45:59 America/Sao_Paulo] PHP Warning:  Undefined array key "c_sidebar" in C:\xampp\htdocs\ativisoft_1_0\marcial_1_0\partials\_sidebar.php on line 206
[26-Jul-2026 12:45:59 America/Sao_Paulo] PHP Warning:  Undefined array key "c_sidebar" in C:\xampp\htdocs\ativisoft_1_0\marcial_1_0\partials\_sidebar.php on line 207
[26-Jul-2026 12:45:59 America/Sao_Paulo] PHP Warning:  Undefined array key "c_sidebar" in C:\xampp\htdocs\ativisoft_1_0\marcial_1_0\partials\_sidebar.php on line 208
[26-Jul-2026 12:45:59 America/Sao_Paulo] PHP Warning:  Undefined array key "c_sidebar" in C:\xampp\htdocs\ativisoft_1_0\marcial_1_0\partials\_sidebar.php on line 214
[26-Jul-2026 12:45:59 America/Sao_Paulo] PHP Warning:  Undefined array key "c_sidebar" in C:\xampp\htdocs\ativisoft_1_0\marcial_1_0\partials\_sidebar.php on line 215
[26-Jul-2026 12:45:59 America/Sao_Paulo] PHP Warning:  Undefined array key "c_sidebar" in C:\xampp\htdocs\ativisoft_1_0\marcial_1_0\partials\_sidebar.php on line 216
[26-Jul-2026 12:45:59 America/Sao_Paulo] PHP Warning:  Undefined array key "c_sidebar" in C:\xampp\htdocs\ativisoft_1_0\marcial_1_0\partials\_sidebar.php on line 219
[26-Jul-2026 12:45:59 America/Sao_Paulo] PHP Warning:  Undefined array key "c_sidebar" in C:\xampp\htdocs\ativisoft_1_0\marcial_1_0\partials\_sidebar.php on line 220
[26-Jul-2026 12:45:59 America/Sao_Paulo] PHP Warning:  Undefined array key "c_sidebar" in C:\xampp\htdocs\ativisoft_1_0\marcial_1_0\partials\_sidebar.php on line 221
[26-Jul-2026 12:45:59 America/Sao_Paulo] PHP Warning:  Undefined array key "c_sidebar" in C:\xampp\htdocs\ativisoft_1_0\marcial_1_0\partials\_sidebar.php on line 234
[26-Jul-2026 12:45:59 America/Sao_Paulo] PHP Warning:  Undefined array key "c_sidebar" in C:\xampp\htdocs\ativisoft_1_0\marcial_1_0\partials\_sidebar.php on line 235
[26-Jul-2026 12:45:59 America/Sao_Paulo] PHP Warning:  Undefined array key "c_sidebar" in C:\xampp\htdocs\ativisoft_1_0\marcial_1_0\partials\_sidebar.php on line 236
[26-Jul-2026 12:45:59 America/Sao_Paulo] PHP Warning:  Undefined array key "c_sidebar" in C:\xampp\htdocs\ativisoft_1_0\marcial_1_0\partials\_sidebar.php on line 245
[26-Jul-2026 12:45:59 America/Sao_Paulo] PHP Warning:  Undefined array key "c_sidebar" in C:\xampp\htdocs\ativisoft_1_0\marcial_1_0\partials\_sidebar.php on line 259
[26-Jul-2026 12:45:59 America/Sao_Paulo] PHP Warning:  Undefined array key "c_sidebar" in C:\xampp\htdocs\ativisoft_1_0\marcial_1_0\partials\_sidebar.php on line 260
[26-Jul-2026 12:45:59 America/Sao_Paulo] PHP Warning:  Undefined array key "c_sidebar" in C:\xampp\htdocs\ativisoft_1_0\marcial_1_0\partials\_sidebar.php on line 261
[26-Jul-2026 12:45:59 America/Sao_Paulo] PHP Warning:  Undefined array key "c_sidebar" in C:\xampp\htdocs\ativisoft_1_0\marcial_1_0\partials\_sidebar.php on line 266
[26-Jul-2026 12:45:59 America/Sao_Paulo] PHP Warning:  Undefined array key "c_sidebar" in C:\xampp\htdocs\ativisoft_1_0\marcial_1_0\partials\_sidebar.php on line 271
[26-Jul-2026 12:45:59 America/Sao_Paulo] PHP Warning:  Undefined array key "c_sidebar" in C:\xampp\htdocs\ativisoft_1_0\marcial_1_0\partials\_sidebar.php on line 272
[26-Jul-2026 12:45:59 America/Sao_Paulo] PHP Warning:  Undefined array key "c_sidebar" in C:\xampp\htdocs\ativisoft_1_0\marcial_1_0\partials\_sidebar.php on line 273
[26-Jul-2026 12:45:59 America/Sao_Paulo] PHP Warning:  Undefined array key "c_sidebar" in C:\xampp\htdocs\ativisoft_1_0\marcial_1_0\partials\_sidebar.php on line 285
[26-Jul-2026 12:45:59 America/Sao_Paulo] PHP Warning:  Undefined array key "c_sidebar" in C:\xampp\htdocs\ativisoft_1_0\marcial_1_0\partials\_sidebar.php on line 285
[26-Jul-2026 12:45:59 America/Sao_Paulo] PHP Warning:  Undefined array key "c_sidebar" in C:\xampp\htdocs\ativisoft_1_0\marcial_1_0\partials\_sidebar.php on line 286
[26-Jul-2026 12:46:56 America/Sao_Paulo] PHP Warning:  Undefined array key "c_sidebar" in C:\xampp\htdocs\ativisoft_1_0\marcial_1_0\partials\_sidebar.php on line 135
[26-Jul-2026 12:46:56 America/Sao_Paulo] PHP Warning:  Undefined array key "c_sidebar" in C:\xampp\htdocs\ativisoft_1_0\marcial_1_0\partials\_sidebar.php on line 206
[26-Jul-2026 12:46:56 America/Sao_Paulo] PHP Warning:  Undefined array key "c_sidebar" in C:\xampp\htdocs\ativisoft_1_0\marcial_1_0\partials\_sidebar.php on line 207
[26-Jul-2026 12:46:56 America/Sao_Paulo] PHP Warning:  Undefined array key "c_sidebar" in C:\xampp\htdocs\ativisoft_1_0\marcial_1_0\partials\_sidebar.php on line 208
[26-Jul-2026 12:46:56 America/Sao_Paulo] PHP Warning:  Undefined array key "c_sidebar" in C:\xampp\htdocs\ativisoft_1_0\marcial_1_0\partials\_sidebar.php on line 214
[26-Jul-2026 12:46:56 America/Sao_Paulo] PHP Warning:  Undefined array key "c_sidebar" in C:\xampp\htdocs\ativisoft_1_0\marcial_1_0\partials\_sidebar.php on line 215
[26-Jul-2026 12:46:56 America/Sao_Paulo] PHP Warning:  Undefined array key "c_sidebar" in C:\xampp\htdocs\ativisoft_1_0\marcial_1_0\partials\_sidebar.php on line 216
[26-Jul-2026 12:46:56 America/Sao_Paulo] PHP Warning:  Undefined array key "c_sidebar" in C:\xampp\htdocs\ativisoft_1_0\marcial_1_0\partials\_sidebar.php on line 219
[26-Jul-2026 12:46:56 America/Sao_Paulo] PHP Warning:  Undefined array key "c_sidebar" in C:\xampp\htdocs\ativisoft_1_0\marcial_1_0\partials\_sidebar.php on line 220
[26-Jul-2026 12:46:56 America/Sao_Paulo] PHP Warning:  Undefined array key "c_sidebar" in C:\xampp\htdocs\ativisoft_1_0\marcial_1_0\partials\_sidebar.php on line 221
[26-Jul-2026 12:46:56 America/Sao_Paulo] PHP Warning:  Undefined array key "c_sidebar" in C:\xampp\htdocs\ativisoft_1_0\marcial_1_0\partials\_sidebar.php on line 234
[26-Jul-2026 12:46:56 America/Sao_Paulo] PHP Warning:  Undefined array key "c_sidebar" in C:\xampp\htdocs\ativisoft_1_0\marcial_1_0\partials\_sidebar.php on line 235
[26-Jul-2026 12:46:56 America/Sao_Paulo] PHP Warning:  Undefined array key "c_sidebar" in C:\xampp\htdocs\ativisoft_1_0\marcial_1_0\partials\_sidebar.php on line 236
[26-Jul-2026 12:46:56 America/Sao_Paulo] PHP Warning:  Undefined array key "c_sidebar" in C:\xampp\htdocs\ativisoft_1_0\marcial_1_0\partials\_sidebar.php on line 245
[26-Jul-2026 12:46:56 America/Sao_Paulo] PHP Warning:  Undefined array key "c_sidebar" in C:\xampp\htdocs\ativisoft_1_0\marcial_1_0\partials\_sidebar.php on line 259
[26-Jul-2026 12:46:56 America/Sao_Paulo] PHP Warning:  Undefined array key "c_sidebar" in C:\xampp\htdocs\ativisoft_1_0\marcial_1_0\partials\_sidebar.php on line 260
[26-Jul-2026 12:46:56 America/Sao_Paulo] PHP Warning:  Undefined array key "c_sidebar" in C:\xampp\htdocs\ativisoft_1_0\marcial_1_0\partials\_sidebar.php on line 261
[26-Jul-2026 12:46:56 America/Sao_Paulo] PHP Warning:  Undefined array key "c_sidebar" in C:\xampp\htdocs\ativisoft_1_0\marcial_1_0\partials\_sidebar.php on line 266
[26-Jul-2026 12:46:56 America/Sao_Paulo] PHP Warning:  Undefined array key "c_sidebar" in C:\xampp\htdocs\ativisoft_1_0\marcial_1_0\partials\_sidebar.php on line 271
[26-Jul-2026 12:46:56 America/Sao_Paulo] PHP Warning:  Undefined array key "c_sidebar" in C:\xampp\htdocs\ativisoft_1_0\marcial_1_0\partials\_sidebar.php on line 272
[26-Jul-2026 12:46:56 America/Sao_Paulo] PHP Warning:  Undefined array key "c_sidebar" in C:\xampp\htdocs\ativisoft_1_0\marcial_1_0\partials\_sidebar.php on line 273
[26-Jul-2026 12:46:56 America/Sao_Paulo] PHP Warning:  Undefined array key "c_sidebar" in C:\xampp\htdocs\ativisoft_1_0\marcial_1_0\partials\_sidebar.php on line 285
[26-Jul-2026 12:46:56 America/Sao_Paulo] PHP Warning:  Undefined array key "c_sidebar" in C:\xampp\htdocs\ativisoft_1_0\marcial_1_0\partials\_sidebar.php on line 285
[26-Jul-2026 12:46:56 America/Sao_Paulo] PHP Warning:  Undefined array key "c_sidebar" in C:\xampp\htdocs\ativisoft_1_0\marcial_1_0\partials\_sidebar.php on line 286
[26-Jul-2026 13:08:19 America/Sao_Paulo] PHP Warning:  Undefined array key "c_sidebar" in C:\xampp\htdocs\ativisoft_1_0\marcial_1_0\partials\_sidebar.php on line 135
[26-Jul-2026 13:08:19 America/Sao_Paulo] PHP Warning:  Undefined array key "c_sidebar" in C:\xampp\htdocs\ativisoft_1_0\marcial_1_0\partials\_sidebar.php on line 206
[26-Jul-2026 13:08:19 America/Sao_Paulo] PHP Warning:  Undefined array key "c_sidebar" in C:\xampp\htdocs\ativisoft_1_0\marcial_1_0\partials\_sidebar.php on line 207
[26-Jul-2026 13:08:19 America/Sao_Paulo] PHP Warning:  Undefined array key "c_sidebar" in C:\xampp\htdocs\ativisoft_1_0\marcial_1_0\partials\_sidebar.php on line 208
[26-Jul-2026 13:08:19 America/Sao_Paulo] PHP Warning:  Undefined array key "c_sidebar" in C:\xampp\htdocs\ativisoft_1_0\marcial_1_0\partials\_sidebar.php on line 214
[26-Jul-2026 13:08:19 America/Sao_Paulo] PHP Warning:  Undefined array key "c_sidebar" in C:\xampp\htdocs\ativisoft_1_0\marcial_1_0\partials\_sidebar.php on line 215
[26-Jul-2026 13:08:19 America/Sao_Paulo] PHP Warning:  Undefined array key "c_sidebar" in C:\xampp\htdocs\ativisoft_1_0\marcial_1_0\partials\_sidebar.php on line 216
[26-Jul-2026 13:08:19 America/Sao_Paulo] PHP Warning:  Undefined array key "c_sidebar" in C:\xampp\htdocs\ativisoft_1_0\marcial_1_0\partials\_sidebar.php on line 219
[26-Jul-2026 13:08:19 America/Sao_Paulo] PHP Warning:  Undefined array key "c_sidebar" in C:\xampp\htdocs\ativisoft_1_0\marcial_1_0\partials\_sidebar.php on line 220
[26-Jul-2026 13:08:19 America/Sao_Paulo] PHP Warning:  Undefined array key "c_sidebar" in C:\xampp\htdocs\ativisoft_1_0\marcial_1_0\partials\_sidebar.php on line 221
[26-Jul-2026 13:08:19 America/Sao_Paulo] PHP Warning:  Undefined array key "c_sidebar" in C:\xampp\htdocs\ativisoft_1_0\marcial_1_0\partials\_sidebar.php on line 234
[26-Jul-2026 13:08:19 America/Sao_Paulo] PHP Warning:  Undefined array key "c_sidebar" in C:\xampp\htdocs\ativisoft_1_0\marcial_1_0\partials\_sidebar.php on line 235
[26-Jul-2026 13:08:19 America/Sao_Paulo] PHP Warning:  Undefined array key "c_sidebar" in C:\xampp\htdocs\ativisoft_1_0\marcial_1_0\partials\_sidebar.php on line 236
[26-Jul-2026 13:08:19 America/Sao_Paulo] PHP Warning:  Undefined array key "c_sidebar" in C:\xampp\htdocs\ativisoft_1_0\marcial_1_0\partials\_sidebar.php on line 245
[26-Jul-2026 13:08:19 America/Sao_Paulo] PHP Warning:  Undefined array key "c_sidebar" in C:\xampp\htdocs\ativisoft_1_0\marcial_1_0\partials\_sidebar.php on line 259
[26-Jul-2026 13:08:19 America/Sao_Paulo] PHP Warning:  Undefined array key "c_sidebar" in C:\xampp\htdocs\ativisoft_1_0\marcial_1_0\partials\_sidebar.php on line 260
[26-Jul-2026 13:08:19 America/Sao_Paulo] PHP Warning:  Undefined array key "c_sidebar" in C:\xampp\htdocs\ativisoft_1_0\marcial_1_0\partials\_sidebar.php on line 261
[26-Jul-2026 13:08:19 America/Sao_Paulo] PHP Warning:  Undefined array key "c_sidebar" in C:\xampp\htdocs\ativisoft_1_0\marcial_1_0\partials\_sidebar.php on line 266
[26-Jul-2026 13:08:19 America/Sao_Paulo] PHP Warning:  Undefined array key "c_sidebar" in C:\xampp\htdocs\ativisoft_1_0\marcial_1_0\partials\_sidebar.php on line 271
[26-Jul-2026 13:08:19 America/Sao_Paulo] PHP Warning:  Undefined array key "c_sidebar" in C:\xampp\htdocs\ativisoft_1_0\marcial_1_0\partials\_sidebar.php on line 272
[26-Jul-2026 13:08:19 America/Sao_Paulo] PHP Warning:  Undefined array key "c_sidebar" in C:\xampp\htdocs\ativisoft_1_0\marcial_1_0\partials\_sidebar.php on line 273
[26-Jul-2026 13:08:19 America/Sao_Paulo] PHP Warning:  Undefined array key "c_sidebar" in C:\xampp\htdocs\ativisoft_1_0\marcial_1_0\partials\_sidebar.php on line 285
[26-Jul-2026 13:08:19 America/Sao_Paulo] PHP Warning:  Undefined array key "c_sidebar" in C:\xampp\htdocs\ativisoft_1_0\marcial_1_0\partials\_sidebar.php on line 285
[26-Jul-2026 13:08:19 America/Sao_Paulo] PHP Warning:  Undefined array key "c_sidebar" in C:\xampp\htdocs\ativisoft_1_0\marcial_1_0\partials\_sidebar.php on line 286
[26-Jul-2026 13:08:20 America/Sao_Paulo] PHP Warning:  Undefined array key "c_sidebar" in C:\xampp\htdocs\ativisoft_1_0\marcial_1_0\partials\_sidebar.php on line 135
[26-Jul-2026 13:08:20 America/Sao_Paulo] PHP Warning:  Undefined array key "c_sidebar" in C:\xampp\htdocs\ativisoft_1_0\marcial_1_0\partials\_sidebar.php on line 206
[26-Jul-2026 13:08:20 America/Sao_Paulo] PHP Warning:  Undefined array key "c_sidebar" in C:\xampp\htdocs\ativisoft_1_0\marcial_1_0\partials\_sidebar.php on line 207
[26-Jul-2026 13:08:20 America/Sao_Paulo] PHP Warning:  Undefined array key "c_sidebar" in C:\xampp\htdocs\ativisoft_1_0\marcial_1_0\partials\_sidebar.php on line 208
[26-Jul-2026 13:08:20 America/Sao_Paulo] PHP Warning:  Undefined array key "c_sidebar" in C:\xampp\htdocs\ativisoft_1_0\marcial_1_0\partials\_sidebar.php on line 214
[26-Jul-2026 13:08:20 America/Sao_Paulo] PHP Warning:  Undefined array key "c_sidebar" in C:\xampp\htdocs\ativisoft_1_0\marcial_1_0\partials\_sidebar.php on line 215
[26-Jul-2026 13:08:20 America/Sao_Paulo] PHP Warning:  Undefined array key "c_sidebar" in C:\xampp\htdocs\ativisoft_1_0\marcial_1_0\partials\_sidebar.php on line 216
[26-Jul-2026 13:08:20 America/Sao_Paulo] PHP Warning:  Undefined array key "c_sidebar" in C:\xampp\htdocs\ativisoft_1_0\marcial_1_0\partials\_sidebar.php on line 219
[26-Jul-2026 13:08:20 America/Sao_Paulo] PHP Warning:  Undefined array key "c_sidebar" in C:\xampp\htdocs\ativisoft_1_0\marcial_1_0\partials\_sidebar.php on line 220
[26-Jul-2026 13:08:20 America/Sao_Paulo] PHP Warning:  Undefined array key "c_sidebar" in C:\xampp\htdocs\ativisoft_1_0\marcial_1_0\partials\_sidebar.php on line 221
[26-Jul-2026 13:08:20 America/Sao_Paulo] PHP Warning:  Undefined array key "c_sidebar" in C:\xampp\htdocs\ativisoft_1_0\marcial_1_0\partials\_sidebar.php on line 234
[26-Jul-2026 13:08:20 America/Sao_Paulo] PHP Warning:  Undefined array key "c_sidebar" in C:\xampp\htdocs\ativisoft_1_0\marcial_1_0\partials\_sidebar.php on line 235
[26-Jul-2026 13:08:20 America/Sao_Paulo] PHP Warning:  Undefined array key "c_sidebar" in C:\xampp\htdocs\ativisoft_1_0\marcial_1_0\partials\_sidebar.php on line 236
[26-Jul-2026 13:08:20 America/Sao_Paulo] PHP Warning:  Undefined array key "c_sidebar" in C:\xampp\htdocs\ativisoft_1_0\marcial_1_0\partials\_sidebar.php on line 245
[26-Jul-2026 13:08:20 America/Sao_Paulo] PHP Warning:  Undefined array key "c_sidebar" in C:\xampp\htdocs\ativisoft_1_0\marcial_1_0\partials\_sidebar.php on line 259
[26-Jul-2026 13:08:20 America/Sao_Paulo] PHP Warning:  Undefined array key "c_sidebar" in C:\xampp\htdocs\ativisoft_1_0\marcial_1_0\partials\_sidebar.php on line 260
[26-Jul-2026 13:08:20 America/Sao_Paulo] PHP Warning:  Undefined array key "c_sidebar" in C:\xampp\htdocs\ativisoft_1_0\marcial_1_0\partials\_sidebar.php on line 261
[26-Jul-2026 13:08:20 America/Sao_Paulo] PHP Warning:  Undefined array key "c_sidebar" in C:\xampp\htdocs\ativisoft_1_0\marcial_1_0\partials\_sidebar.php on line 266
[26-Jul-2026 13:08:20 America/Sao_Paulo] PHP Warning:  Undefined array key "c_sidebar" in C:\xampp\htdocs\ativisoft_1_0\marcial_1_0\partials\_sidebar.php on line 271
[26-Jul-2026 13:08:20 America/Sao_Paulo] PHP Warning:  Undefined array key "c_sidebar" in C:\xampp\htdocs\ativisoft_1_0\marcial_1_0\partials\_sidebar.php on line 272
[26-Jul-2026 13:08:20 America/Sao_Paulo] PHP Warning:  Undefined array key "c_sidebar" in C:\xampp\htdocs\ativisoft_1_0\marcial_1_0\partials\_sidebar.php on line 273
[26-Jul-2026 13:08:20 America/Sao_Paulo] PHP Warning:  Undefined array key "c_sidebar" in C:\xampp\htdocs\ativisoft_1_0\marcial_1_0\partials\_sidebar.php on line 285
[26-Jul-2026 13:08:20 America/Sao_Paulo] PHP Warning:  Undefined array key "c_sidebar" in C:\xampp\htdocs\ativisoft_1_0\marcial_1_0\partials\_sidebar.php on line 285
[26-Jul-2026 13:08:20 America/Sao_Paulo] PHP Warning:  Undefined array key "c_sidebar" in C:\xampp\htdocs\ativisoft_1_0\marcial_1_0\partials\_sidebar.php on line 286
[26-Jul-2026 13:09:04 America/Sao_Paulo] PHP Warning:  Undefined array key "c_sidebar" in C:\xampp\htdocs\ativisoft_1_0\marcial_1_0\partials\_sidebar.php on line 135
[26-Jul-2026 13:09:04 America/Sao_Paulo] PHP Warning:  Undefined array key "c_sidebar" in C:\xampp\htdocs\ativisoft_1_0\marcial_1_0\partials\_sidebar.php on line 206
[26-Jul-2026 13:09:04 America/Sao_Paulo] PHP Warning:  Undefined array key "c_sidebar" in C:\xampp\htdocs\ativisoft_1_0\marcial_1_0\partials\_sidebar.php on line 207
[26-Jul-2026 13:09:04 America/Sao_Paulo] PHP Warning:  Undefined array key "c_sidebar" in C:\xampp\htdocs\ativisoft_1_0\marcial_1_0\partials\_sidebar.php on line 208
[26-Jul-2026 13:09:04 America/Sao_Paulo] PHP Warning:  Undefined array key "c_sidebar" in C:\xampp\htdocs\ativisoft_1_0\marcial_1_0\partials\_sidebar.php on line 214
[26-Jul-2026 13:09:04 America/Sao_Paulo] PHP Warning:  Undefined array key "c_sidebar" in C:\xampp\htdocs\ativisoft_1_0\marcial_1_0\partials\_sidebar.php on line 215
[26-Jul-2026 13:09:04 America/Sao_Paulo] PHP Warning:  Undefined array key "c_sidebar" in C:\xampp\htdocs\ativisoft_1_0\marcial_1_0\partials\_sidebar.php on line 216
[26-Jul-2026 13:09:04 America/Sao_Paulo] PHP Warning:  Undefined array key "c_sidebar" in C:\xampp\htdocs\ativisoft_1_0\marcial_1_0\partials\_sidebar.php on line 219
[26-Jul-2026 13:09:04 America/Sao_Paulo] PHP Warning:  Undefined array key "c_sidebar" in C:\xampp\htdocs\ativisoft_1_0\marcial_1_0\partials\_sidebar.php on line 220
[26-Jul-2026 13:09:04 America/Sao_Paulo] PHP Warning:  Undefined array key "c_sidebar" in C:\xampp\htdocs\ativisoft_1_0\marcial_1_0\partials\_sidebar.php on line 221
[26-Jul-2026 13:09:04 America/Sao_Paulo] PHP Warning:  Undefined array key "c_sidebar" in C:\xampp\htdocs\ativisoft_1_0\marcial_1_0\partials\_sidebar.php on line 234
[26-Jul-2026 13:09:04 America/Sao_Paulo] PHP Warning:  Undefined array key "c_sidebar" in C:\xampp\htdocs\ativisoft_1_0\marcial_1_0\partials\_sidebar.php on line 235
[26-Jul-2026 13:09:04 America/Sao_Paulo] PHP Warning:  Undefined array key "c_sidebar" in C:\xampp\htdocs\ativisoft_1_0\marcial_1_0\partials\_sidebar.php on line 236
[26-Jul-2026 13:09:04 America/Sao_Paulo] PHP Warning:  Undefined array key "c_sidebar" in C:\xampp\htdocs\ativisoft_1_0\marcial_1_0\partials\_sidebar.php on line 245
[26-Jul-2026 13:09:04 America/Sao_Paulo] PHP Warning:  Undefined array key "c_sidebar" in C:\xampp\htdocs\ativisoft_1_0\marcial_1_0\partials\_sidebar.php on line 259
[26-Jul-2026 13:09:04 America/Sao_Paulo] PHP Warning:  Undefined array key "c_sidebar" in C:\xampp\htdocs\ativisoft_1_0\marcial_1_0\partials\_sidebar.php on line 260
[26-Jul-2026 13:09:04 America/Sao_Paulo] PHP Warning:  Undefined array key "c_sidebar" in C:\xampp\htdocs\ativisoft_1_0\marcial_1_0\partials\_sidebar.php on line 261
[26-Jul-2026 13:09:04 America/Sao_Paulo] PHP Warning:  Undefined array key "c_sidebar" in C:\xampp\htdocs\ativisoft_1_0\marcial_1_0\partials\_sidebar.php on line 266
[26-Jul-2026 13:09:04 America/Sao_Paulo] PHP Warning:  Undefined array key "c_sidebar" in C:\xampp\htdocs\ativisoft_1_0\marcial_1_0\partials\_sidebar.php on line 271
[26-Jul-2026 13:09:04 America/Sao_Paulo] PHP Warning:  Undefined array key "c_sidebar" in C:\xampp\htdocs\ativisoft_1_0\marcial_1_0\partials\_sidebar.php on line 272
[26-Jul-2026 13:09:04 America/Sao_Paulo] PHP Warning:  Undefined array key "c_sidebar" in C:\xampp\htdocs\ativisoft_1_0\marcial_1_0\partials\_sidebar.php on line 273
[26-Jul-2026 13:09:04 America/Sao_Paulo] PHP Warning:  Undefined array key "c_sidebar" in C:\xampp\htdocs\ativisoft_1_0\marcial_1_0\partials\_sidebar.php on line 285
[26-Jul-2026 13:09:04 America/Sao_Paulo] PHP Warning:  Undefined array key "c_sidebar" in C:\xampp\htdocs\ativisoft_1_0\marcial_1_0\partials\_sidebar.php on line 285
[26-Jul-2026 13:09:04 America/Sao_Paulo] PHP Warning:  Undefined array key "c_sidebar" in C:\xampp\htdocs\ativisoft_1_0\marcial_1_0\partials\_sidebar.php on line 286
[26-Jul-2026 13:24:04 America/Sao_Paulo] PHP Warning:  Undefined array key "c_sidebar" in C:\xampp\htdocs\ativisoft_1_0\marcial_1_0\partials\_sidebar.php on line 135
[26-Jul-2026 13:24:04 America/Sao_Paulo] PHP Warning:  Undefined array key "c_sidebar" in C:\xampp\htdocs\ativisoft_1_0\marcial_1_0\partials\_sidebar.php on line 206
[26-Jul-2026 13:24:04 America/Sao_Paulo] PHP Warning:  Undefined array key "c_sidebar" in C:\xampp\htdocs\ativisoft_1_0\marcial_1_0\partials\_sidebar.php on line 207
[26-Jul-2026 13:24:04 America/Sao_Paulo] PHP Warning:  Undefined array key "c_sidebar" in C:\xampp\htdocs\ativisoft_1_0\marcial_1_0\partials\_sidebar.php on line 208
[26-Jul-2026 13:24:04 America/Sao_Paulo] PHP Warning:  Undefined array key "c_sidebar" in C:\xampp\htdocs\ativisoft_1_0\marcial_1_0\partials\_sidebar.php on line 214
[26-Jul-2026 13:24:04 America/Sao_Paulo] PHP Warning:  Undefined array key "c_sidebar" in C:\xampp\htdocs\ativisoft_1_0\marcial_1_0\partials\_sidebar.php on line 215
[26-Jul-2026 13:24:04 America/Sao_Paulo] PHP Warning:  Undefined array key "c_sidebar" in C:\xampp\htdocs\ativisoft_1_0\marcial_1_0\partials\_sidebar.php on line 216
[26-Jul-2026 13:24:04 America/Sao_Paulo] PHP Warning:  Undefined array key "c_sidebar" in C:\xampp\htdocs\ativisoft_1_0\marcial_1_0\partials\_sidebar.php on line 219
[26-Jul-2026 13:24:04 America/Sao_Paulo] PHP Warning:  Undefined array key "c_sidebar" in C:\xampp\htdocs\ativisoft_1_0\marcial_1_0\partials\_sidebar.php on line 220
[26-Jul-2026 13:24:04 America/Sao_Paulo] PHP Warning:  Undefined array key "c_sidebar" in C:\xampp\htdocs\ativisoft_1_0\marcial_1_0\partials\_sidebar.php on line 221
[26-Jul-2026 13:24:04 America/Sao_Paulo] PHP Warning:  Undefined array key "c_sidebar" in C:\xampp\htdocs\ativisoft_1_0\marcial_1_0\partials\_sidebar.php on line 234
[26-Jul-2026 13:24:04 America/Sao_Paulo] PHP Warning:  Undefined array key "c_sidebar" in C:\xampp\htdocs\ativisoft_1_0\marcial_1_0\partials\_sidebar.php on line 235
[26-Jul-2026 13:24:04 America/Sao_Paulo] PHP Warning:  Undefined array key "c_sidebar" in C:\xampp\htdocs\ativisoft_1_0\marcial_1_0\partials\_sidebar.php on line 236
[26-Jul-2026 13:24:04 America/Sao_Paulo] PHP Warning:  Undefined array key "c_sidebar" in C:\xampp\htdocs\ativisoft_1_0\marcial_1_0\partials\_sidebar.php on line 245
[26-Jul-2026 13:24:04 America/Sao_Paulo] PHP Warning:  Undefined array key "c_sidebar" in C:\xampp\htdocs\ativisoft_1_0\marcial_1_0\partials\_sidebar.php on line 259
[26-Jul-2026 13:24:04 America/Sao_Paulo] PHP Warning:  Undefined array key "c_sidebar" in C:\xampp\htdocs\ativisoft_1_0\marcial_1_0\partials\_sidebar.php on line 260
[26-Jul-2026 13:24:04 America/Sao_Paulo] PHP Warning:  Undefined array key "c_sidebar" in C:\xampp\htdocs\ativisoft_1_0\marcial_1_0\partials\_sidebar.php on line 261
[26-Jul-2026 13:24:04 America/Sao_Paulo] PHP Warning:  Undefined array key "c_sidebar" in C:\xampp\htdocs\ativisoft_1_0\marcial_1_0\partials\_sidebar.php on line 266
[26-Jul-2026 13:24:04 America/Sao_Paulo] PHP Warning:  Undefined array key "c_sidebar" in C:\xampp\htdocs\ativisoft_1_0\marcial_1_0\partials\_sidebar.php on line 271
[26-Jul-2026 13:24:04 America/Sao_Paulo] PHP Warning:  Undefined array key "c_sidebar" in C:\xampp\htdocs\ativisoft_1_0\marcial_1_0\partials\_sidebar.php on line 272
[26-Jul-2026 13:24:04 America/Sao_Paulo] PHP Warning:  Undefined array key "c_sidebar" in C:\xampp\htdocs\ativisoft_1_0\marcial_1_0\partials\_sidebar.php on line 273
[26-Jul-2026 13:24:04 America/Sao_Paulo] PHP Warning:  Undefined array key "c_sidebar" in C:\xampp\htdocs\ativisoft_1_0\marcial_1_0\partials\_sidebar.php on line 285
[26-Jul-2026 13:24:04 America/Sao_Paulo] PHP Warning:  Undefined array key "c_sidebar" in C:\xampp\htdocs\ativisoft_1_0\marcial_1_0\partials\_sidebar.php on line 285
[26-Jul-2026 13:24:04 America/Sao_Paulo] PHP Warning:  Undefined array key "c_sidebar" in C:\xampp\htdocs\ativisoft_1_0\marcial_1_0\partials\_sidebar.php on line 286
[26-Jul-2026 13:24:04 America/Sao_Paulo] PHP Warning:  Undefined array key "tipo_acesso" in C:\xampp\htdocs\ativisoft_1_0\marcial_1_0\pages\dashboard\index.php on line 93
[26-Jul-2026 13:24:04 America/Sao_Paulo] PHP Warning:  Undefined array key "tipo_acesso" in C:\xampp\htdocs\ativisoft_1_0\marcial_1_0\pages\dashboard\index.php on line 96
[26-Jul-2026 13:24:04 America/Sao_Paulo] PHP Warning:  Undefined array key "tipo_acesso" in C:\xampp\htdocs\ativisoft_1_0\marcial_1_0\pages\dashboard\index.php on line 99
[26-Jul-2026 13:24:17 America/Sao_Paulo] PHP Warning:  Undefined array key "c_sidebar" in C:\xampp\htdocs\ativisoft_1_0\marcial_1_0\partials\_sidebar.php on line 135
[26-Jul-2026 13:24:17 America/Sao_Paulo] PHP Warning:  Undefined array key "c_sidebar" in C:\xampp\htdocs\ativisoft_1_0\marcial_1_0\partials\_sidebar.php on line 206
[26-Jul-2026 13:24:17 America/Sao_Paulo] PHP Warning:  Undefined array key "c_sidebar" in C:\xampp\htdocs\ativisoft_1_0\marcial_1_0\partials\_sidebar.php on line 207
[26-Jul-2026 13:24:17 America/Sao_Paulo] PHP Warning:  Undefined array key "c_sidebar" in C:\xampp\htdocs\ativisoft_1_0\marcial_1_0\partials\_sidebar.php on line 208
[26-Jul-2026 13:24:17 America/Sao_Paulo] PHP Warning:  Undefined array key "c_sidebar" in C:\xampp\htdocs\ativisoft_1_0\marcial_1_0\partials\_sidebar.php on line 214
[26-Jul-2026 13:24:17 America/Sao_Paulo] PHP Warning:  Undefined array key "c_sidebar" in C:\xampp\htdocs\ativisoft_1_0\marcial_1_0\partials\_sidebar.php on line 215
[26-Jul-2026 13:24:17 America/Sao_Paulo] PHP Warning:  Undefined array key "c_sidebar" in C:\xampp\htdocs\ativisoft_1_0\marcial_1_0\partials\_sidebar.php on line 216
[26-Jul-2026 13:24:17 America/Sao_Paulo] PHP Warning:  Undefined array key "c_sidebar" in C:\xampp\htdocs\ativisoft_1_0\marcial_1_0\partials\_sidebar.php on line 219
[26-Jul-2026 13:24:17 America/Sao_Paulo] PHP Warning:  Undefined array key "c_sidebar" in C:\xampp\htdocs\ativisoft_1_0\marcial_1_0\partials\_sidebar.php on line 220
[26-Jul-2026 13:24:17 America/Sao_Paulo] PHP Warning:  Undefined array key "c_sidebar" in C:\xampp\htdocs\ativisoft_1_0\marcial_1_0\partials\_sidebar.php on line 221
[26-Jul-2026 13:24:17 America/Sao_Paulo] PHP Warning:  Undefined array key "c_sidebar" in C:\xampp\htdocs\ativisoft_1_0\marcial_1_0\partials\_sidebar.php on line 234
[26-Jul-2026 13:24:17 America/Sao_Paulo] PHP Warning:  Undefined array key "c_sidebar" in C:\xampp\htdocs\ativisoft_1_0\marcial_1_0\partials\_sidebar.php on line 235
[26-Jul-2026 13:24:17 America/Sao_Paulo] PHP Warning:  Undefined array key "c_sidebar" in C:\xampp\htdocs\ativisoft_1_0\marcial_1_0\partials\_sidebar.php on line 236
[26-Jul-2026 13:24:17 America/Sao_Paulo] PHP Warning:  Undefined array key "c_sidebar" in C:\xampp\htdocs\ativisoft_1_0\marcial_1_0\partials\_sidebar.php on line 245
[26-Jul-2026 13:24:17 America/Sao_Paulo] PHP Warning:  Undefined array key "c_sidebar" in C:\xampp\htdocs\ativisoft_1_0\marcial_1_0\partials\_sidebar.php on line 259
[26-Jul-2026 13:24:17 America/Sao_Paulo] PHP Warning:  Undefined array key "c_sidebar" in C:\xampp\htdocs\ativisoft_1_0\marcial_1_0\partials\_sidebar.php on line 260
[26-Jul-2026 13:24:17 America/Sao_Paulo] PHP Warning:  Undefined array key "c_sidebar" in C:\xampp\htdocs\ativisoft_1_0\marcial_1_0\partials\_sidebar.php on line 261
[26-Jul-2026 13:24:17 America/Sao_Paulo] PHP Warning:  Undefined array key "c_sidebar" in C:\xampp\htdocs\ativisoft_1_0\marcial_1_0\partials\_sidebar.php on line 266
[26-Jul-2026 13:24:17 America/Sao_Paulo] PHP Warning:  Undefined array key "c_sidebar" in C:\xampp\htdocs\ativisoft_1_0\marcial_1_0\partials\_sidebar.php on line 271
[26-Jul-2026 13:24:17 America/Sao_Paulo] PHP Warning:  Undefined array key "c_sidebar" in C:\xampp\htdocs\ativisoft_1_0\marcial_1_0\partials\_sidebar.php on line 272
[26-Jul-2026 13:24:17 America/Sao_Paulo] PHP Warning:  Undefined array key "c_sidebar" in C:\xampp\htdocs\ativisoft_1_0\marcial_1_0\partials\_sidebar.php on line 273
[26-Jul-2026 13:24:17 America/Sao_Paulo] PHP Warning:  Undefined array key "c_sidebar" in C:\xampp\htdocs\ativisoft_1_0\marcial_1_0\partials\_sidebar.php on line 285
[26-Jul-2026 13:24:17 America/Sao_Paulo] PHP Warning:  Undefined array key "c_sidebar" in C:\xampp\htdocs\ativisoft_1_0\marcial_1_0\partials\_sidebar.php on line 285
[26-Jul-2026 13:24:17 America/Sao_Paulo] PHP Warning:  Undefined array key "c_sidebar" in C:\xampp\htdocs\ativisoft_1_0\marcial_1_0\partials\_sidebar.php on line 286
[26-Jul-2026 13:24:17 America/Sao_Paulo] PHP Warning:  Undefined array key "tipo_acesso" in C:\xampp\htdocs\ativisoft_1_0\marcial_1_0\pages\dashboard\index.php on line 93
[26-Jul-2026 13:24:17 America/Sao_Paulo] PHP Warning:  Undefined array key "tipo_acesso" in C:\xampp\htdocs\ativisoft_1_0\marcial_1_0\pages\dashboard\index.php on line 96
[26-Jul-2026 13:24:17 America/Sao_Paulo] PHP Warning:  Undefined array key "tipo_acesso" in C:\xampp\htdocs\ativisoft_1_0\marcial_1_0\pages\dashboard\index.php on line 99
[26-Jul-2026 13:25:18 America/Sao_Paulo] PHP Warning:  Undefined array key "c_sidebar" in C:\xampp\htdocs\ativisoft_1_0\marcial_1_0\partials\_sidebar.php on line 135
[26-Jul-2026 13:25:18 America/Sao_Paulo] PHP Warning:  Undefined array key "c_sidebar" in C:\xampp\htdocs\ativisoft_1_0\marcial_1_0\partials\_sidebar.php on line 206
[26-Jul-2026 13:25:18 America/Sao_Paulo] PHP Warning:  Undefined array key "c_sidebar" in C:\xampp\htdocs\ativisoft_1_0\marcial_1_0\partials\_sidebar.php on line 207
[26-Jul-2026 13:25:18 America/Sao_Paulo] PHP Warning:  Undefined array key "c_sidebar" in C:\xampp\htdocs\ativisoft_1_0\marcial_1_0\partials\_sidebar.php on line 208
[26-Jul-2026 13:25:18 America/Sao_Paulo] PHP Warning:  Undefined array key "c_sidebar" in C:\xampp\htdocs\ativisoft_1_0\marcial_1_0\partials\_sidebar.php on line 214
[26-Jul-2026 13:25:18 America/Sao_Paulo] PHP Warning:  Undefined array key "c_sidebar" in C:\xampp\htdocs\ativisoft_1_0\marcial_1_0\partials\_sidebar.php on line 215
[26-Jul-2026 13:25:18 America/Sao_Paulo] PHP Warning:  Undefined array key "c_sidebar" in C:\xampp\htdocs\ativisoft_1_0\marcial_1_0\partials\_sidebar.php on line 216
[26-Jul-2026 13:25:18 America/Sao_Paulo] PHP Warning:  Undefined array key "c_sidebar" in C:\xampp\htdocs\ativisoft_1_0\marcial_1_0\partials\_sidebar.php on line 219
[26-Jul-2026 13:25:18 America/Sao_Paulo] PHP Warning:  Undefined array key "c_sidebar" in C:\xampp\htdocs\ativisoft_1_0\marcial_1_0\partials\_sidebar.php on line 220
[26-Jul-2026 13:25:18 America/Sao_Paulo] PHP Warning:  Undefined array key "c_sidebar" in C:\xampp\htdocs\ativisoft_1_0\marcial_1_0\partials\_sidebar.php on line 221
[26-Jul-2026 13:25:18 America/Sao_Paulo] PHP Warning:  Undefined array key "c_sidebar" in C:\xampp\htdocs\ativisoft_1_0\marcial_1_0\partials\_sidebar.php on line 234
[26-Jul-2026 13:25:18 America/Sao_Paulo] PHP Warning:  Undefined array key "c_sidebar" in C:\xampp\htdocs\ativisoft_1_0\marcial_1_0\partials\_sidebar.php on line 235
[26-Jul-2026 13:25:18 America/Sao_Paulo] PHP Warning:  Undefined array key "c_sidebar" in C:\xampp\htdocs\ativisoft_1_0\marcial_1_0\partials\_sidebar.php on line 236
[26-Jul-2026 13:25:18 America/Sao_Paulo] PHP Warning:  Undefined array key "c_sidebar" in C:\xampp\htdocs\ativisoft_1_0\marcial_1_0\partials\_sidebar.php on line 245
[26-Jul-2026 13:25:18 America/Sao_Paulo] PHP Warning:  Undefined array key "c_sidebar" in C:\xampp\htdocs\ativisoft_1_0\marcial_1_0\partials\_sidebar.php on line 259
[26-Jul-2026 13:25:18 America/Sao_Paulo] PHP Warning:  Undefined array key "c_sidebar" in C:\xampp\htdocs\ativisoft_1_0\marcial_1_0\partials\_sidebar.php on line 260
[26-Jul-2026 13:25:18 America/Sao_Paulo] PHP Warning:  Undefined array key "c_sidebar" in C:\xampp\htdocs\ativisoft_1_0\marcial_1_0\partials\_sidebar.php on line 261
[26-Jul-2026 13:25:18 America/Sao_Paulo] PHP Warning:  Undefined array key "c_sidebar" in C:\xampp\htdocs\ativisoft_1_0\marcial_1_0\partials\_sidebar.php on line 266
[26-Jul-2026 13:25:18 America/Sao_Paulo] PHP Warning:  Undefined array key "c_sidebar" in C:\xampp\htdocs\ativisoft_1_0\marcial_1_0\partials\_sidebar.php on line 271
[26-Jul-2026 13:25:18 America/Sao_Paulo] PHP Warning:  Undefined array key "c_sidebar" in C:\xampp\htdocs\ativisoft_1_0\marcial_1_0\partials\_sidebar.php on line 272
[26-Jul-2026 13:25:18 America/Sao_Paulo] PHP Warning:  Undefined array key "c_sidebar" in C:\xampp\htdocs\ativisoft_1_0\marcial_1_0\partials\_sidebar.php on line 273
[26-Jul-2026 13:25:18 America/Sao_Paulo] PHP Warning:  Undefined array key "c_sidebar" in C:\xampp\htdocs\ativisoft_1_0\marcial_1_0\partials\_sidebar.php on line 285
[26-Jul-2026 13:25:18 America/Sao_Paulo] PHP Warning:  Undefined array key "c_sidebar" in C:\xampp\htdocs\ativisoft_1_0\marcial_1_0\partials\_sidebar.php on line 285
[26-Jul-2026 13:25:18 America/Sao_Paulo] PHP Warning:  Undefined array key "c_sidebar" in C:\xampp\htdocs\ativisoft_1_0\marcial_1_0\partials\_sidebar.php on line 286
[26-Jul-2026 13:25:54 America/Sao_Paulo] PHP Warning:  Undefined array key "c_sidebar" in C:\xampp\htdocs\ativisoft_1_0\marcial_1_0\partials\_sidebar.php on line 135
[26-Jul-2026 13:25:54 America/Sao_Paulo] PHP Warning:  Undefined array key "c_sidebar" in C:\xampp\htdocs\ativisoft_1_0\marcial_1_0\partials\_sidebar.php on line 206
[26-Jul-2026 13:25:54 America/Sao_Paulo] PHP Warning:  Undefined array key "c_sidebar" in C:\xampp\htdocs\ativisoft_1_0\marcial_1_0\partials\_sidebar.php on line 207
[26-Jul-2026 13:25:54 America/Sao_Paulo] PHP Warning:  Undefined array key "c_sidebar" in C:\xampp\htdocs\ativisoft_1_0\marcial_1_0\partials\_sidebar.php on line 208
[26-Jul-2026 13:25:54 America/Sao_Paulo] PHP Warning:  Undefined array key "c_sidebar" in C:\xampp\htdocs\ativisoft_1_0\marcial_1_0\partials\_sidebar.php on line 214
[26-Jul-2026 13:25:54 America/Sao_Paulo] PHP Warning:  Undefined array key "c_sidebar" in C:\xampp\htdocs\ativisoft_1_0\marcial_1_0\partials\_sidebar.php on line 215
[26-Jul-2026 13:25:54 America/Sao_Paulo] PHP Warning:  Undefined array key "c_sidebar" in C:\xampp\htdocs\ativisoft_1_0\marcial_1_0\partials\_sidebar.php on line 216
[26-Jul-2026 13:25:54 America/Sao_Paulo] PHP Warning:  Undefined array key "c_sidebar" in C:\xampp\htdocs\ativisoft_1_0\marcial_1_0\partials\_sidebar.php on line 219
[26-Jul-2026 13:25:54 America/Sao_Paulo] PHP Warning:  Undefined array key "c_sidebar" in C:\xampp\htdocs\ativisoft_1_0\marcial_1_0\partials\_sidebar.php on line 220
[26-Jul-2026 13:25:54 America/Sao_Paulo] PHP Warning:  Undefined array key "c_sidebar" in C:\xampp\htdocs\ativisoft_1_0\marcial_1_0\partials\_sidebar.php on line 221
[26-Jul-2026 13:25:54 America/Sao_Paulo] PHP Warning:  Undefined array key "c_sidebar" in C:\xampp\htdocs\ativisoft_1_0\marcial_1_0\partials\_sidebar.php on line 234
[26-Jul-2026 13:25:54 America/Sao_Paulo] PHP Warning:  Undefined array key "c_sidebar" in C:\xampp\htdocs\ativisoft_1_0\marcial_1_0\partials\_sidebar.php on line 235
[26-Jul-2026 13:25:54 America/Sao_Paulo] PHP Warning:  Undefined array key "c_sidebar" in C:\xampp\htdocs\ativisoft_1_0\marcial_1_0\partials\_sidebar.php on line 236
[26-Jul-2026 13:25:54 America/Sao_Paulo] PHP Warning:  Undefined array key "c_sidebar" in C:\xampp\htdocs\ativisoft_1_0\marcial_1_0\partials\_sidebar.php on line 245
[26-Jul-2026 13:25:54 America/Sao_Paulo] PHP Warning:  Undefined array key "c_sidebar" in C:\xampp\htdocs\ativisoft_1_0\marcial_1_0\partials\_sidebar.php on line 259
[26-Jul-2026 13:25:54 America/Sao_Paulo] PHP Warning:  Undefined array key "c_sidebar" in C:\xampp\htdocs\ativisoft_1_0\marcial_1_0\partials\_sidebar.php on line 260
[26-Jul-2026 13:25:54 America/Sao_Paulo] PHP Warning:  Undefined array key "c_sidebar" in C:\xampp\htdocs\ativisoft_1_0\marcial_1_0\partials\_sidebar.php on line 261
[26-Jul-2026 13:25:54 America/Sao_Paulo] PHP Warning:  Undefined array key "c_sidebar" in C:\xampp\htdocs\ativisoft_1_0\marcial_1_0\partials\_sidebar.php on line 266
[26-Jul-2026 13:25:54 America/Sao_Paulo] PHP Warning:  Undefined array key "c_sidebar" in C:\xampp\htdocs\ativisoft_1_0\marcial_1_0\partials\_sidebar.php on line 271
[26-Jul-2026 13:25:54 America/Sao_Paulo] PHP Warning:  Undefined array key "c_sidebar" in C:\xampp\htdocs\ativisoft_1_0\marcial_1_0\partials\_sidebar.php on line 272
[26-Jul-2026 13:25:54 America/Sao_Paulo] PHP Warning:  Undefined array key "c_sidebar" in C:\xampp\htdocs\ativisoft_1_0\marcial_1_0\partials\_sidebar.php on line 273
[26-Jul-2026 13:25:54 America/Sao_Paulo] PHP Warning:  Undefined array key "c_sidebar" in C:\xampp\htdocs\ativisoft_1_0\marcial_1_0\partials\_sidebar.php on line 285
[26-Jul-2026 13:25:54 America/Sao_Paulo] PHP Warning:  Undefined array key "c_sidebar" in C:\xampp\htdocs\ativisoft_1_0\marcial_1_0\partials\_sidebar.php on line 285
[26-Jul-2026 13:25:54 America/Sao_Paulo] PHP Warning:  Undefined array key "c_sidebar" in C:\xampp\htdocs\ativisoft_1_0\marcial_1_0\partials\_sidebar.php on line 286
[26-Jul-2026 13:25:56 America/Sao_Paulo] PHP Warning:  Undefined array key "c_sidebar" in C:\xampp\htdocs\ativisoft_1_0\marcial_1_0\partials\_sidebar.php on line 135
[26-Jul-2026 13:25:56 America/Sao_Paulo] PHP Warning:  Undefined array key "c_sidebar" in C:\xampp\htdocs\ativisoft_1_0\marcial_1_0\partials\_sidebar.php on line 206
[26-Jul-2026 13:25:56 America/Sao_Paulo] PHP Warning:  Undefined array key "c_sidebar" in C:\xampp\htdocs\ativisoft_1_0\marcial_1_0\partials\_sidebar.php on line 207
[26-Jul-2026 13:25:56 America/Sao_Paulo] PHP Warning:  Undefined array key "c_sidebar" in C:\xampp\htdocs\ativisoft_1_0\marcial_1_0\partials\_sidebar.php on line 208
[26-Jul-2026 13:25:56 America/Sao_Paulo] PHP Warning:  Undefined array key "c_sidebar" in C:\xampp\htdocs\ativisoft_1_0\marcial_1_0\partials\_sidebar.php on line 214
[26-Jul-2026 13:25:56 America/Sao_Paulo] PHP Warning:  Undefined array key "c_sidebar" in C:\xampp\htdocs\ativisoft_1_0\marcial_1_0\partials\_sidebar.php on line 215
[26-Jul-2026 13:25:56 America/Sao_Paulo] PHP Warning:  Undefined array key "c_sidebar" in C:\xampp\htdocs\ativisoft_1_0\marcial_1_0\partials\_sidebar.php on line 216
[26-Jul-2026 13:25:56 America/Sao_Paulo] PHP Warning:  Undefined array key "c_sidebar" in C:\xampp\htdocs\ativisoft_1_0\marcial_1_0\partials\_sidebar.php on line 219
[26-Jul-2026 13:25:56 America/Sao_Paulo] PHP Warning:  Undefined array key "c_sidebar" in C:\xampp\htdocs\ativisoft_1_0\marcial_1_0\partials\_sidebar.php on line 220
[26-Jul-2026 13:25:56 America/Sao_Paulo] PHP Warning:  Undefined array key "c_sidebar" in C:\xampp\htdocs\ativisoft_1_0\marcial_1_0\partials\_sidebar.php on line 221
[26-Jul-2026 13:25:56 America/Sao_Paulo] PHP Warning:  Undefined array key "c_sidebar" in C:\xampp\htdocs\ativisoft_1_0\marcial_1_0\partials\_sidebar.php on line 234
[26-Jul-2026 13:25:56 America/Sao_Paulo] PHP Warning:  Undefined array key "c_sidebar" in C:\xampp\htdocs\ativisoft_1_0\marcial_1_0\partials\_sidebar.php on line 235
[26-Jul-2026 13:25:56 America/Sao_Paulo] PHP Warning:  Undefined array key "c_sidebar" in C:\xampp\htdocs\ativisoft_1_0\marcial_1_0\partials\_sidebar.php on line 236
[26-Jul-2026 13:25:56 America/Sao_Paulo] PHP Warning:  Undefined array key "c_sidebar" in C:\xampp\htdocs\ativisoft_1_0\marcial_1_0\partials\_sidebar.php on line 245
[26-Jul-2026 13:25:56 America/Sao_Paulo] PHP Warning:  Undefined array key "c_sidebar" in C:\xampp\htdocs\ativisoft_1_0\marcial_1_0\partials\_sidebar.php on line 259
[26-Jul-2026 13:25:56 America/Sao_Paulo] PHP Warning:  Undefined array key "c_sidebar" in C:\xampp\htdocs\ativisoft_1_0\marcial_1_0\partials\_sidebar.php on line 260
[26-Jul-2026 13:25:56 America/Sao_Paulo] PHP Warning:  Undefined array key "c_sidebar" in C:\xampp\htdocs\ativisoft_1_0\marcial_1_0\partials\_sidebar.php on line 261
[26-Jul-2026 13:25:56 America/Sao_Paulo] PHP Warning:  Undefined array key "c_sidebar" in C:\xampp\htdocs\ativisoft_1_0\marcial_1_0\partials\_sidebar.php on line 266
[26-Jul-2026 13:25:56 America/Sao_Paulo] PHP Warning:  Undefined array key "c_sidebar" in C:\xampp\htdocs\ativisoft_1_0\marcial_1_0\partials\_sidebar.php on line 271
[26-Jul-2026 13:25:56 America/Sao_Paulo] PHP Warning:  Undefined array key "c_sidebar" in C:\xampp\htdocs\ativisoft_1_0\marcial_1_0\partials\_sidebar.php on line 272
[26-Jul-2026 13:25:56 America/Sao_Paulo] PHP Warning:  Undefined array key "c_sidebar" in C:\xampp\htdocs\ativisoft_1_0\marcial_1_0\partials\_sidebar.php on line 273
[26-Jul-2026 13:25:56 America/Sao_Paulo] PHP Warning:  Undefined array key "c_sidebar" in C:\xampp\htdocs\ativisoft_1_0\marcial_1_0\partials\_sidebar.php on line 285
[26-Jul-2026 13:25:56 America/Sao_Paulo] PHP Warning:  Undefined array key "c_sidebar" in C:\xampp\htdocs\ativisoft_1_0\marcial_1_0\partials\_sidebar.php on line 285
[26-Jul-2026 13:25:56 America/Sao_Paulo] PHP Warning:  Undefined array key "c_sidebar" in C:\xampp\htdocs\ativisoft_1_0\marcial_1_0\partials\_sidebar.php on line 286
[26-Jul-2026 13:25:56 America/Sao_Paulo] PHP Warning:  Undefined array key "c_sidebar" in C:\xampp\htdocs\ativisoft_1_0\marcial_1_0\partials\_sidebar.php on line 135
[26-Jul-2026 13:25:56 America/Sao_Paulo] PHP Warning:  Undefined array key "c_sidebar" in C:\xampp\htdocs\ativisoft_1_0\marcial_1_0\partials\_sidebar.php on line 206
[26-Jul-2026 13:25:56 America/Sao_Paulo] PHP Warning:  Undefined array key "c_sidebar" in C:\xampp\htdocs\ativisoft_1_0\marcial_1_0\partials\_sidebar.php on line 207
[26-Jul-2026 13:25:56 America/Sao_Paulo] PHP Warning:  Undefined array key "c_sidebar" in C:\xampp\htdocs\ativisoft_1_0\marcial_1_0\partials\_sidebar.php on line 208
[26-Jul-2026 13:25:56 America/Sao_Paulo] PHP Warning:  Undefined array key "c_sidebar" in C:\xampp\htdocs\ativisoft_1_0\marcial_1_0\partials\_sidebar.php on line 214
[26-Jul-2026 13:25:56 America/Sao_Paulo] PHP Warning:  Undefined array key "c_sidebar" in C:\xampp\htdocs\ativisoft_1_0\marcial_1_0\partials\_sidebar.php on line 215
[26-Jul-2026 13:25:56 America/Sao_Paulo] PHP Warning:  Undefined array key "c_sidebar" in C:\xampp\htdocs\ativisoft_1_0\marcial_1_0\partials\_sidebar.php on line 216
[26-Jul-2026 13:25:56 America/Sao_Paulo] PHP Warning:  Undefined array key "c_sidebar" in C:\xampp\htdocs\ativisoft_1_0\marcial_1_0\partials\_sidebar.php on line 219
[26-Jul-2026 13:25:56 America/Sao_Paulo] PHP Warning:  Undefined array key "c_sidebar" in C:\xampp\htdocs\ativisoft_1_0\marcial_1_0\partials\_sidebar.php on line 220
[26-Jul-2026 13:25:56 America/Sao_Paulo] PHP Warning:  Undefined array key "c_sidebar" in C:\xampp\htdocs\ativisoft_1_0\marcial_1_0\partials\_sidebar.php on line 221
[26-Jul-2026 13:25:56 America/Sao_Paulo] PHP Warning:  Undefined array key "c_sidebar" in C:\xampp\htdocs\ativisoft_1_0\marcial_1_0\partials\_sidebar.php on line 234
[26-Jul-2026 13:25:56 America/Sao_Paulo] PHP Warning:  Undefined array key "c_sidebar" in C:\xampp\htdocs\ativisoft_1_0\marcial_1_0\partials\_sidebar.php on line 235
[26-Jul-2026 13:25:56 America/Sao_Paulo] PHP Warning:  Undefined array key "c_sidebar" in C:\xampp\htdocs\ativisoft_1_0\marcial_1_0\partials\_sidebar.php on line 236
[26-Jul-2026 13:25:56 America/Sao_Paulo] PHP Warning:  Undefined array key "c_sidebar" in C:\xampp\htdocs\ativisoft_1_0\marcial_1_0\partials\_sidebar.php on line 245
[26-Jul-2026 13:25:56 America/Sao_Paulo] PHP Warning:  Undefined array key "c_sidebar" in C:\xampp\htdocs\ativisoft_1_0\marcial_1_0\partials\_sidebar.php on line 259
[26-Jul-2026 13:25:56 America/Sao_Paulo] PHP Warning:  Undefined array key "c_sidebar" in C:\xampp\htdocs\ativisoft_1_0\marcial_1_0\partials\_sidebar.php on line 260
[26-Jul-2026 13:25:56 America/Sao_Paulo] PHP Warning:  Undefined array key "c_sidebar" in C:\xampp\htdocs\ativisoft_1_0\marcial_1_0\partials\_sidebar.php on line 261
[26-Jul-2026 13:25:56 America/Sao_Paulo] PHP Warning:  Undefined array key "c_sidebar" in C:\xampp\htdocs\ativisoft_1_0\marcial_1_0\partials\_sidebar.php on line 266
[26-Jul-2026 13:25:56 America/Sao_Paulo] PHP Warning:  Undefined array key "c_sidebar" in C:\xampp\htdocs\ativisoft_1_0\marcial_1_0\partials\_sidebar.php on line 271
[26-Jul-2026 13:25:56 America/Sao_Paulo] PHP Warning:  Undefined array key "c_sidebar" in C:\xampp\htdocs\ativisoft_1_0\marcial_1_0\partials\_sidebar.php on line 272
[26-Jul-2026 13:25:56 America/Sao_Paulo] PHP Warning:  Undefined array key "c_sidebar" in C:\xampp\htdocs\ativisoft_1_0\marcial_1_0\partials\_sidebar.php on line 273
[26-Jul-2026 13:25:56 America/Sao_Paulo] PHP Warning:  Undefined array key "c_sidebar" in C:\xampp\htdocs\ativisoft_1_0\marcial_1_0\partials\_sidebar.php on line 285
[26-Jul-2026 13:25:56 America/Sao_Paulo] PHP Warning:  Undefined array key "c_sidebar" in C:\xampp\htdocs\ativisoft_1_0\marcial_1_0\partials\_sidebar.php on line 285
[26-Jul-2026 13:25:56 America/Sao_Paulo] PHP Warning:  Undefined array key "c_sidebar" in C:\xampp\htdocs\ativisoft_1_0\marcial_1_0\partials\_sidebar.php on line 286
[26-Jul-2026 13:26:18 America/Sao_Paulo] PHP Warning:  Undefined array key "c_sidebar" in C:\xampp\htdocs\ativisoft_1_0\marcial_1_0\partials\_sidebar.php on line 135
[26-Jul-2026 13:26:18 America/Sao_Paulo] PHP Warning:  Undefined array key "c_sidebar" in C:\xampp\htdocs\ativisoft_1_0\marcial_1_0\partials\_sidebar.php on line 206
[26-Jul-2026 13:26:18 America/Sao_Paulo] PHP Warning:  Undefined array key "c_sidebar" in C:\xampp\htdocs\ativisoft_1_0\marcial_1_0\partials\_sidebar.php on line 207
[26-Jul-2026 13:26:18 America/Sao_Paulo] PHP Warning:  Undefined array key "c_sidebar" in C:\xampp\htdocs\ativisoft_1_0\marcial_1_0\partials\_sidebar.php on line 208
[26-Jul-2026 13:26:18 America/Sao_Paulo] PHP Warning:  Undefined array key "c_sidebar" in C:\xampp\htdocs\ativisoft_1_0\marcial_1_0\partials\_sidebar.php on line 214
[26-Jul-2026 13:26:18 America/Sao_Paulo] PHP Warning:  Undefined array key "c_sidebar" in C:\xampp\htdocs\ativisoft_1_0\marcial_1_0\partials\_sidebar.php on line 215
[26-Jul-2026 13:26:18 America/Sao_Paulo] PHP Warning:  Undefined array key "c_sidebar" in C:\xampp\htdocs\ativisoft_1_0\marcial_1_0\partials\_sidebar.php on line 216
[26-Jul-2026 13:26:18 America/Sao_Paulo] PHP Warning:  Undefined array key "c_sidebar" in C:\xampp\htdocs\ativisoft_1_0\marcial_1_0\partials\_sidebar.php on line 219
[26-Jul-2026 13:26:18 America/Sao_Paulo] PHP Warning:  Undefined array key "c_sidebar" in C:\xampp\htdocs\ativisoft_1_0\marcial_1_0\partials\_sidebar.php on line 220
[26-Jul-2026 13:26:18 America/Sao_Paulo] PHP Warning:  Undefined array key "c_sidebar" in C:\xampp\htdocs\ativisoft_1_0\marcial_1_0\partials\_sidebar.php on line 221
[26-Jul-2026 13:26:18 America/Sao_Paulo] PHP Warning:  Undefined array key "c_sidebar" in C:\xampp\htdocs\ativisoft_1_0\marcial_1_0\partials\_sidebar.php on line 234
[26-Jul-2026 13:26:18 America/Sao_Paulo] PHP Warning:  Undefined array key "c_sidebar" in C:\xampp\htdocs\ativisoft_1_0\marcial_1_0\partials\_sidebar.php on line 235
[26-Jul-2026 13:26:18 America/Sao_Paulo] PHP Warning:  Undefined array key "c_sidebar" in C:\xampp\htdocs\ativisoft_1_0\marcial_1_0\partials\_sidebar.php on line 236
[26-Jul-2026 13:26:18 America/Sao_Paulo] PHP Warning:  Undefined array key "c_sidebar" in C:\xampp\htdocs\ativisoft_1_0\marcial_1_0\partials\_sidebar.php on line 245
[26-Jul-2026 13:26:18 America/Sao_Paulo] PHP Warning:  Undefined array key "c_sidebar" in C:\xampp\htdocs\ativisoft_1_0\marcial_1_0\partials\_sidebar.php on line 259
[26-Jul-2026 13:26:18 America/Sao_Paulo] PHP Warning:  Undefined array key "c_sidebar" in C:\xampp\htdocs\ativisoft_1_0\marcial_1_0\partials\_sidebar.php on line 260
[26-Jul-2026 13:26:18 America/Sao_Paulo] PHP Warning:  Undefined array key "c_sidebar" in C:\xampp\htdocs\ativisoft_1_0\marcial_1_0\partials\_sidebar.php on line 261
[26-Jul-2026 13:26:18 America/Sao_Paulo] PHP Warning:  Undefined array key "c_sidebar" in C:\xampp\htdocs\ativisoft_1_0\marcial_1_0\partials\_sidebar.php on line 266
[26-Jul-2026 13:26:18 America/Sao_Paulo] PHP Warning:  Undefined array key "c_sidebar" in C:\xampp\htdocs\ativisoft_1_0\marcial_1_0\partials\_sidebar.php on line 271
[26-Jul-2026 13:26:18 America/Sao_Paulo] PHP Warning:  Undefined array key "c_sidebar" in C:\xampp\htdocs\ativisoft_1_0\marcial_1_0\partials\_sidebar.php on line 272
[26-Jul-2026 13:26:18 America/Sao_Paulo] PHP Warning:  Undefined array key "c_sidebar" in C:\xampp\htdocs\ativisoft_1_0\marcial_1_0\partials\_sidebar.php on line 273
[26-Jul-2026 13:26:18 America/Sao_Paulo] PHP Warning:  Undefined array key "c_sidebar" in C:\xampp\htdocs\ativisoft_1_0\marcial_1_0\partials\_sidebar.php on line 285
[26-Jul-2026 13:26:18 America/Sao_Paulo] PHP Warning:  Undefined array key "c_sidebar" in C:\xampp\htdocs\ativisoft_1_0\marcial_1_0\partials\_sidebar.php on line 285
[26-Jul-2026 13:26:18 America/Sao_Paulo] PHP Warning:  Undefined array key "c_sidebar" in C:\xampp\htdocs\ativisoft_1_0\marcial_1_0\partials\_sidebar.php on line 286
[26-Jul-2026 13:26:18 America/Sao_Paulo] PHP Warning:  Undefined array key "c_sidebar" in C:\xampp\htdocs\ativisoft_1_0\marcial_1_0\partials\_sidebar.php on line 135
[26-Jul-2026 13:26:18 America/Sao_Paulo] PHP Warning:  Undefined array key "c_sidebar" in C:\xampp\htdocs\ativisoft_1_0\marcial_1_0\partials\_sidebar.php on line 206
[26-Jul-2026 13:26:18 America/Sao_Paulo] PHP Warning:  Undefined array key "c_sidebar" in C:\xampp\htdocs\ativisoft_1_0\marcial_1_0\partials\_sidebar.php on line 207
[26-Jul-2026 13:26:18 America/Sao_Paulo] PHP Warning:  Undefined array key "c_sidebar" in C:\xampp\htdocs\ativisoft_1_0\marcial_1_0\partials\_sidebar.php on line 208
[26-Jul-2026 13:26:18 America/Sao_Paulo] PHP Warning:  Undefined array key "c_sidebar" in C:\xampp\htdocs\ativisoft_1_0\marcial_1_0\partials\_sidebar.php on line 214
[26-Jul-2026 13:26:18 America/Sao_Paulo] PHP Warning:  Undefined array key "c_sidebar" in C:\xampp\htdocs\ativisoft_1_0\marcial_1_0\partials\_sidebar.php on line 215
[26-Jul-2026 13:26:18 America/Sao_Paulo] PHP Warning:  Undefined array key "c_sidebar" in C:\xampp\htdocs\ativisoft_1_0\marcial_1_0\partials\_sidebar.php on line 216
[26-Jul-2026 13:26:18 America/Sao_Paulo] PHP Warning:  Undefined array key "c_sidebar" in C:\xampp\htdocs\ativisoft_1_0\marcial_1_0\partials\_sidebar.php on line 219
[26-Jul-2026 13:26:18 America/Sao_Paulo] PHP Warning:  Undefined array key "c_sidebar" in C:\xampp\htdocs\ativisoft_1_0\marcial_1_0\partials\_sidebar.php on line 220
[26-Jul-2026 13:26:18 America/Sao_Paulo] PHP Warning:  Undefined array key "c_sidebar" in C:\xampp\htdocs\ativisoft_1_0\marcial_1_0\partials\_sidebar.php on line 221
[26-Jul-2026 13:26:18 America/Sao_Paulo] PHP Warning:  Undefined array key "c_sidebar" in C:\xampp\htdocs\ativisoft_1_0\marcial_1_0\partials\_sidebar.php on line 234
[26-Jul-2026 13:26:18 America/Sao_Paulo] PHP Warning:  Undefined array key "c_sidebar" in C:\xampp\htdocs\ativisoft_1_0\marcial_1_0\partials\_sidebar.php on line 235
[26-Jul-2026 13:26:18 America/Sao_Paulo] PHP Warning:  Undefined array key "c_sidebar" in C:\xampp\htdocs\ativisoft_1_0\marcial_1_0\partials\_sidebar.php on line 236
[26-Jul-2026 13:26:18 America/Sao_Paulo] PHP Warning:  Undefined array key "c_sidebar" in C:\xampp\htdocs\ativisoft_1_0\marcial_1_0\partials\_sidebar.php on line 245
[26-Jul-2026 13:26:18 America/Sao_Paulo] PHP Warning:  Undefined array key "c_sidebar" in C:\xampp\htdocs\ativisoft_1_0\marcial_1_0\partials\_sidebar.php on line 259
[26-Jul-2026 13:26:18 America/Sao_Paulo] PHP Warning:  Undefined array key "c_sidebar" in C:\xampp\htdocs\ativisoft_1_0\marcial_1_0\partials\_sidebar.php on line 260
[26-Jul-2026 13:26:18 America/Sao_Paulo] PHP Warning:  Undefined array key "c_sidebar" in C:\xampp\htdocs\ativisoft_1_0\marcial_1_0\partials\_sidebar.php on line 261
[26-Jul-2026 13:26:18 America/Sao_Paulo] PHP Warning:  Undefined array key "c_sidebar" in C:\xampp\htdocs\ativisoft_1_0\marcial_1_0\partials\_sidebar.php on line 266
[26-Jul-2026 13:26:18 America/Sao_Paulo] PHP Warning:  Undefined array key "c_sidebar" in C:\xampp\htdocs\ativisoft_1_0\marcial_1_0\partials\_sidebar.php on line 271
[26-Jul-2026 13:26:18 America/Sao_Paulo] PHP Warning:  Undefined array key "c_sidebar" in C:\xampp\htdocs\ativisoft_1_0\marcial_1_0\partials\_sidebar.php on line 272
[26-Jul-2026 13:26:18 America/Sao_Paulo] PHP Warning:  Undefined array key "c_sidebar" in C:\xampp\htdocs\ativisoft_1_0\marcial_1_0\partials\_sidebar.php on line 273
[26-Jul-2026 13:26:18 America/Sao_Paulo] PHP Warning:  Undefined array key "c_sidebar" in C:\xampp\htdocs\ativisoft_1_0\marcial_1_0\partials\_sidebar.php on line 285
[26-Jul-2026 13:26:18 America/Sao_Paulo] PHP Warning:  Undefined array key "c_sidebar" in C:\xampp\htdocs\ativisoft_1_0\marcial_1_0\partials\_sidebar.php on line 285
[26-Jul-2026 13:26:18 America/Sao_Paulo] PHP Warning:  Undefined array key "c_sidebar" in C:\xampp\htdocs\ativisoft_1_0\marcial_1_0\partials\_sidebar.php on line 286
[26-Jul-2026 13:26:19 America/Sao_Paulo] PHP Warning:  Undefined array key "c_sidebar" in C:\xampp\htdocs\ativisoft_1_0\marcial_1_0\partials\_sidebar.php on line 135
[26-Jul-2026 13:26:19 America/Sao_Paulo] PHP Warning:  Undefined array key "c_sidebar" in C:\xampp\htdocs\ativisoft_1_0\marcial_1_0\partials\_sidebar.php on line 206
[26-Jul-2026 13:26:19 America/Sao_Paulo] PHP Warning:  Undefined array key "c_sidebar" in C:\xampp\htdocs\ativisoft_1_0\marcial_1_0\partials\_sidebar.php on line 207
[26-Jul-2026 13:26:19 America/Sao_Paulo] PHP Warning:  Undefined array key "c_sidebar" in C:\xampp\htdocs\ativisoft_1_0\marcial_1_0\partials\_sidebar.php on line 208
[26-Jul-2026 13:26:19 America/Sao_Paulo] PHP Warning:  Undefined array key "c_sidebar" in C:\xampp\htdocs\ativisoft_1_0\marcial_1_0\partials\_sidebar.php on line 214
[26-Jul-2026 13:26:19 America/Sao_Paulo] PHP Warning:  Undefined array key "c_sidebar" in C:\xampp\htdocs\ativisoft_1_0\marcial_1_0\partials\_sidebar.php on line 215
[26-Jul-2026 13:26:19 America/Sao_Paulo] PHP Warning:  Undefined array key "c_sidebar" in C:\xampp\htdocs\ativisoft_1_0\marcial_1_0\partials\_sidebar.php on line 216
[26-Jul-2026 13:26:19 America/Sao_Paulo] PHP Warning:  Undefined array key "c_sidebar" in C:\xampp\htdocs\ativisoft_1_0\marcial_1_0\partials\_sidebar.php on line 219
[26-Jul-2026 13:26:19 America/Sao_Paulo] PHP Warning:  Undefined array key "c_sidebar" in C:\xampp\htdocs\ativisoft_1_0\marcial_1_0\partials\_sidebar.php on line 220
[26-Jul-2026 13:26:19 America/Sao_Paulo] PHP Warning:  Undefined array key "c_sidebar" in C:\xampp\htdocs\ativisoft_1_0\marcial_1_0\partials\_sidebar.php on line 221
[26-Jul-2026 13:26:19 America/Sao_Paulo] PHP Warning:  Undefined array key "c_sidebar" in C:\xampp\htdocs\ativisoft_1_0\marcial_1_0\partials\_sidebar.php on line 234
[26-Jul-2026 13:26:19 America/Sao_Paulo] PHP Warning:  Undefined array key "c_sidebar" in C:\xampp\htdocs\ativisoft_1_0\marcial_1_0\partials\_sidebar.php on line 235
[26-Jul-2026 13:26:19 America/Sao_Paulo] PHP Warning:  Undefined array key "c_sidebar" in C:\xampp\htdocs\ativisoft_1_0\marcial_1_0\partials\_sidebar.php on line 236
[26-Jul-2026 13:26:19 America/Sao_Paulo] PHP Warning:  Undefined array key "c_sidebar" in C:\xampp\htdocs\ativisoft_1_0\marcial_1_0\partials\_sidebar.php on line 245
[26-Jul-2026 13:26:19 America/Sao_Paulo] PHP Warning:  Undefined array key "c_sidebar" in C:\xampp\htdocs\ativisoft_1_0\marcial_1_0\partials\_sidebar.php on line 259
[26-Jul-2026 13:26:19 America/Sao_Paulo] PHP Warning:  Undefined array key "c_sidebar" in C:\xampp\htdocs\ativisoft_1_0\marcial_1_0\partials\_sidebar.php on line 260
[26-Jul-2026 13:26:19 America/Sao_Paulo] PHP Warning:  Undefined array key "c_sidebar" in C:\xampp\htdocs\ativisoft_1_0\marcial_1_0\partials\_sidebar.php on line 261
[26-Jul-2026 13:26:19 America/Sao_Paulo] PHP Warning:  Undefined array key "c_sidebar" in C:\xampp\htdocs\ativisoft_1_0\marcial_1_0\partials\_sidebar.php on line 266
[26-Jul-2026 13:26:19 America/Sao_Paulo] PHP Warning:  Undefined array key "c_sidebar" in C:\xampp\htdocs\ativisoft_1_0\marcial_1_0\partials\_sidebar.php on line 271
[26-Jul-2026 13:26:19 America/Sao_Paulo] PHP Warning:  Undefined array key "c_sidebar" in C:\xampp\htdocs\ativisoft_1_0\marcial_1_0\partials\_sidebar.php on line 272
[26-Jul-2026 13:26:19 America/Sao_Paulo] PHP Warning:  Undefined array key "c_sidebar" in C:\xampp\htdocs\ativisoft_1_0\marcial_1_0\partials\_sidebar.php on line 273
[26-Jul-2026 13:26:19 America/Sao_Paulo] PHP Warning:  Undefined array key "c_sidebar" in C:\xampp\htdocs\ativisoft_1_0\marcial_1_0\partials\_sidebar.php on line 285
[26-Jul-2026 13:26:19 America/Sao_Paulo] PHP Warning:  Undefined array key "c_sidebar" in C:\xampp\htdocs\ativisoft_1_0\marcial_1_0\partials\_sidebar.php on line 285
[26-Jul-2026 13:26:19 America/Sao_Paulo] PHP Warning:  Undefined array key "c_sidebar" in C:\xampp\htdocs\ativisoft_1_0\marcial_1_0\partials\_sidebar.php on line 286
[26-Jul-2026 13:26:19 America/Sao_Paulo] PHP Warning:  Undefined array key "c_sidebar" in C:\xampp\htdocs\ativisoft_1_0\marcial_1_0\partials\_sidebar.php on line 135
[26-Jul-2026 13:26:19 America/Sao_Paulo] PHP Warning:  Undefined array key "c_sidebar" in C:\xampp\htdocs\ativisoft_1_0\marcial_1_0\partials\_sidebar.php on line 206
[26-Jul-2026 13:26:19 America/Sao_Paulo] PHP Warning:  Undefined array key "c_sidebar" in C:\xampp\htdocs\ativisoft_1_0\marcial_1_0\partials\_sidebar.php on line 207
[26-Jul-2026 13:26:19 America/Sao_Paulo] PHP Warning:  Undefined array key "c_sidebar" in C:\xampp\htdocs\ativisoft_1_0\marcial_1_0\partials\_sidebar.php on line 208
[26-Jul-2026 13:26:19 America/Sao_Paulo] PHP Warning:  Undefined array key "c_sidebar" in C:\xampp\htdocs\ativisoft_1_0\marcial_1_0\partials\_sidebar.php on line 214
[26-Jul-2026 13:26:19 America/Sao_Paulo] PHP Warning:  Undefined array key "c_sidebar" in C:\xampp\htdocs\ativisoft_1_0\marcial_1_0\partials\_sidebar.php on line 215
[26-Jul-2026 13:26:19 America/Sao_Paulo] PHP Warning:  Undefined array key "c_sidebar" in C:\xampp\htdocs\ativisoft_1_0\marcial_1_0\partials\_sidebar.php on line 216
[26-Jul-2026 13:26:19 America/Sao_Paulo] PHP Warning:  Undefined array key "c_sidebar" in C:\xampp\htdocs\ativisoft_1_0\marcial_1_0\partials\_sidebar.php on line 219
[26-Jul-2026 13:26:19 America/Sao_Paulo] PHP Warning:  Undefined array key "c_sidebar" in C:\xampp\htdocs\ativisoft_1_0\marcial_1_0\partials\_sidebar.php on line 220
[26-Jul-2026 13:26:19 America/Sao_Paulo] PHP Warning:  Undefined array key "c_sidebar" in C:\xampp\htdocs\ativisoft_1_0\marcial_1_0\partials\_sidebar.php on line 221
[26-Jul-2026 13:26:19 America/Sao_Paulo] PHP Warning:  Undefined array key "c_sidebar" in C:\xampp\htdocs\ativisoft_1_0\marcial_1_0\partials\_sidebar.php on line 234
[26-Jul-2026 13:26:19 America/Sao_Paulo] PHP Warning:  Undefined array key "c_sidebar" in C:\xampp\htdocs\ativisoft_1_0\marcial_1_0\partials\_sidebar.php on line 235
[26-Jul-2026 13:26:19 America/Sao_Paulo] PHP Warning:  Undefined array key "c_sidebar" in C:\xampp\htdocs\ativisoft_1_0\marcial_1_0\partials\_sidebar.php on line 236
[26-Jul-2026 13:26:19 America/Sao_Paulo] PHP Warning:  Undefined array key "c_sidebar" in C:\xampp\htdocs\ativisoft_1_0\marcial_1_0\partials\_sidebar.php on line 245
[26-Jul-2026 13:26:19 America/Sao_Paulo] PHP Warning:  Undefined array key "c_sidebar" in C:\xampp\htdocs\ativisoft_1_0\marcial_1_0\partials\_sidebar.php on line 259
[26-Jul-2026 13:26:19 America/Sao_Paulo] PHP Warning:  Undefined array key "c_sidebar" in C:\xampp\htdocs\ativisoft_1_0\marcial_1_0\partials\_sidebar.php on line 260
[26-Jul-2026 13:26:19 America/Sao_Paulo] PHP Warning:  Undefined array key "c_sidebar" in C:\xampp\htdocs\ativisoft_1_0\marcial_1_0\partials\_sidebar.php on line 261
[26-Jul-2026 13:26:19 America/Sao_Paulo] PHP Warning:  Undefined array key "c_sidebar" in C:\xampp\htdocs\ativisoft_1_0\marcial_1_0\partials\_sidebar.php on line 266
[26-Jul-2026 13:26:19 America/Sao_Paulo] PHP Warning:  Undefined array key "c_sidebar" in C:\xampp\htdocs\ativisoft_1_0\marcial_1_0\partials\_sidebar.php on line 271
[26-Jul-2026 13:26:19 America/Sao_Paulo] PHP Warning:  Undefined array key "c_sidebar" in C:\xampp\htdocs\ativisoft_1_0\marcial_1_0\partials\_sidebar.php on line 272
[26-Jul-2026 13:26:19 America/Sao_Paulo] PHP Warning:  Undefined array key "c_sidebar" in C:\xampp\htdocs\ativisoft_1_0\marcial_1_0\partials\_sidebar.php on line 273
[26-Jul-2026 13:26:19 America/Sao_Paulo] PHP Warning:  Undefined array key "c_sidebar" in C:\xampp\htdocs\ativisoft_1_0\marcial_1_0\partials\_sidebar.php on line 285
[26-Jul-2026 13:26:19 America/Sao_Paulo] PHP Warning:  Undefined array key "c_sidebar" in C:\xampp\htdocs\ativisoft_1_0\marcial_1_0\partials\_sidebar.php on line 285
[26-Jul-2026 13:26:19 America/Sao_Paulo] PHP Warning:  Undefined array key "c_sidebar" in C:\xampp\htdocs\ativisoft_1_0\marcial_1_0\partials\_sidebar.php on line 286
[26-Jul-2026 13:26:20 America/Sao_Paulo] PHP Warning:  Undefined array key "c_sidebar" in C:\xampp\htdocs\ativisoft_1_0\marcial_1_0\partials\_sidebar.php on line 135
[26-Jul-2026 13:26:20 America/Sao_Paulo] PHP Warning:  Undefined array key "c_sidebar" in C:\xampp\htdocs\ativisoft_1_0\marcial_1_0\partials\_sidebar.php on line 206
[26-Jul-2026 13:26:20 America/Sao_Paulo] PHP Warning:  Undefined array key "c_sidebar" in C:\xampp\htdocs\ativisoft_1_0\marcial_1_0\partials\_sidebar.php on line 207
[26-Jul-2026 13:26:20 America/Sao_Paulo] PHP Warning:  Undefined array key "c_sidebar" in C:\xampp\htdocs\ativisoft_1_0\marcial_1_0\partials\_sidebar.php on line 208
[26-Jul-2026 13:26:20 America/Sao_Paulo] PHP Warning:  Undefined array key "c_sidebar" in C:\xampp\htdocs\ativisoft_1_0\marcial_1_0\partials\_sidebar.php on line 214
[26-Jul-2026 13:26:20 America/Sao_Paulo] PHP Warning:  Undefined array key "c_sidebar" in C:\xampp\htdocs\ativisoft_1_0\marcial_1_0\partials\_sidebar.php on line 215
[26-Jul-2026 13:26:20 America/Sao_Paulo] PHP Warning:  Undefined array key "c_sidebar" in C:\xampp\htdocs\ativisoft_1_0\marcial_1_0\partials\_sidebar.php on line 216
[26-Jul-2026 13:26:20 America/Sao_Paulo] PHP Warning:  Undefined array key "c_sidebar" in C:\xampp\htdocs\ativisoft_1_0\marcial_1_0\partials\_sidebar.php on line 219
[26-Jul-2026 13:26:20 America/Sao_Paulo] PHP Warning:  Undefined array key "c_sidebar" in C:\xampp\htdocs\ativisoft_1_0\marcial_1_0\partials\_sidebar.php on line 220
[26-Jul-2026 13:26:20 America/Sao_Paulo] PHP Warning:  Undefined array key "c_sidebar" in C:\xampp\htdocs\ativisoft_1_0\marcial_1_0\partials\_sidebar.php on line 221
[26-Jul-2026 13:26:20 America/Sao_Paulo] PHP Warning:  Undefined array key "c_sidebar" in C:\xampp\htdocs\ativisoft_1_0\marcial_1_0\partials\_sidebar.php on line 234
[26-Jul-2026 13:26:20 America/Sao_Paulo] PHP Warning:  Undefined array key "c_sidebar" in C:\xampp\htdocs\ativisoft_1_0\marcial_1_0\partials\_sidebar.php on line 235
[26-Jul-2026 13:26:20 America/Sao_Paulo] PHP Warning:  Undefined array key "c_sidebar" in C:\xampp\htdocs\ativisoft_1_0\marcial_1_0\partials\_sidebar.php on line 236
[26-Jul-2026 13:26:20 America/Sao_Paulo] PHP Warning:  Undefined array key "c_sidebar" in C:\xampp\htdocs\ativisoft_1_0\marcial_1_0\partials\_sidebar.php on line 245
[26-Jul-2026 13:26:20 America/Sao_Paulo] PHP Warning:  Undefined array key "c_sidebar" in C:\xampp\htdocs\ativisoft_1_0\marcial_1_0\partials\_sidebar.php on line 259
[26-Jul-2026 13:26:20 America/Sao_Paulo] PHP Warning:  Undefined array key "c_sidebar" in C:\xampp\htdocs\ativisoft_1_0\marcial_1_0\partials\_sidebar.php on line 260
[26-Jul-2026 13:26:20 America/Sao_Paulo] PHP Warning:  Undefined array key "c_sidebar" in C:\xampp\htdocs\ativisoft_1_0\marcial_1_0\partials\_sidebar.php on line 261
[26-Jul-2026 13:26:20 America/Sao_Paulo] PHP Warning:  Undefined array key "c_sidebar" in C:\xampp\htdocs\ativisoft_1_0\marcial_1_0\partials\_sidebar.php on line 266
[26-Jul-2026 13:26:20 America/Sao_Paulo] PHP Warning:  Undefined array key "c_sidebar" in C:\xampp\htdocs\ativisoft_1_0\marcial_1_0\partials\_sidebar.php on line 271
[26-Jul-2026 13:26:20 America/Sao_Paulo] PHP Warning:  Undefined array key "c_sidebar" in C:\xampp\htdocs\ativisoft_1_0\marcial_1_0\partials\_sidebar.php on line 272
[26-Jul-2026 13:26:20 America/Sao_Paulo] PHP Warning:  Undefined array key "c_sidebar" in C:\xampp\htdocs\ativisoft_1_0\marcial_1_0\partials\_sidebar.php on line 273
[26-Jul-2026 13:26:20 America/Sao_Paulo] PHP Warning:  Undefined array key "c_sidebar" in C:\xampp\htdocs\ativisoft_1_0\marcial_1_0\partials\_sidebar.php on line 285
[26-Jul-2026 13:26:20 America/Sao_Paulo] PHP Warning:  Undefined array key "c_sidebar" in C:\xampp\htdocs\ativisoft_1_0\marcial_1_0\partials\_sidebar.php on line 285
[26-Jul-2026 13:26:20 America/Sao_Paulo] PHP Warning:  Undefined array key "c_sidebar" in C:\xampp\htdocs\ativisoft_1_0\marcial_1_0\partials\_sidebar.php on line 286
[26-Jul-2026 13:26:20 America/Sao_Paulo] PHP Warning:  Undefined array key "c_sidebar" in C:\xampp\htdocs\ativisoft_1_0\marcial_1_0\partials\_sidebar.php on line 135
[26-Jul-2026 13:26:20 America/Sao_Paulo] PHP Warning:  Undefined array key "c_sidebar" in C:\xampp\htdocs\ativisoft_1_0\marcial_1_0\partials\_sidebar.php on line 206
[26-Jul-2026 13:26:20 America/Sao_Paulo] PHP Warning:  Undefined array key "c_sidebar" in C:\xampp\htdocs\ativisoft_1_0\marcial_1_0\partials\_sidebar.php on line 207
[26-Jul-2026 13:26:20 America/Sao_Paulo] PHP Warning:  Undefined array key "c_sidebar" in C:\xampp\htdocs\ativisoft_1_0\marcial_1_0\partials\_sidebar.php on line 208
[26-Jul-2026 13:26:20 America/Sao_Paulo] PHP Warning:  Undefined array key "c_sidebar" in C:\xampp\htdocs\ativisoft_1_0\marcial_1_0\partials\_sidebar.php on line 214
[26-Jul-2026 13:26:20 America/Sao_Paulo] PHP Warning:  Undefined array key "c_sidebar" in C:\xampp\htdocs\ativisoft_1_0\marcial_1_0\partials\_sidebar.php on line 215
[26-Jul-2026 13:26:20 America/Sao_Paulo] PHP Warning:  Undefined array key "c_sidebar" in C:\xampp\htdocs\ativisoft_1_0\marcial_1_0\partials\_sidebar.php on line 216
[26-Jul-2026 13:26:20 America/Sao_Paulo] PHP Warning:  Undefined array key "c_sidebar" in C:\xampp\htdocs\ativisoft_1_0\marcial_1_0\partials\_sidebar.php on line 219
[26-Jul-2026 13:26:20 America/Sao_Paulo] PHP Warning:  Undefined array key "c_sidebar" in C:\xampp\htdocs\ativisoft_1_0\marcial_1_0\partials\_sidebar.php on line 220
[26-Jul-2026 13:26:20 America/Sao_Paulo] PHP Warning:  Undefined array key "c_sidebar" in C:\xampp\htdocs\ativisoft_1_0\marcial_1_0\partials\_sidebar.php on line 221
[26-Jul-2026 13:26:20 America/Sao_Paulo] PHP Warning:  Undefined array key "c_sidebar" in C:\xampp\htdocs\ativisoft_1_0\marcial_1_0\partials\_sidebar.php on line 234
[26-Jul-2026 13:26:20 America/Sao_Paulo] PHP Warning:  Undefined array key "c_sidebar" in C:\xampp\htdocs\ativisoft_1_0\marcial_1_0\partials\_sidebar.php on line 235
[26-Jul-2026 13:26:20 America/Sao_Paulo] PHP Warning:  Undefined array key "c_sidebar" in C:\xampp\htdocs\ativisoft_1_0\marcial_1_0\partials\_sidebar.php on line 236
[26-Jul-2026 13:26:20 America/Sao_Paulo] PHP Warning:  Undefined array key "c_sidebar" in C:\xampp\htdocs\ativisoft_1_0\marcial_1_0\partials\_sidebar.php on line 245
[26-Jul-2026 13:26:20 America/Sao_Paulo] PHP Warning:  Undefined array key "c_sidebar" in C:\xampp\htdocs\ativisoft_1_0\marcial_1_0\partials\_sidebar.php on line 259
[26-Jul-2026 13:26:20 America/Sao_Paulo] PHP Warning:  Undefined array key "c_sidebar" in C:\xampp\htdocs\ativisoft_1_0\marcial_1_0\partials\_sidebar.php on line 260
[26-Jul-2026 13:26:20 America/Sao_Paulo] PHP Warning:  Undefined array key "c_sidebar" in C:\xampp\htdocs\ativisoft_1_0\marcial_1_0\partials\_sidebar.php on line 261
[26-Jul-2026 13:26:20 America/Sao_Paulo] PHP Warning:  Undefined array key "c_sidebar" in C:\xampp\htdocs\ativisoft_1_0\marcial_1_0\partials\_sidebar.php on line 266
[26-Jul-2026 13:26:20 America/Sao_Paulo] PHP Warning:  Undefined array key "c_sidebar" in C:\xampp\htdocs\ativisoft_1_0\marcial_1_0\partials\_sidebar.php on line 271
[26-Jul-2026 13:26:20 America/Sao_Paulo] PHP Warning:  Undefined array key "c_sidebar" in C:\xampp\htdocs\ativisoft_1_0\marcial_1_0\partials\_sidebar.php on line 272
[26-Jul-2026 13:26:20 America/Sao_Paulo] PHP Warning:  Undefined array key "c_sidebar" in C:\xampp\htdocs\ativisoft_1_0\marcial_1_0\partials\_sidebar.php on line 273
[26-Jul-2026 13:26:20 America/Sao_Paulo] PHP Warning:  Undefined array key "c_sidebar" in C:\xampp\htdocs\ativisoft_1_0\marcial_1_0\partials\_sidebar.php on line 285
[26-Jul-2026 13:26:20 America/Sao_Paulo] PHP Warning:  Undefined array key "c_sidebar" in C:\xampp\htdocs\ativisoft_1_0\marcial_1_0\partials\_sidebar.php on line 285
[26-Jul-2026 13:26:20 America/Sao_Paulo] PHP Warning:  Undefined array key "c_sidebar" in C:\xampp\htdocs\ativisoft_1_0\marcial_1_0\partials\_sidebar.php on line 286
[26-Jul-2026 14:04:50 America/Sao_Paulo] PHP Warning:  Undefined array key "c_sidebar" in C:\xampp\htdocs\ativisoft_1_0\marcial_1_0\partials\_sidebar.php on line 135
[26-Jul-2026 14:04:50 America/Sao_Paulo] PHP Warning:  Undefined array key "c_sidebar" in C:\xampp\htdocs\ativisoft_1_0\marcial_1_0\partials\_sidebar.php on line 206
[26-Jul-2026 14:04:50 America/Sao_Paulo] PHP Warning:  Undefined array key "c_sidebar" in C:\xampp\htdocs\ativisoft_1_0\marcial_1_0\partials\_sidebar.php on line 207
[26-Jul-2026 14:04:50 America/Sao_Paulo] PHP Warning:  Undefined array key "c_sidebar" in C:\xampp\htdocs\ativisoft_1_0\marcial_1_0\partials\_sidebar.php on line 208
[26-Jul-2026 14:04:50 America/Sao_Paulo] PHP Warning:  Undefined array key "c_sidebar" in C:\xampp\htdocs\ativisoft_1_0\marcial_1_0\partials\_sidebar.php on line 214
[26-Jul-2026 14:04:50 America/Sao_Paulo] PHP Warning:  Undefined array key "c_sidebar" in C:\xampp\htdocs\ativisoft_1_0\marcial_1_0\partials\_sidebar.php on line 215
[26-Jul-2026 14:04:50 America/Sao_Paulo] PHP Warning:  Undefined array key "c_sidebar" in C:\xampp\htdocs\ativisoft_1_0\marcial_1_0\partials\_sidebar.php on line 216
[26-Jul-2026 14:04:50 America/Sao_Paulo] PHP Warning:  Undefined array key "c_sidebar" in C:\xampp\htdocs\ativisoft_1_0\marcial_1_0\partials\_sidebar.php on line 219
[26-Jul-2026 14:04:50 America/Sao_Paulo] PHP Warning:  Undefined array key "c_sidebar" in C:\xampp\htdocs\ativisoft_1_0\marcial_1_0\partials\_sidebar.php on line 220
[26-Jul-2026 14:04:50 America/Sao_Paulo] PHP Warning:  Undefined array key "c_sidebar" in C:\xampp\htdocs\ativisoft_1_0\marcial_1_0\partials\_sidebar.php on line 221
[26-Jul-2026 14:04:50 America/Sao_Paulo] PHP Warning:  Undefined array key "c_sidebar" in C:\xampp\htdocs\ativisoft_1_0\marcial_1_0\partials\_sidebar.php on line 234
[26-Jul-2026 14:04:50 America/Sao_Paulo] PHP Warning:  Undefined array key "c_sidebar" in C:\xampp\htdocs\ativisoft_1_0\marcial_1_0\partials\_sidebar.php on line 235
[26-Jul-2026 14:04:50 America/Sao_Paulo] PHP Warning:  Undefined array key "c_sidebar" in C:\xampp\htdocs\ativisoft_1_0\marcial_1_0\partials\_sidebar.php on line 236
[26-Jul-2026 14:04:50 America/Sao_Paulo] PHP Warning:  Undefined array key "c_sidebar" in C:\xampp\htdocs\ativisoft_1_0\marcial_1_0\partials\_sidebar.php on line 245
[26-Jul-2026 14:04:50 America/Sao_Paulo] PHP Warning:  Undefined array key "c_sidebar" in C:\xampp\htdocs\ativisoft_1_0\marcial_1_0\partials\_sidebar.php on line 259
[26-Jul-2026 14:04:50 America/Sao_Paulo] PHP Warning:  Undefined array key "c_sidebar" in C:\xampp\htdocs\ativisoft_1_0\marcial_1_0\partials\_sidebar.php on line 260
[26-Jul-2026 14:04:50 America/Sao_Paulo] PHP Warning:  Undefined array key "c_sidebar" in C:\xampp\htdocs\ativisoft_1_0\marcial_1_0\partials\_sidebar.php on line 261
[26-Jul-2026 14:04:50 America/Sao_Paulo] PHP Warning:  Undefined array key "c_sidebar" in C:\xampp\htdocs\ativisoft_1_0\marcial_1_0\partials\_sidebar.php on line 266
[26-Jul-2026 14:04:50 America/Sao_Paulo] PHP Warning:  Undefined array key "c_sidebar" in C:\xampp\htdocs\ativisoft_1_0\marcial_1_0\partials\_sidebar.php on line 271
[26-Jul-2026 14:04:50 America/Sao_Paulo] PHP Warning:  Undefined array key "c_sidebar" in C:\xampp\htdocs\ativisoft_1_0\marcial_1_0\partials\_sidebar.php on line 272
[26-Jul-2026 14:04:50 America/Sao_Paulo] PHP Warning:  Undefined array key "c_sidebar" in C:\xampp\htdocs\ativisoft_1_0\marcial_1_0\partials\_sidebar.php on line 273
[26-Jul-2026 14:04:50 America/Sao_Paulo] PHP Warning:  Undefined array key "c_sidebar" in C:\xampp\htdocs\ativisoft_1_0\marcial_1_0\partials\_sidebar.php on line 285
[26-Jul-2026 14:04:50 America/Sao_Paulo] PHP Warning:  Undefined array key "c_sidebar" in C:\xampp\htdocs\ativisoft_1_0\marcial_1_0\partials\_sidebar.php on line 285
[26-Jul-2026 14:04:50 America/Sao_Paulo] PHP Warning:  Undefined array key "c_sidebar" in C:\xampp\htdocs\ativisoft_1_0\marcial_1_0\partials\_sidebar.php on line 286
[26-Jul-2026 14:04:51 America/Sao_Paulo] PHP Warning:  Undefined array key "c_sidebar" in C:\xampp\htdocs\ativisoft_1_0\marcial_1_0\partials\_sidebar.php on line 135
[26-Jul-2026 14:04:51 America/Sao_Paulo] PHP Warning:  Undefined array key "c_sidebar" in C:\xampp\htdocs\ativisoft_1_0\marcial_1_0\partials\_sidebar.php on line 206
[26-Jul-2026 14:04:51 America/Sao_Paulo] PHP Warning:  Undefined array key "c_sidebar" in C:\xampp\htdocs\ativisoft_1_0\marcial_1_0\partials\_sidebar.php on line 207
[26-Jul-2026 14:04:51 America/Sao_Paulo] PHP Warning:  Undefined array key "c_sidebar" in C:\xampp\htdocs\ativisoft_1_0\marcial_1_0\partials\_sidebar.php on line 208
[26-Jul-2026 14:04:51 America/Sao_Paulo] PHP Warning:  Undefined array key "c_sidebar" in C:\xampp\htdocs\ativisoft_1_0\marcial_1_0\partials\_sidebar.php on line 214
[26-Jul-2026 14:04:51 America/Sao_Paulo] PHP Warning:  Undefined array key "c_sidebar" in C:\xampp\htdocs\ativisoft_1_0\marcial_1_0\partials\_sidebar.php on line 215
[26-Jul-2026 14:04:51 America/Sao_Paulo] PHP Warning:  Undefined array key "c_sidebar" in C:\xampp\htdocs\ativisoft_1_0\marcial_1_0\partials\_sidebar.php on line 216
[26-Jul-2026 14:04:51 America/Sao_Paulo] PHP Warning:  Undefined array key "c_sidebar" in C:\xampp\htdocs\ativisoft_1_0\marcial_1_0\partials\_sidebar.php on line 219
[26-Jul-2026 14:04:51 America/Sao_Paulo] PHP Warning:  Undefined array key "c_sidebar" in C:\xampp\htdocs\ativisoft_1_0\marcial_1_0\partials\_sidebar.php on line 220
[26-Jul-2026 14:04:51 America/Sao_Paulo] PHP Warning:  Undefined array key "c_sidebar" in C:\xampp\htdocs\ativisoft_1_0\marcial_1_0\partials\_sidebar.php on line 221
[26-Jul-2026 14:04:51 America/Sao_Paulo] PHP Warning:  Undefined array key "c_sidebar" in C:\xampp\htdocs\ativisoft_1_0\marcial_1_0\partials\_sidebar.php on line 234
[26-Jul-2026 14:04:51 America/Sao_Paulo] PHP Warning:  Undefined array key "c_sidebar" in C:\xampp\htdocs\ativisoft_1_0\marcial_1_0\partials\_sidebar.php on line 235
[26-Jul-2026 14:04:51 America/Sao_Paulo] PHP Warning:  Undefined array key "c_sidebar" in C:\xampp\htdocs\ativisoft_1_0\marcial_1_0\partials\_sidebar.php on line 236
[26-Jul-2026 14:04:51 America/Sao_Paulo] PHP Warning:  Undefined array key "c_sidebar" in C:\xampp\htdocs\ativisoft_1_0\marcial_1_0\partials\_sidebar.php on line 245
[26-Jul-2026 14:04:51 America/Sao_Paulo] PHP Warning:  Undefined array key "c_sidebar" in C:\xampp\htdocs\ativisoft_1_0\marcial_1_0\partials\_sidebar.php on line 259
[26-Jul-2026 14:04:51 America/Sao_Paulo] PHP Warning:  Undefined array key "c_sidebar" in C:\xampp\htdocs\ativisoft_1_0\marcial_1_0\partials\_sidebar.php on line 260
[26-Jul-2026 14:04:51 America/Sao_Paulo] PHP Warning:  Undefined array key "c_sidebar" in C:\xampp\htdocs\ativisoft_1_0\marcial_1_0\partials\_sidebar.php on line 261
[26-Jul-2026 14:04:51 America/Sao_Paulo] PHP Warning:  Undefined array key "c_sidebar" in C:\xampp\htdocs\ativisoft_1_0\marcial_1_0\partials\_sidebar.php on line 266
[26-Jul-2026 14:04:51 America/Sao_Paulo] PHP Warning:  Undefined array key "c_sidebar" in C:\xampp\htdocs\ativisoft_1_0\marcial_1_0\partials\_sidebar.php on line 271
[26-Jul-2026 14:04:51 America/Sao_Paulo] PHP Warning:  Undefined array key "c_sidebar" in C:\xampp\htdocs\ativisoft_1_0\marcial_1_0\partials\_sidebar.php on line 272
[26-Jul-2026 14:04:51 America/Sao_Paulo] PHP Warning:  Undefined array key "c_sidebar" in C:\xampp\htdocs\ativisoft_1_0\marcial_1_0\partials\_sidebar.php on line 273
[26-Jul-2026 14:04:51 America/Sao_Paulo] PHP Warning:  Undefined array key "c_sidebar" in C:\xampp\htdocs\ativisoft_1_0\marcial_1_0\partials\_sidebar.php on line 285
[26-Jul-2026 14:04:51 America/Sao_Paulo] PHP Warning:  Undefined array key "c_sidebar" in C:\xampp\htdocs\ativisoft_1_0\marcial_1_0\partials\_sidebar.php on line 285
[26-Jul-2026 14:04:51 America/Sao_Paulo] PHP Warning:  Undefined array key "c_sidebar" in C:\xampp\htdocs\ativisoft_1_0\marcial_1_0\partials\_sidebar.php on line 286
[26-Jul-2026 14:05:09 America/Sao_Paulo] PHP Warning:  Undefined array key "c_sidebar" in C:\xampp\htdocs\ativisoft_1_0\marcial_1_0\partials\_sidebar.php on line 135
[26-Jul-2026 14:05:09 America/Sao_Paulo] PHP Warning:  Undefined array key "c_sidebar" in C:\xampp\htdocs\ativisoft_1_0\marcial_1_0\partials\_sidebar.php on line 206
[26-Jul-2026 14:05:09 America/Sao_Paulo] PHP Warning:  Undefined array key "c_sidebar" in C:\xampp\htdocs\ativisoft_1_0\marcial_1_0\partials\_sidebar.php on line 207
[26-Jul-2026 14:05:09 America/Sao_Paulo] PHP Warning:  Undefined array key "c_sidebar" in C:\xampp\htdocs\ativisoft_1_0\marcial_1_0\partials\_sidebar.php on line 208
[26-Jul-2026 14:05:09 America/Sao_Paulo] PHP Warning:  Undefined array key "c_sidebar" in C:\xampp\htdocs\ativisoft_1_0\marcial_1_0\partials\_sidebar.php on line 214
[26-Jul-2026 14:05:09 America/Sao_Paulo] PHP Warning:  Undefined array key "c_sidebar" in C:\xampp\htdocs\ativisoft_1_0\marcial_1_0\partials\_sidebar.php on line 215
[26-Jul-2026 14:05:09 America/Sao_Paulo] PHP Warning:  Undefined array key "c_sidebar" in C:\xampp\htdocs\ativisoft_1_0\marcial_1_0\partials\_sidebar.php on line 216
[26-Jul-2026 14:05:09 America/Sao_Paulo] PHP Warning:  Undefined array key "c_sidebar" in C:\xampp\htdocs\ativisoft_1_0\marcial_1_0\partials\_sidebar.php on line 219
[26-Jul-2026 14:05:09 America/Sao_Paulo] PHP Warning:  Undefined array key "c_sidebar" in C:\xampp\htdocs\ativisoft_1_0\marcial_1_0\partials\_sidebar.php on line 220
[26-Jul-2026 14:05:09 America/Sao_Paulo] PHP Warning:  Undefined array key "c_sidebar" in C:\xampp\htdocs\ativisoft_1_0\marcial_1_0\partials\_sidebar.php on line 221
[26-Jul-2026 14:05:09 America/Sao_Paulo] PHP Warning:  Undefined array key "c_sidebar" in C:\xampp\htdocs\ativisoft_1_0\marcial_1_0\partials\_sidebar.php on line 234
[26-Jul-2026 14:05:09 America/Sao_Paulo] PHP Warning:  Undefined array key "c_sidebar" in C:\xampp\htdocs\ativisoft_1_0\marcial_1_0\partials\_sidebar.php on line 235
[26-Jul-2026 14:05:09 America/Sao_Paulo] PHP Warning:  Undefined array key "c_sidebar" in C:\xampp\htdocs\ativisoft_1_0\marcial_1_0\partials\_sidebar.php on line 236
[26-Jul-2026 14:05:09 America/Sao_Paulo] PHP Warning:  Undefined array key "c_sidebar" in C:\xampp\htdocs\ativisoft_1_0\marcial_1_0\partials\_sidebar.php on line 245
[26-Jul-2026 14:05:09 America/Sao_Paulo] PHP Warning:  Undefined array key "c_sidebar" in C:\xampp\htdocs\ativisoft_1_0\marcial_1_0\partials\_sidebar.php on line 259
[26-Jul-2026 14:05:09 America/Sao_Paulo] PHP Warning:  Undefined array key "c_sidebar" in C:\xampp\htdocs\ativisoft_1_0\marcial_1_0\partials\_sidebar.php on line 260
[26-Jul-2026 14:05:09 America/Sao_Paulo] PHP Warning:  Undefined array key "c_sidebar" in C:\xampp\htdocs\ativisoft_1_0\marcial_1_0\partials\_sidebar.php on line 261
[26-Jul-2026 14:05:09 America/Sao_Paulo] PHP Warning:  Undefined array key "c_sidebar" in C:\xampp\htdocs\ativisoft_1_0\marcial_1_0\partials\_sidebar.php on line 266
[26-Jul-2026 14:05:09 America/Sao_Paulo] PHP Warning:  Undefined array key "c_sidebar" in C:\xampp\htdocs\ativisoft_1_0\marcial_1_0\partials\_sidebar.php on line 271
[26-Jul-2026 14:05:09 America/Sao_Paulo] PHP Warning:  Undefined array key "c_sidebar" in C:\xampp\htdocs\ativisoft_1_0\marcial_1_0\partials\_sidebar.php on line 272
[26-Jul-2026 14:05:09 America/Sao_Paulo] PHP Warning:  Undefined array key "c_sidebar" in C:\xampp\htdocs\ativisoft_1_0\marcial_1_0\partials\_sidebar.php on line 273
[26-Jul-2026 14:05:09 America/Sao_Paulo] PHP Warning:  Undefined array key "c_sidebar" in C:\xampp\htdocs\ativisoft_1_0\marcial_1_0\partials\_sidebar.php on line 285
[26-Jul-2026 14:05:09 America/Sao_Paulo] PHP Warning:  Undefined array key "c_sidebar" in C:\xampp\htdocs\ativisoft_1_0\marcial_1_0\partials\_sidebar.php on line 285
[26-Jul-2026 14:05:09 America/Sao_Paulo] PHP Warning:  Undefined array key "c_sidebar" in C:\xampp\htdocs\ativisoft_1_0\marcial_1_0\partials\_sidebar.php on line 286
[26-Jul-2026 15:18:23 America/Sao_Paulo] PHP Warning:  Undefined array key "c_sidebar" in C:\xampp\htdocs\ativisoft_1_0\marcial_1_0\partials\_sidebar.php on line 135
[26-Jul-2026 15:18:23 America/Sao_Paulo] PHP Warning:  Undefined array key "c_sidebar" in C:\xampp\htdocs\ativisoft_1_0\marcial_1_0\partials\_sidebar.php on line 206
[26-Jul-2026 15:18:23 America/Sao_Paulo] PHP Warning:  Undefined array key "c_sidebar" in C:\xampp\htdocs\ativisoft_1_0\marcial_1_0\partials\_sidebar.php on line 207
[26-Jul-2026 15:18:23 America/Sao_Paulo] PHP Warning:  Undefined array key "c_sidebar" in C:\xampp\htdocs\ativisoft_1_0\marcial_1_0\partials\_sidebar.php on line 208
[26-Jul-2026 15:18:23 America/Sao_Paulo] PHP Warning:  Undefined array key "c_sidebar" in C:\xampp\htdocs\ativisoft_1_0\marcial_1_0\partials\_sidebar.php on line 214
[26-Jul-2026 15:18:23 America/Sao_Paulo] PHP Warning:  Undefined array key "c_sidebar" in C:\xampp\htdocs\ativisoft_1_0\marcial_1_0\partials\_sidebar.php on line 215
[26-Jul-2026 15:18:23 America/Sao_Paulo] PHP Warning:  Undefined array key "c_sidebar" in C:\xampp\htdocs\ativisoft_1_0\marcial_1_0\partials\_sidebar.php on line 216
[26-Jul-2026 15:18:23 America/Sao_Paulo] PHP Warning:  Undefined array key "c_sidebar" in C:\xampp\htdocs\ativisoft_1_0\marcial_1_0\partials\_sidebar.php on line 219
[26-Jul-2026 15:18:23 America/Sao_Paulo] PHP Warning:  Undefined array key "c_sidebar" in C:\xampp\htdocs\ativisoft_1_0\marcial_1_0\partials\_sidebar.php on line 220
[26-Jul-2026 15:18:23 America/Sao_Paulo] PHP Warning:  Undefined array key "c_sidebar" in C:\xampp\htdocs\ativisoft_1_0\marcial_1_0\partials\_sidebar.php on line 221
[26-Jul-2026 15:18:23 America/Sao_Paulo] PHP Warning:  Undefined array key "c_sidebar" in C:\xampp\htdocs\ativisoft_1_0\marcial_1_0\partials\_sidebar.php on line 234
[26-Jul-2026 15:18:23 America/Sao_Paulo] PHP Warning:  Undefined array key "c_sidebar" in C:\xampp\htdocs\ativisoft_1_0\marcial_1_0\partials\_sidebar.php on line 235
[26-Jul-2026 15:18:23 America/Sao_Paulo] PHP Warning:  Undefined array key "c_sidebar" in C:\xampp\htdocs\ativisoft_1_0\marcial_1_0\partials\_sidebar.php on line 236
[26-Jul-2026 15:18:23 America/Sao_Paulo] PHP Warning:  Undefined array key "c_sidebar" in C:\xampp\htdocs\ativisoft_1_0\marcial_1_0\partials\_sidebar.php on line 245
[26-Jul-2026 15:18:23 America/Sao_Paulo] PHP Warning:  Undefined array key "c_sidebar" in C:\xampp\htdocs\ativisoft_1_0\marcial_1_0\partials\_sidebar.php on line 259
[26-Jul-2026 15:18:23 America/Sao_Paulo] PHP Warning:  Undefined array key "c_sidebar" in C:\xampp\htdocs\ativisoft_1_0\marcial_1_0\partials\_sidebar.php on line 260
[26-Jul-2026 15:18:23 America/Sao_Paulo] PHP Warning:  Undefined array key "c_sidebar" in C:\xampp\htdocs\ativisoft_1_0\marcial_1_0\partials\_sidebar.php on line 261
[26-Jul-2026 15:18:23 America/Sao_Paulo] PHP Warning:  Undefined array key "c_sidebar" in C:\xampp\htdocs\ativisoft_1_0\marcial_1_0\partials\_sidebar.php on line 266
[26-Jul-2026 15:18:23 America/Sao_Paulo] PHP Warning:  Undefined array key "c_sidebar" in C:\xampp\htdocs\ativisoft_1_0\marcial_1_0\partials\_sidebar.php on line 271
[26-Jul-2026 15:18:23 America/Sao_Paulo] PHP Warning:  Undefined array key "c_sidebar" in C:\xampp\htdocs\ativisoft_1_0\marcial_1_0\partials\_sidebar.php on line 272
[26-Jul-2026 15:18:23 America/Sao_Paulo] PHP Warning:  Undefined array key "c_sidebar" in C:\xampp\htdocs\ativisoft_1_0\marcial_1_0\partials\_sidebar.php on line 273
[26-Jul-2026 15:18:23 America/Sao_Paulo] PHP Warning:  Undefined array key "c_sidebar" in C:\xampp\htdocs\ativisoft_1_0\marcial_1_0\partials\_sidebar.php on line 285
[26-Jul-2026 15:18:23 America/Sao_Paulo] PHP Warning:  Undefined array key "c_sidebar" in C:\xampp\htdocs\ativisoft_1_0\marcial_1_0\partials\_sidebar.php on line 285
[26-Jul-2026 15:18:23 America/Sao_Paulo] PHP Warning:  Undefined array key "c_sidebar" in C:\xampp\htdocs\ativisoft_1_0\marcial_1_0\partials\_sidebar.php on line 286
[26-Jul-2026 15:20:03 America/Sao_Paulo] PHP Warning:  Undefined array key "c_sidebar" in C:\xampp\htdocs\ativisoft_1_0\marcial_1_0\partials\_sidebar.php on line 135
[26-Jul-2026 15:20:03 America/Sao_Paulo] PHP Warning:  Undefined array key "c_sidebar" in C:\xampp\htdocs\ativisoft_1_0\marcial_1_0\partials\_sidebar.php on line 206
[26-Jul-2026 15:20:03 America/Sao_Paulo] PHP Warning:  Undefined array key "c_sidebar" in C:\xampp\htdocs\ativisoft_1_0\marcial_1_0\partials\_sidebar.php on line 207
[26-Jul-2026 15:20:03 America/Sao_Paulo] PHP Warning:  Undefined array key "c_sidebar" in C:\xampp\htdocs\ativisoft_1_0\marcial_1_0\partials\_sidebar.php on line 208
[26-Jul-2026 15:20:03 America/Sao_Paulo] PHP Warning:  Undefined array key "c_sidebar" in C:\xampp\htdocs\ativisoft_1_0\marcial_1_0\partials\_sidebar.php on line 214
[26-Jul-2026 15:20:03 America/Sao_Paulo] PHP Warning:  Undefined array key "c_sidebar" in C:\xampp\htdocs\ativisoft_1_0\marcial_1_0\partials\_sidebar.php on line 215
[26-Jul-2026 15:20:03 America/Sao_Paulo] PHP Warning:  Undefined array key "c_sidebar" in C:\xampp\htdocs\ativisoft_1_0\marcial_1_0\partials\_sidebar.php on line 216
[26-Jul-2026 15:20:03 America/Sao_Paulo] PHP Warning:  Undefined array key "c_sidebar" in C:\xampp\htdocs\ativisoft_1_0\marcial_1_0\partials\_sidebar.php on line 219
[26-Jul-2026 15:20:03 America/Sao_Paulo] PHP Warning:  Undefined array key "c_sidebar" in C:\xampp\htdocs\ativisoft_1_0\marcial_1_0\partials\_sidebar.php on line 220
[26-Jul-2026 15:20:03 America/Sao_Paulo] PHP Warning:  Undefined array key "c_sidebar" in C:\xampp\htdocs\ativisoft_1_0\marcial_1_0\partials\_sidebar.php on line 221
[26-Jul-2026 15:20:03 America/Sao_Paulo] PHP Warning:  Undefined array key "c_sidebar" in C:\xampp\htdocs\ativisoft_1_0\marcial_1_0\partials\_sidebar.php on line 234
[26-Jul-2026 15:20:03 America/Sao_Paulo] PHP Warning:  Undefined array key "c_sidebar" in C:\xampp\htdocs\ativisoft_1_0\marcial_1_0\partials\_sidebar.php on line 235
[26-Jul-2026 15:20:03 America/Sao_Paulo] PHP Warning:  Undefined array key "c_sidebar" in C:\xampp\htdocs\ativisoft_1_0\marcial_1_0\partials\_sidebar.php on line 236
[26-Jul-2026 15:20:03 America/Sao_Paulo] PHP Warning:  Undefined array key "c_sidebar" in C:\xampp\htdocs\ativisoft_1_0\marcial_1_0\partials\_sidebar.php on line 245
[26-Jul-2026 15:20:03 America/Sao_Paulo] PHP Warning:  Undefined array key "c_sidebar" in C:\xampp\htdocs\ativisoft_1_0\marcial_1_0\partials\_sidebar.php on line 259
[26-Jul-2026 15:20:03 America/Sao_Paulo] PHP Warning:  Undefined array key "c_sidebar" in C:\xampp\htdocs\ativisoft_1_0\marcial_1_0\partials\_sidebar.php on line 260
[26-Jul-2026 15:20:03 America/Sao_Paulo] PHP Warning:  Undefined array key "c_sidebar" in C:\xampp\htdocs\ativisoft_1_0\marcial_1_0\partials\_sidebar.php on line 261
[26-Jul-2026 15:20:03 America/Sao_Paulo] PHP Warning:  Undefined array key "c_sidebar" in C:\xampp\htdocs\ativisoft_1_0\marcial_1_0\partials\_sidebar.php on line 266
[26-Jul-2026 15:20:03 America/Sao_Paulo] PHP Warning:  Undefined array key "c_sidebar" in C:\xampp\htdocs\ativisoft_1_0\marcial_1_0\partials\_sidebar.php on line 271
[26-Jul-2026 15:20:03 America/Sao_Paulo] PHP Warning:  Undefined array key "c_sidebar" in C:\xampp\htdocs\ativisoft_1_0\marcial_1_0\partials\_sidebar.php on line 272
[26-Jul-2026 15:20:03 America/Sao_Paulo] PHP Warning:  Undefined array key "c_sidebar" in C:\xampp\htdocs\ativisoft_1_0\marcial_1_0\partials\_sidebar.php on line 273
[26-Jul-2026 15:20:03 America/Sao_Paulo] PHP Warning:  Undefined array key "c_sidebar" in C:\xampp\htdocs\ativisoft_1_0\marcial_1_0\partials\_sidebar.php on line 285
[26-Jul-2026 15:20:03 America/Sao_Paulo] PHP Warning:  Undefined array key "c_sidebar" in C:\xampp\htdocs\ativisoft_1_0\marcial_1_0\partials\_sidebar.php on line 285
[26-Jul-2026 15:20:03 America/Sao_Paulo] PHP Warning:  Undefined array key "c_sidebar" in C:\xampp\htdocs\ativisoft_1_0\marcial_1_0\partials\_sidebar.php on line 286
[26-Jul-2026 15:20:37 America/Sao_Paulo] PHP Warning:  Undefined array key "c_sidebar" in C:\xampp\htdocs\ativisoft_1_0\marcial_1_0\partials\_sidebar.php on line 135
[26-Jul-2026 15:20:37 America/Sao_Paulo] PHP Warning:  Undefined array key "c_sidebar" in C:\xampp\htdocs\ativisoft_1_0\marcial_1_0\partials\_sidebar.php on line 206
[26-Jul-2026 15:20:37 America/Sao_Paulo] PHP Warning:  Undefined array key "c_sidebar" in C:\xampp\htdocs\ativisoft_1_0\marcial_1_0\partials\_sidebar.php on line 207
[26-Jul-2026 15:20:37 America/Sao_Paulo] PHP Warning:  Undefined array key "c_sidebar" in C:\xampp\htdocs\ativisoft_1_0\marcial_1_0\partials\_sidebar.php on line 208
[26-Jul-2026 15:20:37 America/Sao_Paulo] PHP Warning:  Undefined array key "c_sidebar" in C:\xampp\htdocs\ativisoft_1_0\marcial_1_0\partials\_sidebar.php on line 214
[26-Jul-2026 15:20:37 America/Sao_Paulo] PHP Warning:  Undefined array key "c_sidebar" in C:\xampp\htdocs\ativisoft_1_0\marcial_1_0\partials\_sidebar.php on line 215
[26-Jul-2026 15:20:37 America/Sao_Paulo] PHP Warning:  Undefined array key "c_sidebar" in C:\xampp\htdocs\ativisoft_1_0\marcial_1_0\partials\_sidebar.php on line 216
[26-Jul-2026 15:20:37 America/Sao_Paulo] PHP Warning:  Undefined array key "c_sidebar" in C:\xampp\htdocs\ativisoft_1_0\marcial_1_0\partials\_sidebar.php on line 219
[26-Jul-2026 15:20:37 America/Sao_Paulo] PHP Warning:  Undefined array key "c_sidebar" in C:\xampp\htdocs\ativisoft_1_0\marcial_1_0\partials\_sidebar.php on line 220
[26-Jul-2026 15:20:37 America/Sao_Paulo] PHP Warning:  Undefined array key "c_sidebar" in C:\xampp\htdocs\ativisoft_1_0\marcial_1_0\partials\_sidebar.php on line 221
[26-Jul-2026 15:20:37 America/Sao_Paulo] PHP Warning:  Undefined array key "c_sidebar" in C:\xampp\htdocs\ativisoft_1_0\marcial_1_0\partials\_sidebar.php on line 234
[26-Jul-2026 15:20:37 America/Sao_Paulo] PHP Warning:  Undefined array key "c_sidebar" in C:\xampp\htdocs\ativisoft_1_0\marcial_1_0\partials\_sidebar.php on line 235
[26-Jul-2026 15:20:37 America/Sao_Paulo] PHP Warning:  Undefined array key "c_sidebar" in C:\xampp\htdocs\ativisoft_1_0\marcial_1_0\partials\_sidebar.php on line 236
[26-Jul-2026 15:20:37 America/Sao_Paulo] PHP Warning:  Undefined array key "c_sidebar" in C:\xampp\htdocs\ativisoft_1_0\marcial_1_0\partials\_sidebar.php on line 245
[26-Jul-2026 15:20:37 America/Sao_Paulo] PHP Warning:  Undefined array key "c_sidebar" in C:\xampp\htdocs\ativisoft_1_0\marcial_1_0\partials\_sidebar.php on line 259
[26-Jul-2026 15:20:37 America/Sao_Paulo] PHP Warning:  Undefined array key "c_sidebar" in C:\xampp\htdocs\ativisoft_1_0\marcial_1_0\partials\_sidebar.php on line 260
[26-Jul-2026 15:20:37 America/Sao_Paulo] PHP Warning:  Undefined array key "c_sidebar" in C:\xampp\htdocs\ativisoft_1_0\marcial_1_0\partials\_sidebar.php on line 261
[26-Jul-2026 15:20:37 America/Sao_Paulo] PHP Warning:  Undefined array key "c_sidebar" in C:\xampp\htdocs\ativisoft_1_0\marcial_1_0\partials\_sidebar.php on line 266
[26-Jul-2026 15:20:37 America/Sao_Paulo] PHP Warning:  Undefined array key "c_sidebar" in C:\xampp\htdocs\ativisoft_1_0\marcial_1_0\partials\_sidebar.php on line 271
[26-Jul-2026 15:20:37 America/Sao_Paulo] PHP Warning:  Undefined array key "c_sidebar" in C:\xampp\htdocs\ativisoft_1_0\marcial_1_0\partials\_sidebar.php on line 272
[26-Jul-2026 15:20:37 America/Sao_Paulo] PHP Warning:  Undefined array key "c_sidebar" in C:\xampp\htdocs\ativisoft_1_0\marcial_1_0\partials\_sidebar.php on line 273
[26-Jul-2026 15:20:37 America/Sao_Paulo] PHP Warning:  Undefined array key "c_sidebar" in C:\xampp\htdocs\ativisoft_1_0\marcial_1_0\partials\_sidebar.php on line 285
[26-Jul-2026 15:20:37 America/Sao_Paulo] PHP Warning:  Undefined array key "c_sidebar" in C:\xampp\htdocs\ativisoft_1_0\marcial_1_0\partials\_sidebar.php on line 285
[26-Jul-2026 15:20:37 America/Sao_Paulo] PHP Warning:  Undefined array key "c_sidebar" in C:\xampp\htdocs\ativisoft_1_0\marcial_1_0\partials\_sidebar.php on line 286
[26-Jul-2026 15:21:08 America/Sao_Paulo] PHP Warning:  Undefined array key "c_sidebar" in C:\xampp\htdocs\ativisoft_1_0\marcial_1_0\partials\_sidebar.php on line 135
[26-Jul-2026 15:21:08 America/Sao_Paulo] PHP Warning:  Undefined array key "c_sidebar" in C:\xampp\htdocs\ativisoft_1_0\marcial_1_0\partials\_sidebar.php on line 206
[26-Jul-2026 15:21:08 America/Sao_Paulo] PHP Warning:  Undefined array key "c_sidebar" in C:\xampp\htdocs\ativisoft_1_0\marcial_1_0\partials\_sidebar.php on line 207
[26-Jul-2026 15:21:08 America/Sao_Paulo] PHP Warning:  Undefined array key "c_sidebar" in C:\xampp\htdocs\ativisoft_1_0\marcial_1_0\partials\_sidebar.php on line 208
[26-Jul-2026 15:21:08 America/Sao_Paulo] PHP Warning:  Undefined array key "c_sidebar" in C:\xampp\htdocs\ativisoft_1_0\marcial_1_0\partials\_sidebar.php on line 214
[26-Jul-2026 15:21:08 America/Sao_Paulo] PHP Warning:  Undefined array key "c_sidebar" in C:\xampp\htdocs\ativisoft_1_0\marcial_1_0\partials\_sidebar.php on line 215
[26-Jul-2026 15:21:08 America/Sao_Paulo] PHP Warning:  Undefined array key "c_sidebar" in C:\xampp\htdocs\ativisoft_1_0\marcial_1_0\partials\_sidebar.php on line 216
[26-Jul-2026 15:21:08 America/Sao_Paulo] PHP Warning:  Undefined array key "c_sidebar" in C:\xampp\htdocs\ativisoft_1_0\marcial_1_0\partials\_sidebar.php on line 219
[26-Jul-2026 15:21:08 America/Sao_Paulo] PHP Warning:  Undefined array key "c_sidebar" in C:\xampp\htdocs\ativisoft_1_0\marcial_1_0\partials\_sidebar.php on line 220
[26-Jul-2026 15:21:08 America/Sao_Paulo] PHP Warning:  Undefined array key "c_sidebar" in C:\xampp\htdocs\ativisoft_1_0\marcial_1_0\partials\_sidebar.php on line 221
[26-Jul-2026 15:21:08 America/Sao_Paulo] PHP Warning:  Undefined array key "c_sidebar" in C:\xampp\htdocs\ativisoft_1_0\marcial_1_0\partials\_sidebar.php on line 234
[26-Jul-2026 15:21:08 America/Sao_Paulo] PHP Warning:  Undefined array key "c_sidebar" in C:\xampp\htdocs\ativisoft_1_0\marcial_1_0\partials\_sidebar.php on line 235
[26-Jul-2026 15:21:08 America/Sao_Paulo] PHP Warning:  Undefined array key "c_sidebar" in C:\xampp\htdocs\ativisoft_1_0\marcial_1_0\partials\_sidebar.php on line 236
[26-Jul-2026 15:21:08 America/Sao_Paulo] PHP Warning:  Undefined array key "c_sidebar" in C:\xampp\htdocs\ativisoft_1_0\marcial_1_0\partials\_sidebar.php on line 245
[26-Jul-2026 15:21:08 America/Sao_Paulo] PHP Warning:  Undefined array key "c_sidebar" in C:\xampp\htdocs\ativisoft_1_0\marcial_1_0\partials\_sidebar.php on line 259
[26-Jul-2026 15:21:08 America/Sao_Paulo] PHP Warning:  Undefined array key "c_sidebar" in C:\xampp\htdocs\ativisoft_1_0\marcial_1_0\partials\_sidebar.php on line 260
[26-Jul-2026 15:21:08 America/Sao_Paulo] PHP Warning:  Undefined array key "c_sidebar" in C:\xampp\htdocs\ativisoft_1_0\marcial_1_0\partials\_sidebar.php on line 261
[26-Jul-2026 15:21:08 America/Sao_Paulo] PHP Warning:  Undefined array key "c_sidebar" in C:\xampp\htdocs\ativisoft_1_0\marcial_1_0\partials\_sidebar.php on line 266
[26-Jul-2026 15:21:08 America/Sao_Paulo] PHP Warning:  Undefined array key "c_sidebar" in C:\xampp\htdocs\ativisoft_1_0\marcial_1_0\partials\_sidebar.php on line 271
[26-Jul-2026 15:21:08 America/Sao_Paulo] PHP Warning:  Undefined array key "c_sidebar" in C:\xampp\htdocs\ativisoft_1_0\marcial_1_0\partials\_sidebar.php on line 272
[26-Jul-2026 15:21:08 America/Sao_Paulo] PHP Warning:  Undefined array key "c_sidebar" in C:\xampp\htdocs\ativisoft_1_0\marcial_1_0\partials\_sidebar.php on line 273
[26-Jul-2026 15:21:08 America/Sao_Paulo] PHP Warning:  Undefined array key "c_sidebar" in C:\xampp\htdocs\ativisoft_1_0\marcial_1_0\partials\_sidebar.php on line 285
[26-Jul-2026 15:21:08 America/Sao_Paulo] PHP Warning:  Undefined array key "c_sidebar" in C:\xampp\htdocs\ativisoft_1_0\marcial_1_0\partials\_sidebar.php on line 285
[26-Jul-2026 15:21:08 America/Sao_Paulo] PHP Warning:  Undefined array key "c_sidebar" in C:\xampp\htdocs\ativisoft_1_0\marcial_1_0\partials\_sidebar.php on line 286
[26-Jul-2026 15:21:31 America/Sao_Paulo] PHP Warning:  Undefined array key "c_sidebar" in C:\xampp\htdocs\ativisoft_1_0\marcial_1_0\partials\_sidebar.php on line 135
[26-Jul-2026 15:21:31 America/Sao_Paulo] PHP Warning:  Undefined array key "c_sidebar" in C:\xampp\htdocs\ativisoft_1_0\marcial_1_0\partials\_sidebar.php on line 206
[26-Jul-2026 15:21:31 America/Sao_Paulo] PHP Warning:  Undefined array key "c_sidebar" in C:\xampp\htdocs\ativisoft_1_0\marcial_1_0\partials\_sidebar.php on line 207
[26-Jul-2026 15:21:31 America/Sao_Paulo] PHP Warning:  Undefined array key "c_sidebar" in C:\xampp\htdocs\ativisoft_1_0\marcial_1_0\partials\_sidebar.php on line 208
[26-Jul-2026 15:21:31 America/Sao_Paulo] PHP Warning:  Undefined array key "c_sidebar" in C:\xampp\htdocs\ativisoft_1_0\marcial_1_0\partials\_sidebar.php on line 214
[26-Jul-2026 15:21:31 America/Sao_Paulo] PHP Warning:  Undefined array key "c_sidebar" in C:\xampp\htdocs\ativisoft_1_0\marcial_1_0\partials\_sidebar.php on line 215
[26-Jul-2026 15:21:31 America/Sao_Paulo] PHP Warning:  Undefined array key "c_sidebar" in C:\xampp\htdocs\ativisoft_1_0\marcial_1_0\partials\_sidebar.php on line 216
[26-Jul-2026 15:21:31 America/Sao_Paulo] PHP Warning:  Undefined array key "c_sidebar" in C:\xampp\htdocs\ativisoft_1_0\marcial_1_0\partials\_sidebar.php on line 219
[26-Jul-2026 15:21:31 America/Sao_Paulo] PHP Warning:  Undefined array key "c_sidebar" in C:\xampp\htdocs\ativisoft_1_0\marcial_1_0\partials\_sidebar.php on line 220
[26-Jul-2026 15:21:31 America/Sao_Paulo] PHP Warning:  Undefined array key "c_sidebar" in C:\xampp\htdocs\ativisoft_1_0\marcial_1_0\partials\_sidebar.php on line 221
[26-Jul-2026 15:21:31 America/Sao_Paulo] PHP Warning:  Undefined array key "c_sidebar" in C:\xampp\htdocs\ativisoft_1_0\marcial_1_0\partials\_sidebar.php on line 234
[26-Jul-2026 15:21:31 America/Sao_Paulo] PHP Warning:  Undefined array key "c_sidebar" in C:\xampp\htdocs\ativisoft_1_0\marcial_1_0\partials\_sidebar.php on line 235
[26-Jul-2026 15:21:31 America/Sao_Paulo] PHP Warning:  Undefined array key "c_sidebar" in C:\xampp\htdocs\ativisoft_1_0\marcial_1_0\partials\_sidebar.php on line 236
[26-Jul-2026 15:21:31 America/Sao_Paulo] PHP Warning:  Undefined array key "c_sidebar" in C:\xampp\htdocs\ativisoft_1_0\marcial_1_0\partials\_sidebar.php on line 245
[26-Jul-2026 15:21:31 America/Sao_Paulo] PHP Warning:  Undefined array key "c_sidebar" in C:\xampp\htdocs\ativisoft_1_0\marcial_1_0\partials\_sidebar.php on line 259
[26-Jul-2026 15:21:31 America/Sao_Paulo] PHP Warning:  Undefined array key "c_sidebar" in C:\xampp\htdocs\ativisoft_1_0\marcial_1_0\partials\_sidebar.php on line 260
[26-Jul-2026 15:21:31 America/Sao_Paulo] PHP Warning:  Undefined array key "c_sidebar" in C:\xampp\htdocs\ativisoft_1_0\marcial_1_0\partials\_sidebar.php on line 261
[26-Jul-2026 15:21:31 America/Sao_Paulo] PHP Warning:  Undefined array key "c_sidebar" in C:\xampp\htdocs\ativisoft_1_0\marcial_1_0\partials\_sidebar.php on line 266
[26-Jul-2026 15:21:31 America/Sao_Paulo] PHP Warning:  Undefined array key "c_sidebar" in C:\xampp\htdocs\ativisoft_1_0\marcial_1_0\partials\_sidebar.php on line 271
[26-Jul-2026 15:21:31 America/Sao_Paulo] PHP Warning:  Undefined array key "c_sidebar" in C:\xampp\htdocs\ativisoft_1_0\marcial_1_0\partials\_sidebar.php on line 272
[26-Jul-2026 15:21:31 America/Sao_Paulo] PHP Warning:  Undefined array key "c_sidebar" in C:\xampp\htdocs\ativisoft_1_0\marcial_1_0\partials\_sidebar.php on line 273
[26-Jul-2026 15:21:31 America/Sao_Paulo] PHP Warning:  Undefined array key "c_sidebar" in C:\xampp\htdocs\ativisoft_1_0\marcial_1_0\partials\_sidebar.php on line 285
[26-Jul-2026 15:21:31 America/Sao_Paulo] PHP Warning:  Undefined array key "c_sidebar" in C:\xampp\htdocs\ativisoft_1_0\marcial_1_0\partials\_sidebar.php on line 285
[26-Jul-2026 15:21:31 America/Sao_Paulo] PHP Warning:  Undefined array key "c_sidebar" in C:\xampp\htdocs\ativisoft_1_0\marcial_1_0\partials\_sidebar.php on line 286
[26-Jul-2026 15:25:14 America/Sao_Paulo] PHP Warning:  Undefined array key "c_sidebar" in C:\xampp\htdocs\ativisoft_1_0\marcial_1_0\partials\_sidebar.php on line 135
[26-Jul-2026 15:25:14 America/Sao_Paulo] PHP Warning:  Undefined array key "c_sidebar" in C:\xampp\htdocs\ativisoft_1_0\marcial_1_0\partials\_sidebar.php on line 206
[26-Jul-2026 15:25:14 America/Sao_Paulo] PHP Warning:  Undefined array key "c_sidebar" in C:\xampp\htdocs\ativisoft_1_0\marcial_1_0\partials\_sidebar.php on line 207
[26-Jul-2026 15:25:14 America/Sao_Paulo] PHP Warning:  Undefined array key "c_sidebar" in C:\xampp\htdocs\ativisoft_1_0\marcial_1_0\partials\_sidebar.php on line 208
[26-Jul-2026 15:25:14 America/Sao_Paulo] PHP Warning:  Undefined array key "c_sidebar" in C:\xampp\htdocs\ativisoft_1_0\marcial_1_0\partials\_sidebar.php on line 214
[26-Jul-2026 15:25:14 America/Sao_Paulo] PHP Warning:  Undefined array key "c_sidebar" in C:\xampp\htdocs\ativisoft_1_0\marcial_1_0\partials\_sidebar.php on line 215
[26-Jul-2026 15:25:14 America/Sao_Paulo] PHP Warning:  Undefined array key "c_sidebar" in C:\xampp\htdocs\ativisoft_1_0\marcial_1_0\partials\_sidebar.php on line 216
[26-Jul-2026 15:25:14 America/Sao_Paulo] PHP Warning:  Undefined array key "c_sidebar" in C:\xampp\htdocs\ativisoft_1_0\marcial_1_0\partials\_sidebar.php on line 219
[26-Jul-2026 15:25:14 America/Sao_Paulo] PHP Warning:  Undefined array key "c_sidebar" in C:\xampp\htdocs\ativisoft_1_0\marcial_1_0\partials\_sidebar.php on line 220
[26-Jul-2026 15:25:14 America/Sao_Paulo] PHP Warning:  Undefined array key "c_sidebar" in C:\xampp\htdocs\ativisoft_1_0\marcial_1_0\partials\_sidebar.php on line 221
[26-Jul-2026 15:25:14 America/Sao_Paulo] PHP Warning:  Undefined array key "c_sidebar" in C:\xampp\htdocs\ativisoft_1_0\marcial_1_0\partials\_sidebar.php on line 234
[26-Jul-2026 15:25:14 America/Sao_Paulo] PHP Warning:  Undefined array key "c_sidebar" in C:\xampp\htdocs\ativisoft_1_0\marcial_1_0\partials\_sidebar.php on line 235
[26-Jul-2026 15:25:14 America/Sao_Paulo] PHP Warning:  Undefined array key "c_sidebar" in C:\xampp\htdocs\ativisoft_1_0\marcial_1_0\partials\_sidebar.php on line 236
[26-Jul-2026 15:25:14 America/Sao_Paulo] PHP Warning:  Undefined array key "c_sidebar" in C:\xampp\htdocs\ativisoft_1_0\marcial_1_0\partials\_sidebar.php on line 245
[26-Jul-2026 15:25:14 America/Sao_Paulo] PHP Warning:  Undefined array key "c_sidebar" in C:\xampp\htdocs\ativisoft_1_0\marcial_1_0\partials\_sidebar.php on line 259
[26-Jul-2026 15:25:14 America/Sao_Paulo] PHP Warning:  Undefined array key "c_sidebar" in C:\xampp\htdocs\ativisoft_1_0\marcial_1_0\partials\_sidebar.php on line 260
[26-Jul-2026 15:25:14 America/Sao_Paulo] PHP Warning:  Undefined array key "c_sidebar" in C:\xampp\htdocs\ativisoft_1_0\marcial_1_0\partials\_sidebar.php on line 261
[26-Jul-2026 15:25:14 America/Sao_Paulo] PHP Warning:  Undefined array key "c_sidebar" in C:\xampp\htdocs\ativisoft_1_0\marcial_1_0\partials\_sidebar.php on line 266
[26-Jul-2026 15:25:14 America/Sao_Paulo] PHP Warning:  Undefined array key "c_sidebar" in C:\xampp\htdocs\ativisoft_1_0\marcial_1_0\partials\_sidebar.php on line 271
[26-Jul-2026 15:25:14 America/Sao_Paulo] PHP Warning:  Undefined array key "c_sidebar" in C:\xampp\htdocs\ativisoft_1_0\marcial_1_0\partials\_sidebar.php on line 272
[26-Jul-2026 15:25:14 America/Sao_Paulo] PHP Warning:  Undefined array key "c_sidebar" in C:\xampp\htdocs\ativisoft_1_0\marcial_1_0\partials\_sidebar.php on line 273
[26-Jul-2026 15:25:14 America/Sao_Paulo] PHP Warning:  Undefined array key "c_sidebar" in C:\xampp\htdocs\ativisoft_1_0\marcial_1_0\partials\_sidebar.php on line 285
[26-Jul-2026 15:25:14 America/Sao_Paulo] PHP Warning:  Undefined array key "c_sidebar" in C:\xampp\htdocs\ativisoft_1_0\marcial_1_0\partials\_sidebar.php on line 285
[26-Jul-2026 15:25:14 America/Sao_Paulo] PHP Warning:  Undefined array key "c_sidebar" in C:\xampp\htdocs\ativisoft_1_0\marcial_1_0\partials\_sidebar.php on line 286
[26-Jul-2026 15:25:48 America/Sao_Paulo] PHP Warning:  Undefined array key "c_sidebar" in C:\xampp\htdocs\ativisoft_1_0\marcial_1_0\partials\_sidebar.php on line 135
[26-Jul-2026 15:25:48 America/Sao_Paulo] PHP Warning:  Undefined array key "c_sidebar" in C:\xampp\htdocs\ativisoft_1_0\marcial_1_0\partials\_sidebar.php on line 206
[26-Jul-2026 15:25:48 America/Sao_Paulo] PHP Warning:  Undefined array key "c_sidebar" in C:\xampp\htdocs\ativisoft_1_0\marcial_1_0\partials\_sidebar.php on line 207
[26-Jul-2026 15:25:48 America/Sao_Paulo] PHP Warning:  Undefined array key "c_sidebar" in C:\xampp\htdocs\ativisoft_1_0\marcial_1_0\partials\_sidebar.php on line 208
[26-Jul-2026 15:25:48 America/Sao_Paulo] PHP Warning:  Undefined array key "c_sidebar" in C:\xampp\htdocs\ativisoft_1_0\marcial_1_0\partials\_sidebar.php on line 214
[26-Jul-2026 15:25:48 America/Sao_Paulo] PHP Warning:  Undefined array key "c_sidebar" in C:\xampp\htdocs\ativisoft_1_0\marcial_1_0\partials\_sidebar.php on line 215
[26-Jul-2026 15:25:48 America/Sao_Paulo] PHP Warning:  Undefined array key "c_sidebar" in C:\xampp\htdocs\ativisoft_1_0\marcial_1_0\partials\_sidebar.php on line 216
[26-Jul-2026 15:25:48 America/Sao_Paulo] PHP Warning:  Undefined array key "c_sidebar" in C:\xampp\htdocs\ativisoft_1_0\marcial_1_0\partials\_sidebar.php on line 219
[26-Jul-2026 15:25:48 America/Sao_Paulo] PHP Warning:  Undefined array key "c_sidebar" in C:\xampp\htdocs\ativisoft_1_0\marcial_1_0\partials\_sidebar.php on line 220
[26-Jul-2026 15:25:48 America/Sao_Paulo] PHP Warning:  Undefined array key "c_sidebar" in C:\xampp\htdocs\ativisoft_1_0\marcial_1_0\partials\_sidebar.php on line 221
[26-Jul-2026 15:25:48 America/Sao_Paulo] PHP Warning:  Undefined array key "c_sidebar" in C:\xampp\htdocs\ativisoft_1_0\marcial_1_0\partials\_sidebar.php on line 234
[26-Jul-2026 15:25:48 America/Sao_Paulo] PHP Warning:  Undefined array key "c_sidebar" in C:\xampp\htdocs\ativisoft_1_0\marcial_1_0\partials\_sidebar.php on line 235
[26-Jul-2026 15:25:48 America/Sao_Paulo] PHP Warning:  Undefined array key "c_sidebar" in C:\xampp\htdocs\ativisoft_1_0\marcial_1_0\partials\_sidebar.php on line 236
[26-Jul-2026 15:25:48 America/Sao_Paulo] PHP Warning:  Undefined array key "c_sidebar" in C:\xampp\htdocs\ativisoft_1_0\marcial_1_0\partials\_sidebar.php on line 245
[26-Jul-2026 15:25:48 America/Sao_Paulo] PHP Warning:  Undefined array key "c_sidebar" in C:\xampp\htdocs\ativisoft_1_0\marcial_1_0\partials\_sidebar.php on line 259
[26-Jul-2026 15:25:48 America/Sao_Paulo] PHP Warning:  Undefined array key "c_sidebar" in C:\xampp\htdocs\ativisoft_1_0\marcial_1_0\partials\_sidebar.php on line 260
[26-Jul-2026 15:25:48 America/Sao_Paulo] PHP Warning:  Undefined array key "c_sidebar" in C:\xampp\htdocs\ativisoft_1_0\marcial_1_0\partials\_sidebar.php on line 261
[26-Jul-2026 15:25:48 America/Sao_Paulo] PHP Warning:  Undefined array key "c_sidebar" in C:\xampp\htdocs\ativisoft_1_0\marcial_1_0\partials\_sidebar.php on line 266
[26-Jul-2026 15:25:48 America/Sao_Paulo] PHP Warning:  Undefined array key "c_sidebar" in C:\xampp\htdocs\ativisoft_1_0\marcial_1_0\partials\_sidebar.php on line 271
[26-Jul-2026 15:25:48 America/Sao_Paulo] PHP Warning:  Undefined array key "c_sidebar" in C:\xampp\htdocs\ativisoft_1_0\marcial_1_0\partials\_sidebar.php on line 272
[26-Jul-2026 15:25:48 America/Sao_Paulo] PHP Warning:  Undefined array key "c_sidebar" in C:\xampp\htdocs\ativisoft_1_0\marcial_1_0\partials\_sidebar.php on line 273
[26-Jul-2026 15:25:48 America/Sao_Paulo] PHP Warning:  Undefined array key "c_sidebar" in C:\xampp\htdocs\ativisoft_1_0\marcial_1_0\partials\_sidebar.php on line 285
[26-Jul-2026 15:25:48 America/Sao_Paulo] PHP Warning:  Undefined array key "c_sidebar" in C:\xampp\htdocs\ativisoft_1_0\marcial_1_0\partials\_sidebar.php on line 285
[26-Jul-2026 15:25:48 America/Sao_Paulo] PHP Warning:  Undefined array key "c_sidebar" in C:\xampp\htdocs\ativisoft_1_0\marcial_1_0\partials\_sidebar.php on line 286
[26-Jul-2026 15:26:23 America/Sao_Paulo] PHP Warning:  Undefined array key "c_sidebar" in C:\xampp\htdocs\ativisoft_1_0\marcial_1_0\partials\_sidebar.php on line 135
[26-Jul-2026 15:26:23 America/Sao_Paulo] PHP Warning:  Undefined array key "c_sidebar" in C:\xampp\htdocs\ativisoft_1_0\marcial_1_0\partials\_sidebar.php on line 206
[26-Jul-2026 15:26:23 America/Sao_Paulo] PHP Warning:  Undefined array key "c_sidebar" in C:\xampp\htdocs\ativisoft_1_0\marcial_1_0\partials\_sidebar.php on line 207
[26-Jul-2026 15:26:23 America/Sao_Paulo] PHP Warning:  Undefined array key "c_sidebar" in C:\xampp\htdocs\ativisoft_1_0\marcial_1_0\partials\_sidebar.php on line 208
[26-Jul-2026 15:26:23 America/Sao_Paulo] PHP Warning:  Undefined array key "c_sidebar" in C:\xampp\htdocs\ativisoft_1_0\marcial_1_0\partials\_sidebar.php on line 214
[26-Jul-2026 15:26:23 America/Sao_Paulo] PHP Warning:  Undefined array key "c_sidebar" in C:\xampp\htdocs\ativisoft_1_0\marcial_1_0\partials\_sidebar.php on line 215
[26-Jul-2026 15:26:23 America/Sao_Paulo] PHP Warning:  Undefined array key "c_sidebar" in C:\xampp\htdocs\ativisoft_1_0\marcial_1_0\partials\_sidebar.php on line 216
[26-Jul-2026 15:26:23 America/Sao_Paulo] PHP Warning:  Undefined array key "c_sidebar" in C:\xampp\htdocs\ativisoft_1_0\marcial_1_0\partials\_sidebar.php on line 219
[26-Jul-2026 15:26:23 America/Sao_Paulo] PHP Warning:  Undefined array key "c_sidebar" in C:\xampp\htdocs\ativisoft_1_0\marcial_1_0\partials\_sidebar.php on line 220
[26-Jul-2026 15:26:23 America/Sao_Paulo] PHP Warning:  Undefined array key "c_sidebar" in C:\xampp\htdocs\ativisoft_1_0\marcial_1_0\partials\_sidebar.php on line 221
[26-Jul-2026 15:26:23 America/Sao_Paulo] PHP Warning:  Undefined array key "c_sidebar" in C:\xampp\htdocs\ativisoft_1_0\marcial_1_0\partials\_sidebar.php on line 234
[26-Jul-2026 15:26:23 America/Sao_Paulo] PHP Warning:  Undefined array key "c_sidebar" in C:\xampp\htdocs\ativisoft_1_0\marcial_1_0\partials\_sidebar.php on line 235
[26-Jul-2026 15:26:23 America/Sao_Paulo] PHP Warning:  Undefined array key "c_sidebar" in C:\xampp\htdocs\ativisoft_1_0\marcial_1_0\partials\_sidebar.php on line 236
[26-Jul-2026 15:26:23 America/Sao_Paulo] PHP Warning:  Undefined array key "c_sidebar" in C:\xampp\htdocs\ativisoft_1_0\marcial_1_0\partials\_sidebar.php on line 245
[26-Jul-2026 15:26:23 America/Sao_Paulo] PHP Warning:  Undefined array key "c_sidebar" in C:\xampp\htdocs\ativisoft_1_0\marcial_1_0\partials\_sidebar.php on line 259
[26-Jul-2026 15:26:23 America/Sao_Paulo] PHP Warning:  Undefined array key "c_sidebar" in C:\xampp\htdocs\ativisoft_1_0\marcial_1_0\partials\_sidebar.php on line 260
[26-Jul-2026 15:26:23 America/Sao_Paulo] PHP Warning:  Undefined array key "c_sidebar" in C:\xampp\htdocs\ativisoft_1_0\marcial_1_0\partials\_sidebar.php on line 261
[26-Jul-2026 15:26:23 America/Sao_Paulo] PHP Warning:  Undefined array key "c_sidebar" in C:\xampp\htdocs\ativisoft_1_0\marcial_1_0\partials\_sidebar.php on line 266
[26-Jul-2026 15:26:23 America/Sao_Paulo] PHP Warning:  Undefined array key "c_sidebar" in C:\xampp\htdocs\ativisoft_1_0\marcial_1_0\partials\_sidebar.php on line 271
[26-Jul-2026 15:26:23 America/Sao_Paulo] PHP Warning:  Undefined array key "c_sidebar" in C:\xampp\htdocs\ativisoft_1_0\marcial_1_0\partials\_sidebar.php on line 272
[26-Jul-2026 15:26:23 America/Sao_Paulo] PHP Warning:  Undefined array key "c_sidebar" in C:\xampp\htdocs\ativisoft_1_0\marcial_1_0\partials\_sidebar.php on line 273
[26-Jul-2026 15:26:23 America/Sao_Paulo] PHP Warning:  Undefined array key "c_sidebar" in C:\xampp\htdocs\ativisoft_1_0\marcial_1_0\partials\_sidebar.php on line 285
[26-Jul-2026 15:26:23 America/Sao_Paulo] PHP Warning:  Undefined array key "c_sidebar" in C:\xampp\htdocs\ativisoft_1_0\marcial_1_0\partials\_sidebar.php on line 285
[26-Jul-2026 15:26:23 America/Sao_Paulo] PHP Warning:  Undefined array key "c_sidebar" in C:\xampp\htdocs\ativisoft_1_0\marcial_1_0\partials\_sidebar.php on line 286
[26-Jul-2026 15:27:53 America/Sao_Paulo] PHP Warning:  Undefined array key "c_sidebar" in C:\xampp\htdocs\ativisoft_1_0\marcial_1_0\partials\_sidebar.php on line 135
[26-Jul-2026 15:27:53 America/Sao_Paulo] PHP Warning:  Undefined array key "c_sidebar" in C:\xampp\htdocs\ativisoft_1_0\marcial_1_0\partials\_sidebar.php on line 206
[26-Jul-2026 15:27:53 America/Sao_Paulo] PHP Warning:  Undefined array key "c_sidebar" in C:\xampp\htdocs\ativisoft_1_0\marcial_1_0\partials\_sidebar.php on line 207
[26-Jul-2026 15:27:53 America/Sao_Paulo] PHP Warning:  Undefined array key "c_sidebar" in C:\xampp\htdocs\ativisoft_1_0\marcial_1_0\partials\_sidebar.php on line 208
[26-Jul-2026 15:27:53 America/Sao_Paulo] PHP Warning:  Undefined array key "c_sidebar" in C:\xampp\htdocs\ativisoft_1_0\marcial_1_0\partials\_sidebar.php on line 214
[26-Jul-2026 15:27:53 America/Sao_Paulo] PHP Warning:  Undefined array key "c_sidebar" in C:\xampp\htdocs\ativisoft_1_0\marcial_1_0\partials\_sidebar.php on line 215
[26-Jul-2026 15:27:53 America/Sao_Paulo] PHP Warning:  Undefined array key "c_sidebar" in C:\xampp\htdocs\ativisoft_1_0\marcial_1_0\partials\_sidebar.php on line 216
[26-Jul-2026 15:27:53 America/Sao_Paulo] PHP Warning:  Undefined array key "c_sidebar" in C:\xampp\htdocs\ativisoft_1_0\marcial_1_0\partials\_sidebar.php on line 219
[26-Jul-2026 15:27:53 America/Sao_Paulo] PHP Warning:  Undefined array key "c_sidebar" in C:\xampp\htdocs\ativisoft_1_0\marcial_1_0\partials\_sidebar.php on line 220
[26-Jul-2026 15:27:53 America/Sao_Paulo] PHP Warning:  Undefined array key "c_sidebar" in C:\xampp\htdocs\ativisoft_1_0\marcial_1_0\partials\_sidebar.php on line 221
[26-Jul-2026 15:27:53 America/Sao_Paulo] PHP Warning:  Undefined array key "c_sidebar" in C:\xampp\htdocs\ativisoft_1_0\marcial_1_0\partials\_sidebar.php on line 234
[26-Jul-2026 15:27:53 America/Sao_Paulo] PHP Warning:  Undefined array key "c_sidebar" in C:\xampp\htdocs\ativisoft_1_0\marcial_1_0\partials\_sidebar.php on line 235
[26-Jul-2026 15:27:53 America/Sao_Paulo] PHP Warning:  Undefined array key "c_sidebar" in C:\xampp\htdocs\ativisoft_1_0\marcial_1_0\partials\_sidebar.php on line 236
[26-Jul-2026 15:27:53 America/Sao_Paulo] PHP Warning:  Undefined array key "c_sidebar" in C:\xampp\htdocs\ativisoft_1_0\marcial_1_0\partials\_sidebar.php on line 245
[26-Jul-2026 15:27:53 America/Sao_Paulo] PHP Warning:  Undefined array key "c_sidebar" in C:\xampp\htdocs\ativisoft_1_0\marcial_1_0\partials\_sidebar.php on line 259
[26-Jul-2026 15:27:53 America/Sao_Paulo] PHP Warning:  Undefined array key "c_sidebar" in C:\xampp\htdocs\ativisoft_1_0\marcial_1_0\partials\_sidebar.php on line 260
[26-Jul-2026 15:27:53 America/Sao_Paulo] PHP Warning:  Undefined array key "c_sidebar" in C:\xampp\htdocs\ativisoft_1_0\marcial_1_0\partials\_sidebar.php on line 261
[26-Jul-2026 15:27:53 America/Sao_Paulo] PHP Warning:  Undefined array key "c_sidebar" in C:\xampp\htdocs\ativisoft_1_0\marcial_1_0\partials\_sidebar.php on line 266
[26-Jul-2026 15:27:53 America/Sao_Paulo] PHP Warning:  Undefined array key "c_sidebar" in C:\xampp\htdocs\ativisoft_1_0\marcial_1_0\partials\_sidebar.php on line 271
[26-Jul-2026 15:27:53 America/Sao_Paulo] PHP Warning:  Undefined array key "c_sidebar" in C:\xampp\htdocs\ativisoft_1_0\marcial_1_0\partials\_sidebar.php on line 272
[26-Jul-2026 15:27:53 America/Sao_Paulo] PHP Warning:  Undefined array key "c_sidebar" in C:\xampp\htdocs\ativisoft_1_0\marcial_1_0\partials\_sidebar.php on line 273
[26-Jul-2026 15:27:53 America/Sao_Paulo] PHP Warning:  Undefined array key "c_sidebar" in C:\xampp\htdocs\ativisoft_1_0\marcial_1_0\partials\_sidebar.php on line 285
[26-Jul-2026 15:27:53 America/Sao_Paulo] PHP Warning:  Undefined array key "c_sidebar" in C:\xampp\htdocs\ativisoft_1_0\marcial_1_0\partials\_sidebar.php on line 285
[26-Jul-2026 15:27:53 America/Sao_Paulo] PHP Warning:  Undefined array key "c_sidebar" in C:\xampp\htdocs\ativisoft_1_0\marcial_1_0\partials\_sidebar.php on line 286
